idCarta,nombreCarta,Imagen,Removal,Tempo Value,Good?,Control Value,textoCarta,costeCarta,baneada,numeroTesoro,valorAtaque,valorDefensa,porcentajeProbabilidad,flavorCarta,urlImagen,urlImagen1,urlImagen2,urlImagen3,urlImagen4,urlImagen5,urlImagen6,urlImagen7,urlImagen8,urlImagen9,urlImagen10,rulingCarta,expansion,tipo,tipo2,subtipo,subtipo2,subtipo3,subtipo4,rareza,,rareza,daños a la cara ,cuerpo,frenesí,guardián,envenenar ,interrumpir,mata una carta,curar,me descarta,predicción,roba carta,roba carta específica,perder vidas,evasión,ininterrumpible,vigía,aplastarme,aplasta,arrollar,realeza,ganar 5 vidas,acción rápida/sorpresivo,disipar,resguardo,crear ficha tesoro,hurto,descarta,muerte?,megalofobia?,daño electrico?,indestructible?,Estocada?,Invocacion,Sucubo y comandante,Veneno,flor,,,,,,,,,,,,
450,-¡APLASTARLOS A TODOS!-,,0/9,1.25,FALSE,,"Elige 2: -Destruye la unidad rival objetivo de resistencia 3 o menos. -La unidad objetivo gana Desafiante hasta el final del turno. -Destruye el arma o monumento rival objetivo. -La unidad objetivo gana +X/+0 hasta el final del turno, siendo X su fuerza.",3,FALSE,,,,,,https://i.postimg.cc/W4prWCtc/APLASTARLOS-A-TODOS-copia.webp,,,,,,,,,,,,"{'idExpansion': 6, 'nombreExpansion': 'ANCESTROS', 'fechaLanzamiento': '2024-11-19T03:36:06.000+00:00', 'visibilidad': True}","{'idTipo': 1, 'nombreTipo': 'ACCION'}",,"{'idSubTipo': 18, 'nombreSubTipo': 'GIGANTE'}",,"{'idSubTipo': 12, 'nombreSubTipo': 'RAPIDA'}",,"{'idRareza': 1, 'nombreRareza': 'PLATA'}",,"{'idRareza': 1, 'nombreRareza': 'PLATA'}",FALSE,FALSE,FALSE,FALSE,FALSE,FALSE,TRUE,FALSE,FALSE,FALSE,FALSE,,,FALSE,FALSE,FALSE,FALSE,FALSE,FALSE,FALSE,FALSE,FALSE,,FALSE,FALSE,FALSE,FALSE,TRUE,TRUE,TRUE,TRUE,TRUE,TRUE,TRUE,TRUE,TRUE,,,,,,,,,,,1,2
448,-AUN NO HE ESCUCHADO LA CAMPANA-,,0/9,0,TRUE,,Regresa las cartas de unidad de fuerza 4 o más de tu Descarte al campo.,9,FALSE,,,,,,https://i.postimg.cc/mkWgq1V1/AUN-NO-HE-ESCUCHADO-LAS-CAMPANAS-copia.webp,,,,,,,,,,,,"{'idExpansion': 6, 'nombreExpansion': 'ANCESTROS', 'fechaLanzamiento': '2024-11-19T03:36:06.000+00:00', 'visibilidad': True}","{'idTipo': 1, 'nombreTipo': 'ACCION'}",,"{'idSubTipo': 14, 'nombreSubTipo': 'COMUN'}","{'idSubTipo': 18, 'nombreSubTipo': 'GIGANTE'}",,,"{'idRareza': 1, 'nombreRareza': 'PLATA'}",,"{'idRareza': 1, 'nombreRareza': 'PLATA'}",FALSE,FALSE,FALSE,FALSE,FALSE,FALSE,FALSE,FALSE,FALSE,FALSE,FALSE,,,FALSE,FALSE,FALSE,FALSE,FALSE,FALSE,FALSE,FALSE,FALSE,,FALSE,FALSE,FALSE,FALSE,TRUE,TRUE,TRUE,TRUE,TRUE,TRUE,TRUE,TRUE,TRUE,,,,,,,,,,,2,3
449,-ESTE ES EL PROXIMO OBJETIVO-,,0/9,0,FALSE,,Elige hasta 2: -Destruye el arma objetivo. -Destruye el monumento objetivo. -Ganas 2 vidas.,3,FALSE,,,,,,https://i.postimg.cc/qvhWtDp0/ESTE-ES-EL-PROXIMO-OBJETIVO-copia.webp,,,,,,,,,,,,"{'idExpansion': 6, 'nombreExpansion': 'ANCESTROS', 'fechaLanzamiento': '2024-11-19T03:36:06.000+00:00', 'visibilidad': True}","{'idTipo': 1, 'nombreTipo': 'ACCION'}",,"{'idSubTipo': 14, 'nombreSubTipo': 'COMUN'}",,,,"{'idRareza': 2, 'nombreRareza': 'BRONCE'}",,"{'idRareza': 2, 'nombreRareza': 'BRONCE'}",FALSE,FALSE,FALSE,FALSE,FALSE,FALSE,FALSE,FALSE,FALSE,FALSE,FALSE,,,FALSE,FALSE,FALSE,FALSE,FALSE,FALSE,FALSE,FALSE,FALSE,,FALSE,FALSE,FALSE,FALSE,TRUE,TRUE,TRUE,TRUE,TRUE,TRUE,TRUE,TRUE,TRUE,,,,,,,,,,,3,4
394,ACECHANDO EL REINO,,0/9,1,FALSE,,Roba dos cartas.,4,FALSE,,,,,¿La investigación te ha preparado para este momento? ¿O acabarás con otra excusa de por qué no conseguiste lo que buscabas?,https://i.postimg.cc/FHp6091r/ACECHANDO-EL-REINO-copia.webp,,,,,,,,,,,,"{'idExpansion': 5, 'nombreExpansion': 'IMPERIO', 'fechaLanzamiento': '2024-07-04T19:48:17.000+00:00', 'visibilidad': True}","{'idTipo': 1, 'nombreTipo': 'ACCION'}",,,,"{'idSubTipo': 12, 'nombreSubTipo': 'RAPIDA'}",,"{'idRareza': 2, 'nombreRareza': 'BRONCE'}",,"{'idRareza': 2, 'nombreRareza': 'BRONCE'}",FALSE,FALSE,FALSE,FALSE,FALSE,FALSE,FALSE,FALSE,FALSE,FALSE,TRUE,,,FALSE,FALSE,FALSE,FALSE,FALSE,FALSE,FALSE,FALSE,FALSE,,FALSE,FALSE,FALSE,FALSE,TRUE,TRUE,TRUE,TRUE,TRUE,TRUE,TRUE,TRUE,TRUE,,,,,,,,,,,,
13,"ADNAN, ASESINO ELITE",,7/9,1,FALSE,,"Frenesí. Temible. Siempre que esta unidad ataque, gana +1/+0 por cada desertor que controlas hasta el final del turno.",3,FALSE,,2,4,,,https://i.postimg.cc/bYQWgdT6/ADNAN-ASESINO-ELITE.webp,https://i.postimg.cc/zfnc654W/Adnan-asesino-elite-copia-75.jpg,,,,,,,,,,"El efecto para ganar +1/+1 dispara cada vez que se declare como atacante, y puede ser cancelado.","{'idExpansion': 2, 'nombreExpansion': 'FUNDAMENTOS', 'fechaLanzamiento': '2024-05-26T04:08:58.000+00:00', 'visibilidad': True}","{'idTipo': 28, 'nombreTipo': 'UNIDAD'}",,"{'idSubTipo': 6, 'nombreSubTipo': 'DESERTOR'}",,,,"{'idRareza': 1, 'nombreRareza': 'PLATA'}",,"{'idRareza': 1, 'nombreRareza': 'PLATA'}",FALSE,TRUE,FALSE,FALSE,FALSE,FALSE,FALSE,FALSE,FALSE,FALSE,FALSE,,,FALSE,FALSE,FALSE,FALSE,FALSE,FALSE,FALSE,FALSE,FALSE,,FALSE,FALSE,FALSE,FALSE,TRUE,FALSE,FALSE,TRUE,FALSE,FALSE,FALSE,FALSE,FALSE,,,,,,,,,,,,
21,"AFMID, LA MANO DERECHA",,4/9,1,FALSE,,Frenesí. Aparición en juego: Hace 1 punto de daño por cada desertor que controlas a la unidad objetivo.,3,FALSE,,3,3,,,https://i.postimg.cc/rFjb6b7x/AFMID-LA-MANO-DERECHA.webp,https://i.postimg.cc/Y2YsbTvY/Mesa-de-trabajo-3-200x.png,,,,,,,,,,,"{'idExpansion': 2, 'nombreExpansion': 'FUNDAMENTOS', 'fechaLanzamiento': '2024-05-26T04:08:58.000+00:00', 'visibilidad': True}","{'idTipo': 28, 'nombreTipo': 'UNIDAD'}",,"{'idSubTipo': 6, 'nombreSubTipo': 'DESERTOR'}",,,,"{'idRareza': 1, 'nombreRareza': 'PLATA'}",,"{'idRareza': 1, 'nombreRareza': 'PLATA'}",FALSE,TRUE,FALSE,FALSE,FALSE,FALSE,FALSE,FALSE,FALSE,FALSE,FALSE,,,FALSE,FALSE,FALSE,FALSE,FALSE,FALSE,FALSE,FALSE,FALSE,,FALSE,FALSE,FALSE,FALSE,TRUE,TRUE,TRUE,TRUE,FALSE,FALSE,TRUE,FALSE,FALSE,,,,,,,,,,,,
307,"AFMID, LIDER ESTRATEGA",,5/9,0.5,FALSE,,"Frenesí. Aparición en juego: Por cada otra unidad alidada no ficha, crea una ficha de arma daga equipada a esa unidad.",5,FALSE,,5,3,,,https://i.postimg.cc/PxpFGYyJ/AFMID-LIDER-ESTRATEGA-copia.webp,,,,,,,,,,,,"{'idExpansion': 5, 'nombreExpansion': 'IMPERIO', 'fechaLanzamiento': '2024-07-04T19:48:17.000+00:00', 'visibilidad': True}","{'idTipo': 28, 'nombreTipo': 'UNIDAD'}",,"{'idSubTipo': 6, 'nombreSubTipo': 'DESERTOR'}",,"{'idSubTipo': 13, 'nombreSubTipo': 'REALEZA'}",,"{'idRareza': 3, 'nombreRareza': 'ORO'}",,"{'idRareza': 3, 'nombreRareza': 'ORO'}",FALSE,TRUE,FALSE,FALSE,FALSE,FALSE,FALSE,FALSE,FALSE,FALSE,FALSE,,,FALSE,FALSE,FALSE,FALSE,FALSE,FALSE,TRUE,FALSE,FALSE,,FALSE,FALSE,FALSE,FALSE,FALSE,TRUE,TRUE,TRUE,FALSE,FALSE,TRUE,FALSE,FALSE,,,,,,,,,,,,
57,AGUA EN EL DESIERTO,,0/9,1,TRUE,,El jugador objetivo gana 5 vidas.,1,FALSE,,,,,"Los ancianos de Hamrra siempre cuentan la historia de que, en alguna otra época, ríos mágicos cruzaban el desierto y daban vitalidad a quienes bebían sus aguas.",https://i.postimg.cc/xTGT96f7/AGUA-EN-EL-DESIERTO-copia.jpg,https://i.postimg.cc/1XPW2cHv/AGUA-EN-EL-DESIERTO.webp,https://i.postimg.cc/Ls5hQ4wJ/agua-en-el-desierto.webp,https://i.postimg.cc/VL4fyQjn/agua-foil.jpg,https://i.postimg.cc/yx49MCDC/Arte-alternativo-Agua-en-el-desierto.webp,https://i.postimg.cc/jdd5zdfs/Full-Art-Agua-en-el-desierto-copia.jpg,,,,,,,"{'idExpansion': 3, 'nombreExpansion': 'PACTO SECRETO', 'fechaLanzamiento': '2024-05-26T04:09:09.000+00:00', 'visibilidad': True}","{'idTipo': 1, 'nombreTipo': 'ACCION'}",,,,"{'idSubTipo': 12, 'nombreSubTipo': 'RAPIDA'}",,"{'idRareza': 2, 'nombreRareza': 'BRONCE'}",,"{'idRareza': 2, 'nombreRareza': 'BRONCE'}",FALSE,FALSE,FALSE,FALSE,FALSE,FALSE,FALSE,FALSE,FALSE,FALSE,FALSE,,,FALSE,FALSE,FALSE,FALSE,FALSE,FALSE,FALSE,TRUE,FALSE,,FALSE,FALSE,FALSE,FALSE,TRUE,TRUE,TRUE,TRUE,TRUE,TRUE,TRUE,TRUE,TRUE,,,,,,,,,,,,
451,AGUJERO ESPACIO TEMPORAL,,0/9,1,FALSE,,"Elige hasta 2: -Condena la carta objetivo de un Descarte. -Purga la carta objetivo de un Averno. -Roba una carta, luego descarta una carta.",3,FALSE,,,,,,https://i.postimg.cc/qRS377wp/AGUJERO-ESPACIO-TEMPORAL-copia.webp,,,,,,,,,,,,"{'idExpansion': 6, 'nombreExpansion': 'ANCESTROS', 'fechaLanzamiento': '2024-11-19T03:36:06.000+00:00', 'visibilidad': True}","{'idTipo': 1, 'nombreTipo': 'ACCION'}",,,,"{'idSubTipo': 12, 'nombreSubTipo': 'RAPIDA'}",,"{'idRareza': 2, 'nombreRareza': 'BRONCE'}",,"{'idRareza': 2, 'nombreRareza': 'BRONCE'}",FALSE,FALSE,FALSE,FALSE,FALSE,FALSE,FALSE,FALSE,FALSE,FALSE,TRUE,,,FALSE,FALSE,FALSE,FALSE,FALSE,FALSE,FALSE,FALSE,FALSE,,FALSE,FALSE,FALSE,FALSE,TRUE,TRUE,TRUE,TRUE,TRUE,TRUE,TRUE,TRUE,TRUE,,,,,,,,,,,,
452,"AHRIMAN, LINAJE BURLESCO",,7/9,0.75,FALSE,,Agrupar. Arrollar. Frenesí. 1 de oro: Se convierte en mimético hasta el final del turno. Activa solo una vez por turno.,3,FALSE,,0,4,,,https://i.postimg.cc/8Cyvq4rJ/AHRIMAN-LINAJE-BURLESCO-copia.webp,,,,,,,,,,,"Cuando se convierte en mimético, puede utilizarse con cualquier subtipo de unidad en su habilidad de Agrupar.","{'idExpansion': 6, 'nombreExpansion': 'ANCESTROS', 'fechaLanzamiento': '2024-11-19T03:36:06.000+00:00', 'visibilidad': True}","{'idTipo': 28, 'nombreTipo': 'UNIDAD'}",,"{'idSubTipo': 19, 'nombreSubTipo': 'ENANO'}",,"{'idSubTipo': 13, 'nombreSubTipo': 'REALEZA'}",,"{'idRareza': 1, 'nombreRareza': 'PLATA'}",,"{'idRareza': 1, 'nombreRareza': 'PLATA'}",FALSE,TRUE,FALSE,FALSE,FALSE,FALSE,FALSE,FALSE,FALSE,FALSE,FALSE,,,FALSE,FALSE,FALSE,FALSE,FALSE,TRUE,TRUE,FALSE,FALSE,,FALSE,FALSE,FALSE,FALSE,TRUE,FALSE,FALSE,TRUE,FALSE,FALSE,FALSE,FALSE,FALSE,,,,,,,,,,,,
419,"AIXA, DESERTORA DE LA CORONA",,8/9,4.75,TRUE,,"Aparición en juego: Lucha con la unidad rival objetivo. Derrotado: Si controlas siete o más tesoros, mezcla el resto de tu Descarte y tu mano en tu Reino. Roba tres cartas, luego pon esta carta en el tope.",4,FALSE,,5,4,,,https://i.postimg.cc/QMMybRWp/AIXA-DESERTORA-DE-LA-CORONA-copia.webp,https://i.postimg.cc/FF3SgFDK/ETHERNAL-AIXA-DESERTORA-DE-LA-CORONA.webp,https://i.postimg.cc/x1s0RMd3/AIXA-DESERTORA-DE-LA-CORONA-copia.webp,,,,,,,,,"Los tesoros que estén en nuestro descarte se mezclan en la Bóveda, recordando que nunca los tesoros pueden estar en nuestro Reino. Al indicar que debe ""mezclarse el resto de tu descarte"" significa que esta carta no se mezcla.","{'idExpansion': 5, 'nombreExpansion': 'IMPERIO', 'fechaLanzamiento': '2024-07-04T19:48:17.000+00:00', 'visibilidad': True}","{'idTipo': 28, 'nombreTipo': 'UNIDAD'}",,"{'idSubTipo': 6, 'nombreSubTipo': 'DESERTOR'}","{'idSubTipo': 2, 'nombreSubTipo': 'SOLDADO'}","{'idSubTipo': 13, 'nombreSubTipo': 'REALEZA'}",,"{'idRareza': 4, 'nombreRareza': 'DIAMANTE'}",,"{'idRareza': 4, 'nombreRareza': 'DIAMANTE'}",FALSE,TRUE,FALSE,FALSE,FALSE,FALSE,TRUE,FALSE,FALSE,FALSE,3,,,FALSE,FALSE,FALSE,FALSE,FALSE,FALSE,TRUE,FALSE,FALSE,,FALSE,FALSE,FALSE,FALSE,FALSE,FALSE,FALSE,TRUE,FALSE,FALSE,FALSE,FALSE,FALSE,,,,,,,,,,,,
29,"AIXA, LA GUERRERA",,4/9,1,FALSE,,Aparición en juego: Hasta tres unidades objetivo no pueden atacar ni bloquear hasta la próxima fase final de su controlador.,5,FALSE,,3,3,,,https://i.postimg.cc/VsBZMpfp/AIXA-LA-GUERRERA.webp,https://i.postimg.cc/zGWTcqx5/aixa-la-guerrera.jpg,https://i.postimg.cc/PxfZJYTr/Mesa-de-trabajo-4-200x.png,https://i.postimg.cc/xdJm0tCp/aixa.jpg,,,,,,,,,"{'idExpansion': 2, 'nombreExpansion': 'FUNDAMENTOS', 'fechaLanzamiento': '2024-05-26T04:08:58.000+00:00', 'visibilidad': True}","{'idTipo': 28, 'nombreTipo': 'UNIDAD'}",,"{'idSubTipo': 2, 'nombreSubTipo': 'SOLDADO'}",,,,"{'idRareza': 3, 'nombreRareza': 'ORO'}",,"{'idRareza': 3, 'nombreRareza': 'ORO'}",FALSE,TRUE,FALSE,FALSE,FALSE,FALSE,FALSE,FALSE,FALSE,FALSE,FALSE,,,FALSE,FALSE,FALSE,FALSE,FALSE,FALSE,FALSE,FALSE,FALSE,,FALSE,FALSE,FALSE,FALSE,TRUE,TRUE,TRUE,TRUE,FALSE,FALSE,TRUE,FALSE,FALSE,,,,,,,,,,,,
181,"AIXA, TRONO COMPARTIDO",,5/9,0.5,FALSE,,"Aparición en juego: Puedes pagar 1 oro. Si lo haces, mira las primeras cuatro cartas de tu Reino. Puedes poner una carta de desertor o monje en tu mano. Pon el resto en el fondo.",3,FALSE,,4,3,,,https://i.postimg.cc/mkg2LmZD/AIXA-TRONO-COMPARTIDO-COPIA.webp,https://i.postimg.cc/0yqzwRfM/aixa.webp,,,,,,,,,,"La carta puesta en tu mano puede ser de cualquier tipo (como unidad, monumento o acción) mientras tenga el subtipo  ""Desertor"" o ""Monje""","{'idExpansion': 4, 'nombreExpansion': 'TRONO COMPARTIDO', 'fechaLanzamiento': '2024-05-26T04:09:14.000+00:00', 'visibilidad': True}","{'idTipo': 28, 'nombreTipo': 'UNIDAD'}",,"{'idSubTipo': 2, 'nombreSubTipo': 'SOLDADO'}",,"{'idSubTipo': 13, 'nombreSubTipo': 'REALEZA'}",,"{'idRareza': 1, 'nombreRareza': 'PLATA'}",,"{'idRareza': 1, 'nombreRareza': 'PLATA'}",FALSE,TRUE,FALSE,FALSE,FALSE,FALSE,FALSE,FALSE,FALSE,FALSE,FALSE,,,FALSE,FALSE,FALSE,FALSE,FALSE,FALSE,TRUE,FALSE,FALSE,,FALSE,FALSE,FALSE,FALSE,FALSE,TRUE,TRUE,TRUE,FALSE,FALSE,TRUE,FALSE,FALSE,,,,,,,,,,,,
453,"ALDEBARAN, VIGILANTE DEL PASO",,8/9,2.5,TRUE,,"Desafiante. Dureza. Guardián. Resguardo: 2 de oro. Siempre que sobreviva a un combate, gana dos contadores +1/+1.",4,FALSE,,5,4,,,https://i.postimg.cc/V6dt1tj7/ALDEBARAN-VIGILANTE-DEL-PASO-copia.webp,,,,,,,,,,,Sobrevivir significa que haya combatido y siga vivo en la mesa. No necesariamente debe haber ganado el combate (ganar el combate es matar a la otra unidad con la cual combatió).,"{'idExpansion': 6, 'nombreExpansion': 'ANCESTROS', 'fechaLanzamiento': '2024-11-19T03:36:06.000+00:00', 'visibilidad': True}","{'idTipo': 28, 'nombreTipo': 'UNIDAD'}",,"{'idSubTipo': 18, 'nombreSubTipo': 'GIGANTE'}","{'idSubTipo': 2, 'nombreSubTipo': 'SOLDADO'}","{'idSubTipo': 13, 'nombreSubTipo': 'REALEZA'}",,"{'idRareza': 4, 'nombreRareza': 'DIAMANTE'}",,"{'idRareza': 4, 'nombreRareza': 'DIAMANTE'}",FALSE,TRUE,FALSE,TRUE,FALSE,FALSE,FALSE,FALSE,FALSE,FALSE,FALSE,,,FALSE,FALSE,FALSE,FALSE,FALSE,FALSE,TRUE,FALSE,FALSE,,TRUE,FALSE,FALSE,FALSE,FALSE,FALSE,FALSE,TRUE,FALSE,FALSE,FALSE,FALSE,FALSE,,,,,,,,,,,,
362,ALERTAR AL REY,,0/9,0,FALSE,,"Descarta una carta. Si lo haces, busca en tu Reino una carta de unidad realeza y ponla en tu mano.",3,FALSE,,,,,,https://i.postimg.cc/DzYYYBqR/ALERTAR-AL-REY-copia.webp,,,,,,,,,,,,"{'idExpansion': 5, 'nombreExpansion': 'IMPERIO', 'fechaLanzamiento': '2024-07-04T19:48:17.000+00:00', 'visibilidad': True}","{'idTipo': 1, 'nombreTipo': 'ACCION'}",,,"{'idSubTipo': 2, 'nombreSubTipo': 'SOLDADO'}","{'idSubTipo': 12, 'nombreSubTipo': 'RAPIDA'}",,"{'idRareza': 1, 'nombreRareza': 'PLATA'}",,"{'idRareza': 1, 'nombreRareza': 'PLATA'}",FALSE,FALSE,FALSE,FALSE,FALSE,FALSE,FALSE,FALSE,FALSE,FALSE,FALSE,,,FALSE,FALSE,FALSE,FALSE,FALSE,FALSE,FALSE,FALSE,FALSE,,FALSE,FALSE,FALSE,FALSE,TRUE,TRUE,TRUE,TRUE,TRUE,TRUE,TRUE,TRUE,TRUE,,,,,,,,,,,,
454,"ALFER, LINAJE FORJADOR",,0/9,0.5,TRUE,,"Aparición en juego: Los otros enanos aliados ganan un contador +1/+1. Siempre que otro enano aliado entre al campo, ""Alfer, linaje forjador"" gana un contador +1/+1.",2,FALSE,,1,1,,,https://i.postimg.cc/4ychHT2V/ALFER-LINAJE-FORJADOR-copia.webp,,,,,,,,,,,,"{'idExpansion': 6, 'nombreExpansion': 'ANCESTROS', 'fechaLanzamiento': '2024-11-19T03:36:06.000+00:00', 'visibilidad': True}","{'idTipo': 28, 'nombreTipo': 'UNIDAD'}",,"{'idSubTipo': 19, 'nombreSubTipo': 'ENANO'}",,"{'idSubTipo': 13, 'nombreSubTipo': 'REALEZA'}",,"{'idRareza': 4, 'nombreRareza': 'DIAMANTE'}",,"{'idRareza': 4, 'nombreRareza': 'DIAMANTE'}",FALSE,TRUE,FALSE,FALSE,FALSE,FALSE,FALSE,FALSE,FALSE,FALSE,FALSE,,,FALSE,FALSE,FALSE,FALSE,FALSE,FALSE,TRUE,FALSE,FALSE,,FALSE,FALSE,FALSE,FALSE,TRUE,TRUE,TRUE,TRUE,TRUE,TRUE,TRUE,TRUE,TRUE,,,,,,,,,,,,
455,ALIANZA O RIVALIDAD,,0/9,1,TRUE,,Agotar: Elige 1: -La unidad objetivo gana +1/+0 hasta el final del turno. -La unidad objetivo gana -1/-0 hasta el final del turno.,1,FALSE,1,1,1,,,https://i.postimg.cc/gcLhTvcj/ALIANZA-O-RIVALIDAD-copia.webp,,,,,,,,,,,,"{'idExpansion': 6, 'nombreExpansion': 'ANCESTROS', 'fechaLanzamiento': '2024-11-19T03:36:06.000+00:00', 'visibilidad': True}","{'idTipo': 6, 'nombreTipo': 'TESORO'}",,,,,,"{'idRareza': 1, 'nombreRareza': 'PLATA'}",,"{'idRareza': 1, 'nombreRareza': 'PLATA'}",FALSE,TRUE,FALSE,FALSE,FALSE,FALSE,FALSE,FALSE,FALSE,FALSE,FALSE,,,FALSE,FALSE,FALSE,FALSE,FALSE,FALSE,FALSE,FALSE,FALSE,,FALSE,FALSE,FALSE,FALSE,TRUE,TRUE,TRUE,TRUE,TRUE,TRUE,TRUE,TRUE,TRUE,,,,,,,,,,,,
456,ALMA RENOVADA,,1/9,1,TRUE,,"Siempre que entre al campo desde el Averno, gana Frenesí hasta el final del turno y dos contadores +1/+1. Derrotado: Pon un contador +1/+1 en el enano aliado objetivo.",1,FALSE,1,1,2,,,https://i.postimg.cc/wTKN873V/ALMA-RENOVADA-copia.webp,,,,,,,,,,,,"{'idExpansion': 6, 'nombreExpansion': 'ANCESTROS', 'fechaLanzamiento': '2024-11-19T03:36:06.000+00:00', 'visibilidad': True}","{'idTipo': 28, 'nombreTipo': 'UNIDAD'}",,"{'idSubTipo': 19, 'nombreSubTipo': 'ENANO'}",,,,"{'idRareza': 2, 'nombreRareza': 'BRONCE'}",,"{'idRareza': 2, 'nombreRareza': 'BRONCE'}",FALSE,TRUE,FALSE,FALSE,FALSE,FALSE,FALSE,FALSE,FALSE,FALSE,FALSE,,,FALSE,FALSE,FALSE,FALSE,FALSE,FALSE,FALSE,FALSE,FALSE,,FALSE,FALSE,FALSE,FALSE,TRUE,TRUE,TRUE,TRUE,TRUE,TRUE,TRUE,TRUE,FALSE,,,,,,,,,,,,
143,ALMIRANTE FREDERICK,,4/9,1,FALSE,,"Dureza. Al principio de tu fase de combate, puedes descartar una carta de soldado o pirata para que esta unidad gane un contador +1/+1. Luego cada oponente puede descartar una carta. Si no lo hacen, gana Frenesí hasta el final del turno.",4,FALSE,,3,3,,,https://i.postimg.cc/2S2kZ3B7/ALMIRANTE-FREDERICK-copia.jpg,https://i.postimg.cc/DZ1jxYqW/ALMIRANTE-FREDERICK.webp,,,,,,,,,,,"{'idExpansion': 3, 'nombreExpansion': 'PACTO SECRETO', 'fechaLanzamiento': '2024-05-26T04:09:09.000+00:00', 'visibilidad': True}","{'idTipo': 28, 'nombreTipo': 'UNIDAD'}",,"{'idSubTipo': 2, 'nombreSubTipo': 'SOLDADO'}","{'idSubTipo': 1, 'nombreSubTipo': 'PIRATA'}",,,"{'idRareza': 1, 'nombreRareza': 'PLATA'}",,"{'idRareza': 1, 'nombreRareza': 'PLATA'}",FALSE,TRUE,FALSE,FALSE,FALSE,FALSE,FALSE,FALSE,FALSE,FALSE,FALSE,,,FALSE,FALSE,FALSE,FALSE,FALSE,FALSE,FALSE,FALSE,FALSE,,FALSE,FALSE,FALSE,FALSE,TRUE,TRUE,TRUE,TRUE,FALSE,FALSE,TRUE,FALSE,FALSE,,,,,,,,,,,,
363,ALQUIMISTA DE TESOROS,,1/9,1,TRUE,,"Sorpresivo. Aparición en juego: Excavar Bóveda 2, luego puedes mostrar la primera carta de tu Bóveda.  Siempre que muestres por este efecto, intercambia ese tesoro por el tesoro aliado no agotado objetivo.",3,FALSE,,3,2,,,https://i.postimg.cc/nzySnrSk/ALQUIMISTA-DE-TESOROS-copia.webp,https://i.postimg.cc/Wzr3Y3yb/REGIONAL-ALQUIMISTA-copia.webp,,,,,,,,,,El tesoro intercambiado ingresa en la zona de la reserva.,"{'idExpansion': 5, 'nombreExpansion': 'IMPERIO', 'fechaLanzamiento': '2024-07-04T19:48:17.000+00:00', 'visibilidad': True}","{'idTipo': 28, 'nombreTipo': 'UNIDAD'}",,"{'idSubTipo': 7, 'nombreSubTipo': 'MAGO'}","{'idSubTipo': 1, 'nombreSubTipo': 'PIRATA'}",,,"{'idRareza': 3, 'nombreRareza': 'ORO'}",,"{'idRareza': 3, 'nombreRareza': 'ORO'}",FALSE,TRUE,FALSE,FALSE,FALSE,FALSE,FALSE,FALSE,FALSE,FALSE,FALSE,,,FALSE,FALSE,FALSE,FALSE,FALSE,FALSE,FALSE,FALSE,FALSE,,FALSE,FALSE,FALSE,FALSE,TRUE,TRUE,TRUE,TRUE,TRUE,TRUE,TRUE,TRUE,FALSE,,,,,,,,,,,,
182,ALTAR DE IRIS,,0/9,1.15,TRUE,,"Durante tu turno, si ganaste 3 o más vidas este turno, puedes erosionar para crear una ficha ángel 3/3 con Evasión. Erosión 2.",2,FALSE,,,,,,https://i.postimg.cc/mkpZt7hS/ALTAR-DE-IRIS-COPIA.webp,,,,,,,,,,,"Aunque hayas jugado el monumento posterior a ganar vidas, esas vidas ganadas durante el transcurso del turno cuentan para su activación. Al no tener tampoco una restricción de cuantas veces puede activarse, puede activarse las dos veces en el mismo turno.","{'idExpansion': 4, 'nombreExpansion': 'TRONO COMPARTIDO', 'fechaLanzamiento': '2024-05-26T04:09:14.000+00:00', 'visibilidad': True}","{'idTipo': 17, 'nombreTipo': 'MONUMENTO'}",,"{'idSubTipo': 17, 'nombreSubTipo': 'MONJE'}",,,,"{'idRareza': 3, 'nombreRareza': 'ORO'}",,"{'idRareza': 3, 'nombreRareza': 'ORO'}",FALSE,TRUE,FALSE,FALSE,FALSE,FALSE,FALSE,FALSE,FALSE,FALSE,FALSE,,,TRUE,FALSE,FALSE,FALSE,FALSE,FALSE,FALSE,FALSE,FALSE,,FALSE,FALSE,FALSE,FALSE,TRUE,TRUE,TRUE,TRUE,TRUE,TRUE,TRUE,TRUE,TRUE,,,,,,,,,,,,
183,ALUCA CONDENADORA,,7/9,2,TRUE,,"Aparición en juego: Puedes condenar hasta una otra unidad aliada objetivo. Si lo haces, Predicción 1, luego roba una carta. Siempre que una unidad aliada sea condenada, ganas 2 vidas.",3,FALSE,,3,4,,,https://i.postimg.cc/1Rv3C1MN/ALUCA-CONDENADORA-COPIA.webp,https://i.postimg.cc/N0sLd6ZQ/aluca-condenadora.webp,,,,,,,,,,"El segundo efecto, al decir ""unidad aliada"", hace referencia a una unidad que controlabamos y que estaba en el campo (caso contrario, diría ""carta de unidad"").","{'idExpansion': 4, 'nombreExpansion': 'TRONO COMPARTIDO', 'fechaLanzamiento': '2024-05-26T04:09:14.000+00:00', 'visibilidad': True}","{'idTipo': 28, 'nombreTipo': 'UNIDAD'}",,"{'idSubTipo': 15, 'nombreSubTipo': 'DEMONIO'}","{'idSubTipo': 5, 'nombreSubTipo': 'BRUJA'}",,,"{'idRareza': 3, 'nombreRareza': 'ORO'}",,"{'idRareza': 3, 'nombreRareza': 'ORO'}",FALSE,TRUE,FALSE,FALSE,FALSE,FALSE,FALSE,FALSE,FALSE,FALSE,TRUE,,,FALSE,FALSE,FALSE,FALSE,FALSE,FALSE,FALSE,FALSE,FALSE,,FALSE,FALSE,FALSE,FALSE,TRUE,FALSE,FALSE,TRUE,FALSE,FALSE,FALSE,FALSE,FALSE,,,,,,,,,,,,
353,ALUMNO DE LA DESTRUCCION,,0/9,1,TRUE,,Aparición en juego: Hace 4 daños a la unidad rival objetivo. Predicción 1.,2,FALSE,,1,1,,,https://i.postimg.cc/sx56xztR/ALUMNO-DE-LA-DESTRUCCION-copia.webp,,,,,,,,,,,,"{'idExpansion': 5, 'nombreExpansion': 'IMPERIO', 'fechaLanzamiento': '2024-07-04T19:48:17.000+00:00', 'visibilidad': True}","{'idTipo': 28, 'nombreTipo': 'UNIDAD'}",,"{'idSubTipo': 7, 'nombreSubTipo': 'MAGO'}",,,,"{'idRareza': 1, 'nombreRareza': 'PLATA'}",,"{'idRareza': 1, 'nombreRareza': 'PLATA'}",FALSE,TRUE,FALSE,FALSE,FALSE,FALSE,FALSE,FALSE,FALSE,FALSE,FALSE,,,FALSE,FALSE,FALSE,FALSE,FALSE,FALSE,FALSE,FALSE,FALSE,,FALSE,FALSE,FALSE,FALSE,TRUE,TRUE,TRUE,TRUE,TRUE,TRUE,TRUE,TRUE,TRUE,,,,,,,,,,,,
364,ALUMNO DE LA PROTECCION,,0/9,2.15,FALSE,,Evasión. Destruir: Interrumpe la orden de acción objetivo a menos que su controlador pague 1 de oro.,1,FALSE,,2,1,,,https://i.postimg.cc/xjmFtGqF/ALUMNO-DE-LA-PROTECCION-copia.webp,,,,,,,,,,,,"{'idExpansion': 5, 'nombreExpansion': 'IMPERIO', 'fechaLanzamiento': '2024-07-04T19:48:17.000+00:00', 'visibilidad': True}","{'idTipo': 28, 'nombreTipo': 'UNIDAD'}",,"{'idSubTipo': 7, 'nombreSubTipo': 'MAGO'}",,,,"{'idRareza': 2, 'nombreRareza': 'BRONCE'}",,"{'idRareza': 2, 'nombreRareza': 'BRONCE'}",FALSE,TRUE,FALSE,FALSE,FALSE,TRUE,FALSE,FALSE,FALSE,FALSE,FALSE,,,TRUE,FALSE,FALSE,FALSE,FALSE,FALSE,FALSE,FALSE,FALSE,,FALSE,FALSE,FALSE,FALSE,TRUE,TRUE,TRUE,TRUE,TRUE,TRUE,TRUE,TRUE,TRUE,,,,,,,,,,,,
184,ALUMNO INESPERADO,,0/9,1,FALSE,,Roba una carta por cada contador -1/-1 entre las unidades rivales.,4,FALSE,,,,,,https://i.postimg.cc/m2h2Kp6p/ALUMNO-INESPERADO-COPIA.webp,https://i.postimg.cc/85scS113/alumno-inesperado.webp,,,,,,,,,,,"{'idExpansion': 4, 'nombreExpansion': 'TRONO COMPARTIDO', 'fechaLanzamiento': '2024-05-26T04:09:14.000+00:00', 'visibilidad': True}","{'idTipo': 1, 'nombreTipo': 'ACCION'}",,,"{'idSubTipo': 16, 'nombreSubTipo': 'INSECTO'}","{'idSubTipo': 12, 'nombreSubTipo': 'RAPIDA'}",,"{'idRareza': 1, 'nombreRareza': 'PLATA'}",,"{'idRareza': 1, 'nombreRareza': 'PLATA'}",FALSE,FALSE,FALSE,FALSE,FALSE,FALSE,FALSE,FALSE,FALSE,FALSE,TRUE,,,FALSE,FALSE,FALSE,FALSE,FALSE,FALSE,FALSE,FALSE,FALSE,,FALSE,FALSE,FALSE,FALSE,TRUE,TRUE,TRUE,TRUE,TRUE,TRUE,TRUE,TRUE,TRUE,,,,,,,,,,,,
78,AMIGA DE LOS ARBOLES,,0/9,1,FALSE,," Frenesí. Siempre que esta unidad haga daño de combate a un jugador, crea una copia de esta unidad.",2,FALSE,,2,1,,,https://i.postimg.cc/k5H7TZsV/AMIGA-DE-LOS-ARBOLES-copia.jpg,https://i.postimg.cc/g2BTjhz0/AMIGA-DE-LOS-ARBOLES.webp,,,,,,,,,,,"{'idExpansion': 3, 'nombreExpansion': 'PACTO SECRETO', 'fechaLanzamiento': '2024-05-26T04:09:09.000+00:00', 'visibilidad': True}","{'idTipo': 28, 'nombreTipo': 'UNIDAD'}",,"{'idSubTipo': 3, 'nombreSubTipo': 'ANIMAL'}",,,,"{'idRareza': 2, 'nombreRareza': 'BRONCE'}",,"{'idRareza': 2, 'nombreRareza': 'BRONCE'}",FALSE,TRUE,FALSE,FALSE,FALSE,FALSE,FALSE,FALSE,FALSE,FALSE,FALSE,,,FALSE,FALSE,FALSE,FALSE,FALSE,FALSE,FALSE,FALSE,FALSE,,FALSE,FALSE,FALSE,FALSE,TRUE,TRUE,TRUE,TRUE,TRUE,TRUE,TRUE,TRUE,TRUE,,,,,,,,,,,,
99,ANCIANA MAESTRA,,8/9,3.75,TRUE,,Aparición en juego: Pon en el campo de batalla hasta dos cartas de bruja objetivo de tu descarte con dos contadores +1/+1. Ganan Frenesí hasta el final del turno.,5,FALSE,,4,6,,,https://i.postimg.cc/k5GnF9Q3/ANCIANA-MAESTRA-copia.jpg,https://i.postimg.cc/43D2bThk/ANCIANA-MAESTRA.webp,https://i.postimg.cc/JhGRd0DV/ANCIANA-MAESTRA-copia.webp,,,,,,,,,,"{'idExpansion': 3, 'nombreExpansion': 'PACTO SECRETO', 'fechaLanzamiento': '2024-05-26T04:09:09.000+00:00', 'visibilidad': True}","{'idTipo': 28, 'nombreTipo': 'UNIDAD'}",,"{'idSubTipo': 5, 'nombreSubTipo': 'BRUJA'}",,,,"{'idRareza': 4, 'nombreRareza': 'DIAMANTE'}",,"{'idRareza': 4, 'nombreRareza': 'DIAMANTE'}",FALSE,3,1,FALSE,FALSE,FALSE,FALSE,FALSE,FALSE,FALSE,FALSE,,,FALSE,FALSE,FALSE,FALSE,FALSE,FALSE,FALSE,FALSE,FALSE,,FALSE,FALSE,FALSE,FALSE,FALSE,FALSE,FALSE,TRUE,FALSE,FALSE,FALSE,FALSE,FALSE,,,,,,,,,,,,
457,"ANDREA, RITUALISTA DE LO OSCURO",,7/9,1.5,FALSE,,"Atracción. Sorpresivo. Resguardo: 1 oro y pierdes 2 vidas. Aparición en juego: Puedes destruir otra unidad aliada no ficha o descartar una carta de unidad. Si lo haces, regresa la carta de unidad no bruja objetivo de tu Descarte a la mano.",4,FALSE,1,2,6,,,https://i.postimg.cc/65dv9tvN/ANDREA-RITUALISTA-DE-LO-OSCURO-copia.webp,,,,,,,,,,,,"{'idExpansion': 6, 'nombreExpansion': 'ANCESTROS', 'fechaLanzamiento': '2024-11-19T03:36:06.000+00:00', 'visibilidad': True}","{'idTipo': 28, 'nombreTipo': 'UNIDAD'}",,"{'idSubTipo': 5, 'nombreSubTipo': 'BRUJA'}",,"{'idSubTipo': 13, 'nombreSubTipo': 'REALEZA'}",,"{'idRareza': 1, 'nombreRareza': 'PLATA'}",,"{'idRareza': 1, 'nombreRareza': 'PLATA'}",FALSE,TRUE,FALSE,FALSE,FALSE,FALSE,FALSE,FALSE,FALSE,FALSE,FALSE,,,FALSE,FALSE,FALSE,FALSE,FALSE,FALSE,TRUE,FALSE,FALSE,,TRUE,FALSE,FALSE,FALSE,TRUE,FALSE,FALSE,TRUE,FALSE,FALSE,FALSE,FALSE,FALSE,,,,,,,,,,,,
458,ANILLOS DESVANECEDORES,,7/9,2,TRUE,,Disipar 4: Crea una ficha de tesoro. Revela un tesoro y muévelo a Tesoros Agotados.,3,FALSE,3,2,6,,,https://i.postimg.cc/sgmGhmm6/ANILLOS-DESVANECEDORES-copia.webp,,,,,,,,,,,,"{'idExpansion': 6, 'nombreExpansion': 'ANCESTROS', 'fechaLanzamiento': '2024-11-19T03:36:06.000+00:00', 'visibilidad': True}","{'idTipo': 6, 'nombreTipo': 'TESORO'}",,,,,,"{'idRareza': 3, 'nombreRareza': 'ORO'}",,"{'idRareza': 3, 'nombreRareza': 'ORO'}",FALSE,TRUE,FALSE,FALSE,FALSE,FALSE,FALSE,FALSE,FALSE,FALSE,FALSE,,,FALSE,FALSE,FALSE,FALSE,FALSE,FALSE,FALSE,FALSE,FALSE,,FALSE,TRUE,FALSE,FALSE,TRUE,FALSE,FALSE,TRUE,FALSE,FALSE,FALSE,FALSE,FALSE,,,,,,,,,,,,
459,ANIQUILADOR DE ESPERANZAS,,8/9,8.35,TRUE,,Arrollar. Ininterrumpible. Vigía. Resguardo: 1 oro y te hace 2 daños. Aparición en juego: Elige 2: -Cada oponente destruye sus dos unidades de menor resistencia. -Aplasta hasta un tesoro agotado rival de cada oponente. -Hace 7 daños a cada oponente.,7,FALSE,3,7,6,,,https://i.postimg.cc/hGGzbm3S/ANIQUILADOR-DE-ESPERANZAS-copia.webp,,,,,,,,,,,,"{'idExpansion': 6, 'nombreExpansion': 'ANCESTROS', 'fechaLanzamiento': '2024-11-19T03:36:06.000+00:00', 'visibilidad': True}","{'idTipo': 28, 'nombreTipo': 'UNIDAD'}",,"{'idSubTipo': 18, 'nombreSubTipo': 'GIGANTE'}",,,,"{'idRareza': 4, 'nombreRareza': 'DIAMANTE'}",,"{'idRareza': 4, 'nombreRareza': 'DIAMANTE'}",TRUE,TRUE,FALSE,FALSE,FALSE,FALSE,2,FALSE,FALSE,FALSE,FALSE,,,FALSE,TRUE,TRUE,FALSE,TRUE,TRUE,FALSE,FALSE,FALSE,,TRUE,FALSE,FALSE,FALSE,FALSE,FALSE,FALSE,TRUE,FALSE,FALSE,FALSE,FALSE,FALSE,,,,,,,,,,,,
185,ANTIGUO APRENDIZ DE KYLE,,4/9,3.25,TRUE,,Curar. Aparición en juego: Condena otra unidad objetivo. Regrésala al campo de inicio de la próxima fase final.,2,FALSE,,2,3,,,https://i.postimg.cc/bNMNP07y/ANTIGUO-APRENDIZ-DE-KYLE-COPIA.webp,https://i.postimg.cc/QM05j00Y/antiguo-de-regional.png,,,,,,,,,,"El efecto de regresar a la unidad al campo dispara en el averno, por lo tanto es un efecto fuera de juego. Dicho efecto dispara aunque esta unidad ya no esté en juego al inicio de la fase final.","{'idExpansion': 4, 'nombreExpansion': 'TRONO COMPARTIDO', 'fechaLanzamiento': '2024-05-26T04:09:14.000+00:00', 'visibilidad': True}","{'idTipo': 28, 'nombreTipo': 'UNIDAD'}",,"{'idSubTipo': 17, 'nombreSubTipo': 'MONJE'}",,,,"{'idRareza': 1, 'nombreRareza': 'PLATA'}",,"{'idRareza': 1, 'nombreRareza': 'PLATA'}",FALSE,TRUE,FALSE,FALSE,FALSE,FALSE,TRUE,TRUE,FALSE,FALSE,FALSE,,,FALSE,FALSE,FALSE,FALSE,FALSE,FALSE,FALSE,FALSE,FALSE,,FALSE,FALSE,FALSE,FALSE,TRUE,TRUE,TRUE,TRUE,FALSE,FALSE,TRUE,FALSE,FALSE,,,,,,,,,,,,
460,APARICION DEL TEMPLO DE ROCA,,7/9,2,FALSE,,"Al inicio de tu fase final, elige 1 que no fue elegida aún: -Gana un contador +1/+1. -Revela un tesoro y muévelo a Tesoros Agotados. -Roba una carta.",4,FALSE,,3,4,,,https://i.postimg.cc/63k8Xm63/APARICION-DEL-TEMPLO-DE-ROCA-copia.webp,,,,,,,,,,,"Aunque el efecto se cancele, se considera que el deseo elegido ya ha sido elegido.","{'idExpansion': 6, 'nombreExpansion': 'ANCESTROS', 'fechaLanzamiento': '2024-11-19T03:36:06.000+00:00', 'visibilidad': True}","{'idTipo': 28, 'nombreTipo': 'UNIDAD'}",,"{'idSubTipo': 20, 'nombreSubTipo': 'DJINN'}",,,,"{'idRareza': 1, 'nombreRareza': 'PLATA'}",,"{'idRareza': 1, 'nombreRareza': 'PLATA'}",FALSE,TRUE,FALSE,FALSE,FALSE,FALSE,FALSE,FALSE,FALSE,FALSE,TRUE,,,FALSE,FALSE,FALSE,FALSE,FALSE,FALSE,FALSE,FALSE,FALSE,,FALSE,FALSE,FALSE,FALSE,TRUE,FALSE,FALSE,TRUE,FALSE,FALSE,FALSE,FALSE,FALSE,,,,,,,,,,,,
461,APICULTOR DEL PUEBLO,,0/9,1,FALSE,,Derrotado: La unidad rival objetivo con mayor fuerza gana dos contadores -1/-1.,1,FALSE,,2,1,,,https://i.postimg.cc/NM9KZccS/APICULTOR-DEL-PUEBLO-copia.webp,,,,,,,,,,,,"{'idExpansion': 6, 'nombreExpansion': 'ANCESTROS', 'fechaLanzamiento': '2024-11-19T03:36:06.000+00:00', 'visibilidad': True}","{'idTipo': 28, 'nombreTipo': 'UNIDAD'}",,"{'idSubTipo': 16, 'nombreSubTipo': 'INSECTO'}","{'idSubTipo': 19, 'nombreSubTipo': 'ENANO'}",,,"{'idRareza': 2, 'nombreRareza': 'BRONCE'}",,"{'idRareza': 2, 'nombreRareza': 'BRONCE'}",FALSE,TRUE,FALSE,FALSE,FALSE,FALSE,FALSE,FALSE,FALSE,FALSE,FALSE,,,FALSE,FALSE,FALSE,FALSE,FALSE,FALSE,FALSE,FALSE,FALSE,,FALSE,FALSE,FALSE,FALSE,TRUE,TRUE,TRUE,TRUE,TRUE,TRUE,TRUE,TRUE,TRUE,,,,,,,,,,,,
462,APLASTANDO VOLUNTADES,,0/9,2.25,FALSE,,Destruye todas las unidades de resistencia 3 o menos.,4,FALSE,,2,1,,,https://i.postimg.cc/HLPJSLfb/APLASTANDO-VOLUNTADES-copia.webp,,,,,,,,,,,MI APLASTARRRRRR,"{'idExpansion': 6, 'nombreExpansion': 'ANCESTROS', 'fechaLanzamiento': '2024-11-19T03:36:06.000+00:00', 'visibilidad': True}","{'idTipo': 1, 'nombreTipo': 'ACCION'}",,"{'idSubTipo': 14, 'nombreSubTipo': 'COMUN'}","{'idSubTipo': 18, 'nombreSubTipo': 'GIGANTE'}",,,"{'idRareza': 4, 'nombreRareza': 'DIAMANTE'}",,"{'idRareza': 4, 'nombreRareza': 'DIAMANTE'}",FALSE,TRUE,FALSE,FALSE,FALSE,FALSE,TRUE,FALSE,FALSE,FALSE,FALSE,,,FALSE,FALSE,FALSE,FALSE,FALSE,FALSE,FALSE,FALSE,FALSE,,FALSE,FALSE,FALSE,FALSE,TRUE,TRUE,TRUE,TRUE,TRUE,TRUE,TRUE,TRUE,TRUE,,,,,,,,,,,,
463,APLASTATROPAS,,8/9,3.6,FALSE,,Arrollar. Aparición en juego: Aplasta 1. Elige 1 (dispara solo si fue jugado de tu mano): -Destruye la unidad rival objetivo de resistencia 2 o menos. -Hace 2 daños a cada oponente.,3,FALSE,,4,4,,,https://i.postimg.cc/j2yLd4Ch/APLASTATROPAS-copia.webp,,,,,,,,,,,,"{'idExpansion': 6, 'nombreExpansion': 'ANCESTROS', 'fechaLanzamiento': '2024-11-19T03:36:06.000+00:00', 'visibilidad': True}","{'idTipo': 28, 'nombreTipo': 'UNIDAD'}",,"{'idSubTipo': 18, 'nombreSubTipo': 'GIGANTE'}",,,,"{'idRareza': 1, 'nombreRareza': 'PLATA'}",,"{'idRareza': 1, 'nombreRareza': 'PLATA'}",TRUE,TRUE,FALSE,FALSE,FALSE,FALSE,TRUE,FALSE,FALSE,FALSE,FALSE,,,FALSE,FALSE,FALSE,TRUE,FALSE,TRUE,FALSE,FALSE,FALSE,,FALSE,FALSE,FALSE,FALSE,FALSE,FALSE,FALSE,TRUE,FALSE,FALSE,FALSE,FALSE,FALSE,,,,,,,,,,,,
308,APRENDIZ DE CONJUROS,,1/9,1,TRUE,,Sorpresivo. Aparición en juego: Crea una ficha libro.,1,FALSE,,1,2,,,https://i.postimg.cc/YqwDV4W2/APRENDIZ-DE-CONJUROS-copia.webp,,,,,,,,,,,,"{'idExpansion': 5, 'nombreExpansion': 'IMPERIO', 'fechaLanzamiento': '2024-07-04T19:48:17.000+00:00', 'visibilidad': True}","{'idTipo': 28, 'nombreTipo': 'UNIDAD'}",,"{'idSubTipo': 7, 'nombreSubTipo': 'MAGO'}",,,,"{'idRareza': 2, 'nombreRareza': 'BRONCE'}",,"{'idRareza': 2, 'nombreRareza': 'BRONCE'}",FALSE,TRUE,FALSE,FALSE,FALSE,FALSE,FALSE,FALSE,FALSE,FALSE,FALSE,,,FALSE,FALSE,FALSE,FALSE,FALSE,FALSE,FALSE,FALSE,FALSE,,FALSE,FALSE,FALSE,FALSE,TRUE,TRUE,TRUE,TRUE,TRUE,TRUE,TRUE,TRUE,FALSE,,,,,,,,,,,,
186,ARACNOBAJO,,1/9,1,FALSE,,"Envenena (Siempre que haga daño a otra unidad, la envenena).",2,FALSE,,2,2,,,https://i.postimg.cc/V6DmVX9c/ARACNOBAJO-COPIA.webp,https://i.postimg.cc/YSzgj6m9/ARACNOBAJO-copia.jpg,,,,,,,,,,,"{'idExpansion': 4, 'nombreExpansion': 'TRONO COMPARTIDO', 'fechaLanzamiento': '2024-05-26T04:09:14.000+00:00', 'visibilidad': True}","{'idTipo': 28, 'nombreTipo': 'UNIDAD'}",,"{'idSubTipo': 16, 'nombreSubTipo': 'INSECTO'}",,,,"{'idRareza': 2, 'nombreRareza': 'BRONCE'}",,"{'idRareza': 2, 'nombreRareza': 'BRONCE'}",FALSE,TRUE,FALSE,FALSE,FALSE,FALSE,FALSE,FALSE,FALSE,FALSE,FALSE,,,FALSE,FALSE,FALSE,FALSE,FALSE,FALSE,FALSE,FALSE,FALSE,,FALSE,FALSE,FALSE,FALSE,TRUE,TRUE,TRUE,TRUE,TRUE,TRUE,TRUE,TRUE,FALSE,,,,,,,,,,,,
464,ARACNOTANQUE,,8/9,2.25,TRUE,,Pedramancia 2. Arrollar. Frenesí. Resguardo: 1 de oro. Aparición en juego: Regresa la carta de monumento objetivo de coste 2 o menos de tu Descarte al campo.,5,FALSE,,5,5,,,https://i.postimg.cc/gchwDm46/ARACNOTANQUE-copia.webp,,,,,,,,,,,,"{'idExpansion': 6, 'nombreExpansion': 'ANCESTROS', 'fechaLanzamiento': '2024-11-19T03:36:06.000+00:00', 'visibilidad': True}","{'idTipo': 28, 'nombreTipo': 'UNIDAD'}","{'idTipo': 17, 'nombreTipo': 'MONUMENTO'}","{'idSubTipo': 19, 'nombreSubTipo': 'ENANO'}",,,,"{'idRareza': 1, 'nombreRareza': 'PLATA'}",,"{'idRareza': 1, 'nombreRareza': 'PLATA'}",FALSE,TRUE,FALSE,FALSE,FALSE,FALSE,FALSE,FALSE,FALSE,FALSE,FALSE,,,FALSE,FALSE,FALSE,FALSE,FALSE,TRUE,FALSE,FALSE,FALSE,,TRUE,FALSE,FALSE,FALSE,FALSE,FALSE,FALSE,TRUE,FALSE,FALSE,FALSE,FALSE,FALSE,,,,,,,,,,,,
108,ARBOL ANCIANO,,8/9,1,TRUE,,"Indestructible. Siempre que otra unidad entre al campo de batalla bajo tu control, convierte esa unidad en un elemental 5/5 con todas sus habilidades.",5,FALSE,,0,7,,,https://i.postimg.cc/MTjqND39/ARBOL-ANCIANO-copia.jpg,https://i.postimg.cc/Jzsz26Kv/Full-art-Arbol-anciano-copia.jpg,https://i.postimg.cc/htPGhPS2/arbol.webp,https://i.postimg.cc/qvbvKVq4/arbol-full-art.webp,https://i.postimg.cc/hGmwbjKx/ethernalarbol.webp,https://i.postimg.cc/ZncfSBs4/ARBOL-ANCIANO.webp,,,,,,Convertir significa que la unidad en juego pasa a tener otro subtipo distinto. No se vuelve a jugar ni se considera como que entra en juego al convertir.,"{'idExpansion': 3, 'nombreExpansion': 'PACTO SECRETO', 'fechaLanzamiento': '2024-05-26T04:09:09.000+00:00', 'visibilidad': True}","{'idTipo': 28, 'nombreTipo': 'UNIDAD'}",,"{'idSubTipo': 8, 'nombreSubTipo': 'ELEMENTAL'}",,,,"{'idRareza': 4, 'nombreRareza': 'DIAMANTE'}",,"{'idRareza': 4, 'nombreRareza': 'DIAMANTE'}",FALSE,TRUE,FALSE,FALSE,FALSE,FALSE,FALSE,FALSE,FALSE,FALSE,FALSE,,,FALSE,FALSE,FALSE,FALSE,FALSE,FALSE,FALSE,FALSE,FALSE,,FALSE,FALSE,FALSE,FALSE,TRUE,FALSE,FALSE,FALSE,FALSE,FALSE,FALSE,FALSE,FALSE,,,,,,,,,,,,
558,ARBOL ARRANCADO,,0/9,0,FALSE,,"Durabilidad: 2. Equipar: 1 de oro. Siempre que la unidad equipada ataque o declare luchador, gana +X/+0 hasta el final del turno, siendo X su fuerza.",1,FALSE,,0,0,,,https://i.postimg.cc/FsQYC8nC/ARBOL-ARRANCADO-copia.webp,,,,,,,,,,,,"{'idExpansion': 6, 'nombreExpansion': 'ANCESTROS', 'fechaLanzamiento': '2024-11-19T03:36:06.000+00:00', 'visibilidad': True}","{'idTipo': 29, 'nombreTipo': 'ARMA'}",,"{'idSubTipo': 18, 'nombreSubTipo': 'GIGANTE'}",,,,"{'idRareza': 2, 'nombreRareza': 'BRONCE'}",,"{'idRareza': 2, 'nombreRareza': 'BRONCE'}",FALSE,FALSE,FALSE,FALSE,FALSE,FALSE,FALSE,FALSE,FALSE,FALSE,FALSE,,,FALSE,FALSE,FALSE,FALSE,FALSE,FALSE,FALSE,FALSE,FALSE,,FALSE,FALSE,FALSE,FALSE,TRUE,TRUE,TRUE,TRUE,TRUE,TRUE,TRUE,TRUE,TRUE,,,,,,,,,,,,
187,ARBOL DE SALVIA VIGORIZANTE,,0/9,0,FALSE,,"Una vez por turno, puedes erosionar para que los insectos aliados ganen +1/+0 y Envenena hasta el final del turno. Erosión 2.",3,FALSE,,,,,,https://i.postimg.cc/DwXfwJhq/ARBOL-DE-SALVIA-VIGORIZANTE-COPIA.webp,,,,,,,,,,,"La habilidad ""Envenena"" es acumulable: una unidad con ""Envenena"" puede ganar la habilidad nuevamente. En ese caso, al dañar otra criatura, la envenenaría aplicándole 2 contadores -1-1 (uno por cada instancia de ""Envenena"")","{'idExpansion': 4, 'nombreExpansion': 'TRONO COMPARTIDO', 'fechaLanzamiento': '2024-05-26T04:09:14.000+00:00', 'visibilidad': True}","{'idTipo': 17, 'nombreTipo': 'MONUMENTO'}",,"{'idSubTipo': 16, 'nombreSubTipo': 'INSECTO'}",,,,"{'idRareza': 2, 'nombreRareza': 'BRONCE'}",,"{'idRareza': 2, 'nombreRareza': 'BRONCE'}",FALSE,FALSE,FALSE,FALSE,FALSE,FALSE,FALSE,FALSE,FALSE,FALSE,FALSE,,,FALSE,FALSE,FALSE,FALSE,FALSE,FALSE,FALSE,FALSE,FALSE,,FALSE,FALSE,FALSE,FALSE,TRUE,TRUE,TRUE,TRUE,TRUE,TRUE,TRUE,TRUE,TRUE,,,,,,,,,,,,
466,ARIETE DE GUERRA,,8/9,1.25,TRUE,,Agotar: La unidad objetivo gana Arrollar hasta el final del turno.,0,FALSE,0,5,5,,,https://i.postimg.cc/7YMfF9FH/ARIETE-DE-GUERRA-copia.webp,,,,,,,,,,,,"{'idExpansion': 6, 'nombreExpansion': 'ANCESTROS', 'fechaLanzamiento': '2024-11-19T03:36:06.000+00:00', 'visibilidad': True}","{'idTipo': 6, 'nombreTipo': 'TESORO'}",,,,,,"{'idRareza': 1, 'nombreRareza': 'PLATA'}",,"{'idRareza': 1, 'nombreRareza': 'PLATA'}",FALSE,TRUE,FALSE,FALSE,FALSE,FALSE,FALSE,FALSE,FALSE,FALSE,FALSE,,,FALSE,FALSE,FALSE,FALSE,FALSE,TRUE,FALSE,FALSE,FALSE,,FALSE,FALSE,FALSE,FALSE,FALSE,FALSE,FALSE,TRUE,FALSE,FALSE,FALSE,FALSE,FALSE,,,,,,,,,,,,
467,ARIETE FURTIVO,,8/9,2.25,TRUE,,Pedramancia 1. Arrollar. Frenesí. Resguardo: 1 de oro.,3,FALSE,0,4,4,,,https://i.postimg.cc/YCrhMg71/ARIETE-FURTIVO-copia.webp,,,,,,,,,,,"Como coste adicional, condena X unidades aliadas de fuerza 1 o menos. Derrotado: Regresa esas unidades al campo.","{'idExpansion': 6, 'nombreExpansion': 'ANCESTROS', 'fechaLanzamiento': '2024-11-19T03:36:06.000+00:00', 'visibilidad': True}","{'idTipo': 28, 'nombreTipo': 'UNIDAD'}","{'idTipo': 17, 'nombreTipo': 'MONUMENTO'}","{'idSubTipo': 19, 'nombreSubTipo': 'ENANO'}",,,,"{'idRareza': 4, 'nombreRareza': 'DIAMANTE'}",,"{'idRareza': 4, 'nombreRareza': 'DIAMANTE'}",FALSE,TRUE,FALSE,FALSE,FALSE,FALSE,FALSE,FALSE,FALSE,FALSE,FALSE,,,FALSE,FALSE,FALSE,FALSE,FALSE,TRUE,FALSE,FALSE,FALSE,,TRUE,FALSE,FALSE,FALSE,FALSE,FALSE,FALSE,TRUE,FALSE,FALSE,FALSE,FALSE,FALSE,,,,,,,,,,,,
85,ARLEQUIN DE LA CORONA,,1/9,3,TRUE,,(Esta carta es todos los subtipos de unidad en todo momento). Aparición en juego: Elige 1: - El jugador objetivo descarta una carta. - Roba una carta.,2,FALSE,,1,2,,,https://i.postimg.cc/KjSx2Mdx/ARLEQUIN-DE-LA-CORONA-copia.jpg,https://i.postimg.cc/BQ3b9BR9/arlequin.webp,https://i.postimg.cc/QM9nTMCJ/ARLEQUIN-DE-LA-CORONA.webp,,,,,,,,,"Es todos los tipos de unidad, por lo tanto puede ir en cualquier mazo.","{'idExpansion': 3, 'nombreExpansion': 'PACTO SECRETO', 'fechaLanzamiento': '2024-05-26T04:09:09.000+00:00', 'visibilidad': True}","{'idTipo': 28, 'nombreTipo': 'UNIDAD'}",,"{'idSubTipo': 10, 'nombreSubTipo': 'MIMETICO'}",,,,"{'idRareza': 1, 'nombreRareza': 'PLATA'}",,"{'idRareza': 1, 'nombreRareza': 'PLATA'}",FALSE,TRUE,FALSE,FALSE,FALSE,FALSE,FALSE,FALSE,FALSE,FALSE,TRUE,,,FALSE,FALSE,FALSE,FALSE,FALSE,FALSE,FALSE,FALSE,FALSE,,FALSE,FALSE,FALSE,TRUE,TRUE,TRUE,TRUE,TRUE,TRUE,TRUE,TRUE,TRUE,FALSE,,,,,,,,,,,,
468,ARLEQUIN ERRANTE,,1/9,1,FALSE,,Aparición en juego: Elige 1: -Pon la carta no tesoro objetivo de tu Descarte en el tope. -Predicción 2.,4,FALSE,0,2,2,,,https://i.postimg.cc/fbky0NJy/ARLEQUIN-ERRANTE-copia.webp,,,,,,,,,,,,"{'idExpansion': 6, 'nombreExpansion': 'ANCESTROS', 'fechaLanzamiento': '2024-11-19T03:36:06.000+00:00', 'visibilidad': True}","{'idTipo': 28, 'nombreTipo': 'UNIDAD'}",,"{'idSubTipo': 10, 'nombreSubTipo': 'MIMETICO'}",,,,"{'idRareza': 2, 'nombreRareza': 'BRONCE'}",,"{'idRareza': 2, 'nombreRareza': 'BRONCE'}",FALSE,TRUE,FALSE,FALSE,FALSE,FALSE,FALSE,FALSE,FALSE,FALSE,FALSE,,,FALSE,FALSE,FALSE,FALSE,FALSE,FALSE,FALSE,FALSE,FALSE,,FALSE,FALSE,FALSE,FALSE,TRUE,TRUE,TRUE,TRUE,TRUE,TRUE,TRUE,TRUE,FALSE,,,,,,,,,,,,
365,ARMERIA DE LA CORONA,,0/9,1,FALSE,,2 de oro y Destruir: Las unidades aliadas ganan Apoyo hasta el final del turno.,3,FALSE,3,2,1,,,https://i.postimg.cc/Nf7Cwg66/ARMERIA-DE-LA-CORONA-copia.webp,,,,,,,,,,,,"{'idExpansion': 5, 'nombreExpansion': 'IMPERIO', 'fechaLanzamiento': '2024-07-04T19:48:17.000+00:00', 'visibilidad': True}","{'idTipo': 6, 'nombreTipo': 'TESORO'}",,,,,,"{'idRareza': 3, 'nombreRareza': 'ORO'}",,"{'idRareza': 3, 'nombreRareza': 'ORO'}",FALSE,TRUE,FALSE,FALSE,FALSE,FALSE,FALSE,FALSE,FALSE,FALSE,FALSE,,,FALSE,FALSE,FALSE,FALSE,FALSE,FALSE,FALSE,FALSE,FALSE,,FALSE,FALSE,FALSE,FALSE,TRUE,TRUE,TRUE,TRUE,TRUE,TRUE,TRUE,TRUE,TRUE,,,,,,,,,,,,
425,ARQUERO DE HAMRRA,,8/9,2,FALSE,,"Aparición en juego: Hace 1 daño a cada unidad rival. Los desertores aliados no ficha ganan Oler sangre: ""Derrotado: Hace daño igual a su fuerza a cada oponente"".",7,FALSE,,7,5,,,https://i.postimg.cc/Jzr6r9x9/ARQUERO-DE-HAMRRA-copia.webp,,,,,,,,,,,,"{'idExpansion': 5, 'nombreExpansion': 'IMPERIO', 'fechaLanzamiento': '2024-07-04T19:48:17.000+00:00', 'visibilidad': True}","{'idTipo': 28, 'nombreTipo': 'UNIDAD'}",,"{'idSubTipo': 6, 'nombreSubTipo': 'DESERTOR'}",,,,"{'idRareza': 2, 'nombreRareza': 'BRONCE'}",,"{'idRareza': 2, 'nombreRareza': 'BRONCE'}",TRUE,TRUE,FALSE,FALSE,FALSE,FALSE,FALSE,FALSE,FALSE,FALSE,FALSE,,,FALSE,FALSE,FALSE,FALSE,FALSE,FALSE,FALSE,FALSE,FALSE,,FALSE,FALSE,FALSE,FALSE,FALSE,FALSE,FALSE,TRUE,FALSE,FALSE,FALSE,FALSE,FALSE,,,,,,,,,,,,
366,ARTILLERO DE HAMRRA,,2/9,2,FALSE,,Temible. 3 oros y Destruir: Hace 4 daños hasta a una unidad rival objetivo y a cada oponente.,3,FALSE,3,4,2,,,https://i.postimg.cc/2S0HV2X3/ARTILLERO-DE-HAMRRA-copia.webp,,,,,,,,,,,,"{'idExpansion': 5, 'nombreExpansion': 'IMPERIO', 'fechaLanzamiento': '2024-07-04T19:48:17.000+00:00', 'visibilidad': True}","{'idTipo': 28, 'nombreTipo': 'UNIDAD'}",,"{'idSubTipo': 6, 'nombreSubTipo': 'DESERTOR'}",,,,"{'idRareza': 2, 'nombreRareza': 'BRONCE'}",,"{'idRareza': 2, 'nombreRareza': 'BRONCE'}",TRUE,TRUE,FALSE,FALSE,FALSE,FALSE,FALSE,FALSE,FALSE,FALSE,FALSE,,,FALSE,FALSE,FALSE,FALSE,FALSE,FALSE,FALSE,FALSE,FALSE,,FALSE,FALSE,FALSE,FALSE,FALSE,TRUE,TRUE,TRUE,TRUE,TRUE,TRUE,TRUE,FALSE,,,,,,,,,,,,
469,ARTILUGIO ATRAPA MENTES,,1/9,1,FALSE,,"Siempre que elijas, puedes poner un contador de deseos sobre este monumento. 1 oro y Destruir: Toma el control de la unidad objetivo. Activa solo si tiene siete contadores de deseo, durante tu turno.",1,FALSE,0,2,2,,,https://i.postimg.cc/Z5w0RRYX/ARTILUGIO-ATRAPA-MENTES-copia.webp,,,,,,,,,,,,"{'idExpansion': 6, 'nombreExpansion': 'ANCESTROS', 'fechaLanzamiento': '2024-11-19T03:36:06.000+00:00', 'visibilidad': True}","{'idTipo': 17, 'nombreTipo': 'MONUMENTO'}",,"{'idSubTipo': 20, 'nombreSubTipo': 'DJINN'}",,,,"{'idRareza': 1, 'nombreRareza': 'PLATA'}",,"{'idRareza': 1, 'nombreRareza': 'PLATA'}",FALSE,TRUE,FALSE,FALSE,FALSE,FALSE,FALSE,FALSE,FALSE,FALSE,FALSE,,,FALSE,FALSE,FALSE,FALSE,FALSE,FALSE,FALSE,FALSE,FALSE,,FALSE,FALSE,FALSE,FALSE,TRUE,TRUE,TRUE,TRUE,TRUE,TRUE,TRUE,TRUE,FALSE,,,,,,,,,,,,
470,ARTISTA DE LOS PUEBLOS,,1/9,1,FALSE,,"Aparición en juego y ""1 de oro y Destruir"": Elige 1: -Otra unidad objetivo gana +1/+1 hasta el final del turno. -Otra unidad objetivo gana -1/-1 hasta el final del turno.",2,FALSE,0,1,2,,,https://i.postimg.cc/W4K3GHkn/ARTISTA-DE-LOS-PUEBLOS-copia.webp,,,,,,,,,,,,"{'idExpansion': 6, 'nombreExpansion': 'ANCESTROS', 'fechaLanzamiento': '2024-11-19T03:36:06.000+00:00', 'visibilidad': True}","{'idTipo': 28, 'nombreTipo': 'UNIDAD'}",,"{'idSubTipo': 10, 'nombreSubTipo': 'MIMETICO'}",,,,"{'idRareza': 2, 'nombreRareza': 'BRONCE'}",,"{'idRareza': 2, 'nombreRareza': 'BRONCE'}",FALSE,TRUE,FALSE,FALSE,FALSE,FALSE,FALSE,FALSE,FALSE,FALSE,FALSE,,,FALSE,FALSE,FALSE,FALSE,FALSE,FALSE,FALSE,FALSE,FALSE,,FALSE,FALSE,FALSE,FALSE,TRUE,TRUE,TRUE,TRUE,TRUE,TRUE,TRUE,TRUE,FALSE,,,,,,,,,,,,
367,ASESINA SANGUINARIA,,1/9,1,TRUE,,Temible. Oler sangre: +1+1 y Frenesí.,1,FALSE,3,2,2,,,https://i.postimg.cc/TPhtmgZ0/ASESINA-SANGUINARIA-copia.webp,,,,,,,,,,,,"{'idExpansion': 5, 'nombreExpansion': 'IMPERIO', 'fechaLanzamiento': '2024-07-04T19:48:17.000+00:00', 'visibilidad': True}","{'idTipo': 28, 'nombreTipo': 'UNIDAD'}",,"{'idSubTipo': 6, 'nombreSubTipo': 'DESERTOR'}",,,,"{'idRareza': 2, 'nombreRareza': 'BRONCE'}",,"{'idRareza': 2, 'nombreRareza': 'BRONCE'}",FALSE,TRUE,FALSE,FALSE,FALSE,FALSE,FALSE,FALSE,FALSE,FALSE,FALSE,,,FALSE,FALSE,FALSE,FALSE,FALSE,FALSE,FALSE,FALSE,FALSE,,FALSE,FALSE,FALSE,FALSE,TRUE,TRUE,TRUE,TRUE,TRUE,TRUE,TRUE,TRUE,FALSE,,,,,,,,,,,,
38,ASESINO CONTRATADO,,1/9,1,TRUE,,Frenesí. (Esta unidad puede atacar el mismo turno que entra bajo tu control).,1,FALSE,,2,2,,,https://i.postimg.cc/4x30XPTM/ASESINO-CONTRATADO.webp,https://i.postimg.cc/qRXMxQLP/asesino-contratado-copias-120.jpg,https://i.postimg.cc/nrFVR7SC/asesino-contratado-FULL-ART-copias-36.jpg,https://i.postimg.cc/cJ3Jrd84/Mesa-de-trabajo-5-200x.png,https://i.postimg.cc/bwsrfxyn/Mesa-de-trabajo-6-200x.png,https://i.postimg.cc/BQpHNjkp/asesino.jpg,https://i.postimg.cc/L62jztCh/asesino-full-art.jpg,,,,,,"{'idExpansion': 2, 'nombreExpansion': 'FUNDAMENTOS', 'fechaLanzamiento': '2024-05-26T04:08:58.000+00:00', 'visibilidad': True}","{'idTipo': 28, 'nombreTipo': 'UNIDAD'}",,"{'idSubTipo': 6, 'nombreSubTipo': 'DESERTOR'}",,,,"{'idRareza': 2, 'nombreRareza': 'BRONCE'}",,"{'idRareza': 2, 'nombreRareza': 'BRONCE'}",FALSE,TRUE,FALSE,FALSE,FALSE,FALSE,FALSE,FALSE,FALSE,FALSE,FALSE,,,FALSE,FALSE,FALSE,FALSE,FALSE,FALSE,FALSE,FALSE,FALSE,,FALSE,FALSE,FALSE,FALSE,TRUE,TRUE,TRUE,TRUE,TRUE,TRUE,TRUE,TRUE,FALSE,,,,,,,,,,,,
188,ASESINO DE ALMAS,,5/9,1.25,FALSE,,"Arrollar. Aparición en juego: La unidad rival objetivo gana -X/-X hasta el final del turno, siendo X la cantidad de cartas de unidad demonio en tu Averno.",4,FALSE,,5,3,,,https://i.postimg.cc/qqq4VgQ6/ASESINO-DE-ALMAS-COPIA.webp,https://i.postimg.cc/mhf1mqgk/asesino-de-almas-regional.png,https://i.postimg.cc/XJN55rwg/ASESINO-DE-ALMAS-copia.jpg,,,,,,,,,El -X/-X es ganado hasta el final del turno.,"{'idExpansion': 4, 'nombreExpansion': 'TRONO COMPARTIDO', 'fechaLanzamiento': '2024-05-26T04:09:14.000+00:00', 'visibilidad': True}","{'idTipo': 28, 'nombreTipo': 'UNIDAD'}",,"{'idSubTipo': 15, 'nombreSubTipo': 'DEMONIO'}",,,,"{'idRareza': 2, 'nombreRareza': 'BRONCE'}",,"{'idRareza': 2, 'nombreRareza': 'BRONCE'}",FALSE,TRUE,FALSE,FALSE,FALSE,FALSE,FALSE,FALSE,FALSE,FALSE,FALSE,,,FALSE,FALSE,FALSE,FALSE,FALSE,TRUE,FALSE,FALSE,FALSE,,FALSE,FALSE,FALSE,FALSE,FALSE,TRUE,TRUE,TRUE,FALSE,FALSE,TRUE,FALSE,FALSE,,,,,,,,,,,,
124,ASESINO DE LOS MARES,,1/9,2,FALSE,,"Aparición en juego: Si un oponente recibió daño este turno, ese oponente descarta  una carta.",2,FALSE,,3,2,,,https://i.postimg.cc/hvLgPGBx/ASESINO-DE-LOS-MARES-copia.jpg,https://i.postimg.cc/X7s215yg/ASESINO-DE-LOS-MARES.webp,,,,,,,,,,,"{'idExpansion': 3, 'nombreExpansion': 'PACTO SECRETO', 'fechaLanzamiento': '2024-05-26T04:09:09.000+00:00', 'visibilidad': True}","{'idTipo': 28, 'nombreTipo': 'UNIDAD'}",,"{'idSubTipo': 1, 'nombreSubTipo': 'PIRATA'}",,,,"{'idRareza': 2, 'nombreRareza': 'BRONCE'}",,"{'idRareza': 2, 'nombreRareza': 'BRONCE'}",FALSE,TRUE,FALSE,FALSE,FALSE,FALSE,FALSE,FALSE,FALSE,FALSE,FALSE,,,FALSE,FALSE,FALSE,FALSE,FALSE,FALSE,FALSE,FALSE,FALSE,,FALSE,FALSE,FALSE,TRUE,TRUE,TRUE,TRUE,TRUE,TRUE,TRUE,TRUE,TRUE,FALSE,,,,,,,,,,,,
189,ATRAPACUERPOS,,7/9,1,FALSE,,Atracción. Envenena.,2,FALSE,,1,4,,,https://i.postimg.cc/3Nq7K7bS/ATRAPACUERPOS-COPIA.webp,,,,,,,,,,,,"{'idExpansion': 4, 'nombreExpansion': 'TRONO COMPARTIDO', 'fechaLanzamiento': '2024-05-26T04:09:14.000+00:00', 'visibilidad': True}","{'idTipo': 28, 'nombreTipo': 'UNIDAD'}",,"{'idSubTipo': 16, 'nombreSubTipo': 'INSECTO'}",,,,"{'idRareza': 2, 'nombreRareza': 'BRONCE'}",,"{'idRareza': 2, 'nombreRareza': 'BRONCE'}",FALSE,TRUE,FALSE,FALSE,FALSE,FALSE,FALSE,FALSE,FALSE,FALSE,FALSE,,,FALSE,FALSE,FALSE,FALSE,FALSE,FALSE,FALSE,FALSE,FALSE,,FALSE,FALSE,FALSE,FALSE,TRUE,FALSE,FALSE,TRUE,FALSE,FALSE,FALSE,FALSE,FALSE,,,,,,,,,,,,
136,"AUGUSTUS, CONSPIRADOR",,7/9,0.5,FALSE,,"Al principio de tu turno, puedes condenar cinco cartas de tu Reino. Si lo haces, haz 2 daños a cualquier objetivo.",3,FALSE,,2,5,,,https://i.postimg.cc/Wpgs75k3/AUGUSTUS-CONSPIRADOR-copia.jpg,https://i.postimg.cc/XYtYSfzJ/Full-art-Augustus-conspirador-copia.jpg,https://i.postimg.cc/KjSzYPzT/augustus-conspirador-full-art.webp,https://i.postimg.cc/rprQpYZh/AUGUSTUS-CONSPIRADOR.webp,,,,,,,,,"{'idExpansion': 3, 'nombreExpansion': 'PACTO SECRETO', 'fechaLanzamiento': '2024-05-26T04:09:09.000+00:00', 'visibilidad': True}","{'idTipo': 28, 'nombreTipo': 'UNIDAD'}",,"{'idSubTipo': 2, 'nombreSubTipo': 'SOLDADO'}","{'idSubTipo': 2, 'nombreSubTipo': 'SOLDADO'}","{'idSubTipo': 13, 'nombreSubTipo': 'REALEZA'}",,"{'idRareza': 3, 'nombreRareza': 'ORO'}",,"{'idRareza': 3, 'nombreRareza': 'ORO'}",FALSE,TRUE,FALSE,FALSE,FALSE,FALSE,FALSE,FALSE,FALSE,FALSE,FALSE,,,FALSE,FALSE,FALSE,FALSE,FALSE,FALSE,TRUE,FALSE,FALSE,,FALSE,FALSE,FALSE,FALSE,TRUE,FALSE,FALSE,TRUE,FALSE,FALSE,FALSE,FALSE,FALSE,,,,,,,,,,,,
309,"AUGUSTUS, EL EMPERADOR",,8/9,0.5,FALSE,,"Aparición en juego: Las unidades del oponente objetivo deben atacar en su próximo turno. Siempre que otra unidad realeza muera, gana un contador +1/+1.",5,FALSE,,4,6,,,https://i.postimg.cc/rpbQ9zTk/AUGUSTUS-EL-EMPERADOR-copia.webp,,,,,,,,,,,,"{'idExpansion': 5, 'nombreExpansion': 'IMPERIO', 'fechaLanzamiento': '2024-07-04T19:48:17.000+00:00', 'visibilidad': True}","{'idTipo': 28, 'nombreTipo': 'UNIDAD'}",,"{'idSubTipo': 2, 'nombreSubTipo': 'SOLDADO'}",,"{'idSubTipo': 13, 'nombreSubTipo': 'REALEZA'}",,"{'idRareza': 4, 'nombreRareza': 'DIAMANTE'}",,"{'idRareza': 4, 'nombreRareza': 'DIAMANTE'}",FALSE,TRUE,FALSE,FALSE,FALSE,FALSE,FALSE,FALSE,FALSE,FALSE,FALSE,,,FALSE,FALSE,FALSE,FALSE,FALSE,FALSE,TRUE,FALSE,FALSE,,FALSE,FALSE,FALSE,FALSE,FALSE,FALSE,FALSE,TRUE,FALSE,FALSE,FALSE,FALSE,FALSE,,,,,,,,,,,,
54,"AUGUSTUS, EL HEREDERO",,8/9,0.5,FALSE,,"Aparición en juego: Ganas 1 vida por cada soldado que controlas. Busca a ""Maximus, el general"" en tu Reino y ponlo en tu mano.",4,FALSE,,4,4,,,https://i.postimg.cc/Vk5KxNqP/AUGUSTUS-EL-HEREDERO.webp,https://i.postimg.cc/sD1sM3kd/Mesa-de-trabajo-7-200x.png,,,,,,,,,,,"{'idExpansion': 2, 'nombreExpansion': 'FUNDAMENTOS', 'fechaLanzamiento': '2024-05-26T04:08:58.000+00:00', 'visibilidad': True}","{'idTipo': 28, 'nombreTipo': 'UNIDAD'}",,"{'idSubTipo': 2, 'nombreSubTipo': 'SOLDADO'}","{'idSubTipo': 13, 'nombreSubTipo': 'REALEZA'}",,,"{'idRareza': 1, 'nombreRareza': 'PLATA'}",,"{'idRareza': 1, 'nombreRareza': 'PLATA'}",FALSE,TRUE,FALSE,FALSE,FALSE,FALSE,FALSE,FALSE,FALSE,FALSE,FALSE,,,FALSE,FALSE,FALSE,FALSE,FALSE,FALSE,TRUE,FALSE,FALSE,,FALSE,FALSE,FALSE,FALSE,FALSE,FALSE,FALSE,TRUE,FALSE,FALSE,FALSE,FALSE,FALSE,,,,,,,,,,,,
190,"AUGUSTUS, TRONO COMPARTIDO",,7/9,0.5,FALSE,,"Aparición en juego: Puedes pagar 1 oro. Si lo haces, destruye el desertor o monje objetivo de coste 3 o menos.",3,FALSE,,3,4,,,https://i.postimg.cc/VsZz9BLq/AUGUSTUS-TRONO-COMPARTIDO-COPIA.webp,,,,,,,,,,,,"{'idExpansion': 4, 'nombreExpansion': 'TRONO COMPARTIDO', 'fechaLanzamiento': '2024-05-26T04:09:14.000+00:00', 'visibilidad': True}","{'idTipo': 28, 'nombreTipo': 'UNIDAD'}",,"{'idSubTipo': 2, 'nombreSubTipo': 'SOLDADO'}",,"{'idSubTipo': 13, 'nombreSubTipo': 'REALEZA'}",,"{'idRareza': 1, 'nombreRareza': 'PLATA'}",,"{'idRareza': 1, 'nombreRareza': 'PLATA'}",FALSE,TRUE,FALSE,FALSE,FALSE,FALSE,FALSE,FALSE,FALSE,FALSE,FALSE,,,FALSE,FALSE,FALSE,FALSE,FALSE,FALSE,TRUE,FALSE,FALSE,,FALSE,FALSE,FALSE,FALSE,TRUE,FALSE,FALSE,TRUE,FALSE,FALSE,FALSE,FALSE,FALSE,,,,,,,,,,,,
109,AURA LLAMEANTE,,1/9,1,TRUE,,Derrotado: Busca en tu Reino una carta de acción de coste 2 o menos y ponla en tu mano.,2,FALSE,,2,2,,,https://i.postimg.cc/pXvRcKfB/AURA-LLAMEANTE-copia.jpg,https://i.postimg.cc/vHqmXF75/Full-art-Aura-llameante-copia.jpg,https://i.postimg.cc/RCKhDDsL/aura-full-art.webp,https://i.postimg.cc/vHvBQ6d1/aura-llameante.webp,https://i.postimg.cc/4xMWsTP7/AURA-LLAMEANTE.webp,https://i.postimg.cc/HWVqNRcn/METAL-AURA-LLAMEANTE.png,,,,,,,"{'idExpansion': 3, 'nombreExpansion': 'PACTO SECRETO', 'fechaLanzamiento': '2024-05-26T04:09:09.000+00:00', 'visibilidad': True}","{'idTipo': 28, 'nombreTipo': 'UNIDAD'}",,"{'idSubTipo': 8, 'nombreSubTipo': 'ELEMENTAL'}",,,,"{'idRareza': 1, 'nombreRareza': 'PLATA'}",,"{'idRareza': 1, 'nombreRareza': 'PLATA'}",FALSE,TRUE,FALSE,FALSE,FALSE,FALSE,FALSE,FALSE,FALSE,FALSE,FALSE,,,FALSE,FALSE,FALSE,FALSE,FALSE,FALSE,FALSE,FALSE,FALSE,,FALSE,FALSE,FALSE,FALSE,TRUE,TRUE,TRUE,TRUE,TRUE,TRUE,TRUE,TRUE,FALSE,,,,,,,,,,,,
310,AUTOR DE LIBROS DE LEVITACION,,7/9,1.15,FALSE,,Evasión. Aparición en juego: Crea dos fichsa libro. 1 oro y Destruir una ficha de libro aliada: Regresa la unidad rival objetivo a la mano. Activa solo una vez por turno.,4,FALSE,,2,5,,,https://i.postimg.cc/wvmF4Hxs/AUTOR-DE-LIBROS-DE-LEVITACION-copia.webp,,,,,,,,,,,,"{'idExpansion': 5, 'nombreExpansion': 'IMPERIO', 'fechaLanzamiento': '2024-07-04T19:48:17.000+00:00', 'visibilidad': True}","{'idTipo': 28, 'nombreTipo': 'UNIDAD'}",,"{'idSubTipo': 7, 'nombreSubTipo': 'MAGO'}",,,,"{'idRareza': 2, 'nombreRareza': 'BRONCE'}",,"{'idRareza': 2, 'nombreRareza': 'BRONCE'}",FALSE,TRUE,FALSE,FALSE,FALSE,FALSE,FALSE,FALSE,FALSE,FALSE,FALSE,,,TRUE,FALSE,FALSE,FALSE,FALSE,FALSE,FALSE,FALSE,FALSE,,FALSE,FALSE,FALSE,FALSE,TRUE,FALSE,FALSE,TRUE,FALSE,FALSE,FALSE,FALSE,FALSE,,,,,,,,,,,,
76,AVE MAJESTUOSA,,1/9,1.25,FALSE,,Evasión. (Esta unidad solo puede ser bloqueada por unidades con Evasión o Vigía).,2,FALSE,,2,2,,,https://i.postimg.cc/jSgTj9G8/AVE-MAJESTUOSA-copia.jpg,https://i.postimg.cc/qRcws6Ty/AVE-MAJESTUOSA.webp,https://i.postimg.cc/HnV7SFvc/AVE-MAJESTUOSA-copia.jpg,,,,,,,,,,"{'idExpansion': 3, 'nombreExpansion': 'PACTO SECRETO', 'fechaLanzamiento': '2024-05-26T04:09:09.000+00:00', 'visibilidad': True}","{'idTipo': 28, 'nombreTipo': 'UNIDAD'}",,"{'idSubTipo': 3, 'nombreSubTipo': 'ANIMAL'}",,,,"{'idRareza': 2, 'nombreRareza': 'BRONCE'}",,"{'idRareza': 2, 'nombreRareza': 'BRONCE'}",FALSE,TRUE,FALSE,FALSE,FALSE,FALSE,FALSE,FALSE,FALSE,FALSE,FALSE,,,TRUE,FALSE,TRUE,FALSE,FALSE,FALSE,FALSE,FALSE,FALSE,,FALSE,FALSE,FALSE,FALSE,TRUE,TRUE,TRUE,TRUE,TRUE,TRUE,TRUE,TRUE,FALSE,,,,,,,,,,,,
5,"AZAHARA, LIDER DE LA GUARDIA",,2/9,2.25,FALSE,,Frenesí. Destruye esta unidad al final de tu turno.,2,FALSE,,5,2,,,https://i.postimg.cc/cLQ9KMCJ/Mesa-de-trabajo-1.webp,https://i.postimg.cc/x8gBBcS4/azara-lider-de-la-guardia-copias-90.jpg,https://i.postimg.cc/MKPhDM5c/azahra-FULL-ART-copias-26.jpg,https://i.postimg.cc/QxT43h5L/Full-art-Azahara-lider-de-la-guardia.png,https://i.postimg.cc/7ZXG1jCW/azahara.jpg,https://i.postimg.cc/3J5v3X5n/azahara-ff.jpg,https://i.postimg.cc/SxmYMmK9/azahara-fful.jpg,,,,,La carta se destruye al final del turno aunque tenga Indestructible. Su efecto puede ser cancelado por alguna habilidad que cancele efectos disparados. Su efecto dispara al final de cada turno de su controlador.,"{'idExpansion': 2, 'nombreExpansion': 'FUNDAMENTOS', 'fechaLanzamiento': '2024-05-26T04:08:58.000+00:00', 'visibilidad': True}","{'idTipo': 28, 'nombreTipo': 'UNIDAD'}",,"{'idSubTipo': 6, 'nombreSubTipo': 'DESERTOR'}",,,,"{'idRareza': 1, 'nombreRareza': 'PLATA'}",,"{'idRareza': 1, 'nombreRareza': 'PLATA'}",FALSE,TRUE,FALSE,FALSE,FALSE,FALSE,TRUE,FALSE,FALSE,FALSE,FALSE,,,FALSE,FALSE,FALSE,FALSE,FALSE,FALSE,FALSE,FALSE,FALSE,,FALSE,FALSE,FALSE,FALSE,FALSE,TRUE,TRUE,TRUE,TRUE,TRUE,TRUE,TRUE,FALSE,,,,,,,,,,,,
471,AZOTA COSTAS,,5/9,4.25,FALSE,,"Arrollar. Hurto. Siempre que haga daño de combate, destrúyelo. Aparición en juego: El oponente objetivo descarta dos cartas. Si lo hace, ese oponente roba una carta.",3,FALSE,0,4,3,,,https://i.postimg.cc/SQcs9VN6/AZOTA-COSTAS-copia.webp,,,,,,,,,,,,"{'idExpansion': 6, 'nombreExpansion': 'ANCESTROS', 'fechaLanzamiento': '2024-11-19T03:36:06.000+00:00', 'visibilidad': True}","{'idTipo': 28, 'nombreTipo': 'UNIDAD'}",,"{'idSubTipo': 18, 'nombreSubTipo': 'GIGANTE'}","{'idSubTipo': 1, 'nombreSubTipo': 'PIRATA'}",,,"{'idRareza': 1, 'nombreRareza': 'PLATA'}",,"{'idRareza': 1, 'nombreRareza': 'PLATA'}",FALSE,TRUE,FALSE,FALSE,FALSE,FALSE,FALSE,FALSE,FALSE,FALSE,TRUE,,,FALSE,FALSE,FALSE,FALSE,FALSE,TRUE,FALSE,FALSE,FALSE,,FALSE,FALSE,TRUE,TRUE,FALSE,TRUE,TRUE,TRUE,FALSE,FALSE,TRUE,FALSE,FALSE,,,,,,,,,,,,
121,AZOTE DE LOS MARES,,4/9,1,TRUE,,"Siempre que un oponente descarte una carta, ese jugador pierde 2 vidas.",2,FALSE,,2,3,,"Cuando los piratas recibieron el llamado de saquear Berin, no titubearon. Expertos en lo suyo, feroces y salvajes, causaron grandes disturbios y peleas aguerridas.",https://i.postimg.cc/yNDH3jK7/AZOTE-DE-LOS-MARES-copia.jpg,https://i.postimg.cc/RCRGqtGz/AZOTE-DE-LOS-MARES.webp,,,,,,,,,,,"{'idExpansion': 3, 'nombreExpansion': 'PACTO SECRETO', 'fechaLanzamiento': '2024-05-26T04:09:09.000+00:00', 'visibilidad': True}","{'idTipo': 28, 'nombreTipo': 'UNIDAD'}",,"{'idSubTipo': 1, 'nombreSubTipo': 'PIRATA'}",,,,"{'idRareza': 1, 'nombreRareza': 'PLATA'}",,"{'idRareza': 1, 'nombreRareza': 'PLATA'}",FALSE,TRUE,FALSE,FALSE,FALSE,FALSE,FALSE,FALSE,FALSE,FALSE,FALSE,,,FALSE,FALSE,FALSE,FALSE,FALSE,FALSE,FALSE,FALSE,FALSE,,FALSE,FALSE,FALSE,FALSE,TRUE,TRUE,TRUE,TRUE,FALSE,FALSE,TRUE,FALSE,FALSE,,,,,,,,,,,,
58,BALANZA DE CADAVERES,,0/9,1.25,TRUE,,Destruye todas las unidades.,4,FALSE,,,,,,https://i.postimg.cc/1zbZGFRw/BALANZA-DE-CADAVERES-copia.jpg,https://i.postimg.cc/FzyKkYdB/balanza.webp,https://i.postimg.cc/zv0kMm3f/BALANZA-DE-CADAVERES.webp,,,,,,,,,,"{'idExpansion': 3, 'nombreExpansion': 'PACTO SECRETO', 'fechaLanzamiento': '2024-05-26T04:09:09.000+00:00', 'visibilidad': True}","{'idTipo': 1, 'nombreTipo': 'ACCION'}",,,,"{'idSubTipo': 12, 'nombreSubTipo': 'RAPIDA'}",,"{'idRareza': 3, 'nombreRareza': 'ORO'}",,"{'idRareza': 3, 'nombreRareza': 'ORO'}",FALSE,FALSE,FALSE,FALSE,FALSE,FALSE,TRUE,FALSE,FALSE,FALSE,FALSE,,,FALSE,FALSE,FALSE,FALSE,FALSE,FALSE,FALSE,FALSE,FALSE,,FALSE,FALSE,FALSE,FALSE,TRUE,TRUE,TRUE,TRUE,TRUE,TRUE,TRUE,TRUE,TRUE,,,,,,,,,,,,
472,"BALDUR, REY DE LOS LINAJES",,7/9,1.5,TRUE,,"Resguardo: 1 de oro. Siempre que ataques, crea una ficha enano 1/1 atacando, luego las unidades aliadas en la Zona de Combate ganan +1/+0 hasta el final del turno.",4,FALSE,0,3,4,,,https://i.postimg.cc/0QwNc0Gq/BALDUR-REY-DE-LOS-LINAJES-copia.webp,,,,,,,,,,,,"{'idExpansion': 6, 'nombreExpansion': 'ANCESTROS', 'fechaLanzamiento': '2024-11-19T03:36:06.000+00:00', 'visibilidad': True}","{'idTipo': 28, 'nombreTipo': 'UNIDAD'}",,"{'idSubTipo': 19, 'nombreSubTipo': 'ENANO'}",,"{'idSubTipo': 13, 'nombreSubTipo': 'REALEZA'}",,"{'idRareza': 3, 'nombreRareza': 'ORO'}",,"{'idRareza': 3, 'nombreRareza': 'ORO'}",FALSE,TRUE,FALSE,FALSE,FALSE,FALSE,FALSE,FALSE,FALSE,FALSE,FALSE,,,FALSE,FALSE,FALSE,FALSE,FALSE,FALSE,TRUE,FALSE,FALSE,,TRUE,FALSE,FALSE,FALSE,TRUE,FALSE,FALSE,TRUE,FALSE,FALSE,FALSE,FALSE,FALSE,,,,,,,,,,,,
191,BANQUETE FRUSTRADO,,0/9,0,FALSE,,Envenena todas las unidades.,3,FALSE,,,,,"Y entonces todos los nobles fueron invitados al banquete, sin saber que aquellos alimentos que comerían serían los últimos.",https://i.postimg.cc/bNK8Wynd/BANQUETE-FRUSTRADO-COPIA.webp,,,,,,,,,,,,"{'idExpansion': 4, 'nombreExpansion': 'TRONO COMPARTIDO', 'fechaLanzamiento': '2024-05-26T04:09:14.000+00:00', 'visibilidad': True}","{'idTipo': 1, 'nombreTipo': 'ACCION'}",,,,,,"{'idRareza': 3, 'nombreRareza': 'ORO'}",,"{'idRareza': 3, 'nombreRareza': 'ORO'}",FALSE,FALSE,FALSE,FALSE,FALSE,FALSE,FALSE,FALSE,FALSE,FALSE,FALSE,,,FALSE,FALSE,FALSE,FALSE,FALSE,FALSE,FALSE,FALSE,FALSE,,FALSE,FALSE,FALSE,FALSE,TRUE,TRUE,TRUE,TRUE,TRUE,TRUE,TRUE,TRUE,TRUE,,,,,,,,,,,,
473,BARATIJA DEL DESEO,,7/9,2.15,TRUE,,"Siempre que elijas, puedes poner un contador de deseo sobre este tesoro. Cuando pongas el tercero, destrúyelo y crea una ficha djinn 2/3 con Evasión.",2,FALSE,2,3,4,,,https://i.postimg.cc/6qVpN61j/BARATIJA-DEL-DESEO-copia.webp,,,,,,,,,,,,"{'idExpansion': 6, 'nombreExpansion': 'ANCESTROS', 'fechaLanzamiento': '2024-11-19T03:36:06.000+00:00', 'visibilidad': True}","{'idTipo': 6, 'nombreTipo': 'TESORO'}",,,,,,"{'idRareza': 1, 'nombreRareza': 'PLATA'}",,"{'idRareza': 1, 'nombreRareza': 'PLATA'}",FALSE,TRUE,FALSE,FALSE,FALSE,FALSE,FALSE,FALSE,FALSE,FALSE,FALSE,,,TRUE,FALSE,FALSE,FALSE,FALSE,FALSE,FALSE,FALSE,FALSE,,FALSE,TRUE,FALSE,FALSE,TRUE,FALSE,FALSE,TRUE,FALSE,FALSE,FALSE,FALSE,FALSE,,,,,,,,,,,,
338,BARRACA DE RECLUTAS,,0/9,1,FALSE,,Aparición en juego: Crea dos fichas soldado 1/1. Destruir: La unidad aliada objetivo gana Guardián hasta el final del turno.,2,FALSE,,,,,,https://i.postimg.cc/4yRPrMn2/BARRACA-DE-RECLUTAS-copia.webp,,,,,,,,,,,,"{'idExpansion': 5, 'nombreExpansion': 'IMPERIO', 'fechaLanzamiento': '2024-07-04T19:48:17.000+00:00', 'visibilidad': True}","{'idTipo': 17, 'nombreTipo': 'MONUMENTO'}",,"{'idSubTipo': 2, 'nombreSubTipo': 'SOLDADO'}",,,,"{'idRareza': 2, 'nombreRareza': 'BRONCE'}",,"{'idRareza': 2, 'nombreRareza': 'BRONCE'}",FALSE,FALSE,FALSE,TRUE,FALSE,FALSE,FALSE,FALSE,FALSE,FALSE,FALSE,,,FALSE,FALSE,FALSE,FALSE,FALSE,FALSE,FALSE,FALSE,FALSE,,FALSE,FALSE,FALSE,FALSE,TRUE,TRUE,TRUE,TRUE,TRUE,TRUE,TRUE,TRUE,TRUE,,,,,,,,,,,,
156,BENDICION DE LA REINA,,0/9,0,TRUE,,Agotar: Ganas 2 vidas.,3,FALSE,3,,,,"No es tarea sencilla soportar el temperamento de Graden, especialmente como esposo, pero Eleonor ha encontrado la manera de lidiar con él. Incluso algunos afirmarían que es mágica.",https://i.postimg.cc/wvJY0B3P/BENDICION-DE-LA-REINA-copia.jpg,https://i.postimg.cc/HL5sprqt/Full-art-Bendicion-de-la-reina-copia.jpg,https://i.postimg.cc/yN26fm0G/bendicion-full-art.webp,https://i.postimg.cc/yY8jRNr3/BENDICION-DE-LA-REINA.webp,,,,,,,,,"{'idExpansion': 3, 'nombreExpansion': 'PACTO SECRETO', 'fechaLanzamiento': '2024-05-26T04:09:09.000+00:00', 'visibilidad': True}","{'idTipo': 6, 'nombreTipo': 'TESORO'}",,,,,,"{'idRareza': 3, 'nombreRareza': 'ORO'}",,"{'idRareza': 3, 'nombreRareza': 'ORO'}",FALSE,FALSE,FALSE,FALSE,FALSE,FALSE,FALSE,FALSE,FALSE,FALSE,FALSE,,,FALSE,FALSE,FALSE,FALSE,FALSE,FALSE,FALSE,FALSE,FALSE,,FALSE,FALSE,FALSE,FALSE,TRUE,TRUE,TRUE,TRUE,TRUE,TRUE,TRUE,TRUE,TRUE,,,,,,,,,,,,
55,BENDICION DEL ANGEL,,0/9,1,TRUE,,Aparición en juego: Roba una carta.,4,FALSE,4,,,,,https://i.postimg.cc/vTQz38Yj/BENDICION-DEL-ANGEL.webp,https://i.postimg.cc/hjZNnBZK/Bendicion-del-angel-Full-Art-copias-13.jpg,https://i.postimg.cc/NFYDZPBQ/Mesa-de-trabajo-10-200x.png,https://i.postimg.cc/qqLwrXvy/Mesa-de-trabajo-9-200x.png,https://i.postimg.cc/q7P3gy6J/bend.jpg,,,,,,,,"{'idExpansion': 2, 'nombreExpansion': 'FUNDAMENTOS', 'fechaLanzamiento': '2024-05-26T04:08:58.000+00:00', 'visibilidad': True}","{'idTipo': 6, 'nombreTipo': 'TESORO'}",,,,,,"{'idRareza': 2, 'nombreRareza': 'BRONCE'}",,"{'idRareza': 2, 'nombreRareza': 'BRONCE'}",FALSE,FALSE,FALSE,FALSE,FALSE,FALSE,FALSE,FALSE,FALSE,FALSE,TRUE,,,FALSE,FALSE,FALSE,FALSE,FALSE,FALSE,FALSE,FALSE,FALSE,,FALSE,FALSE,FALSE,FALSE,TRUE,TRUE,TRUE,TRUE,TRUE,TRUE,TRUE,TRUE,TRUE,,,,,,,,,,,,
314,BERSERKER ENCADENADO,,8/9,1,FALSE,,"Centinela. Mientras controles tres o más unidades, pierde Centinela y no puede bloquear.",3,FALSE,3,4,4,,,https://i.postimg.cc/tJdky5xq/BERSERKER-ENCADENADO-copia.webp,,,,,,,,,,,,"{'idExpansion': 5, 'nombreExpansion': 'IMPERIO', 'fechaLanzamiento': '2024-07-04T19:48:17.000+00:00', 'visibilidad': True}","{'idTipo': 28, 'nombreTipo': 'UNIDAD'}",,"{'idSubTipo': 2, 'nombreSubTipo': 'SOLDADO'}",,,,"{'idRareza': 2, 'nombreRareza': 'BRONCE'}",,"{'idRareza': 2, 'nombreRareza': 'BRONCE'}",FALSE,TRUE,FALSE,FALSE,FALSE,FALSE,FALSE,FALSE,FALSE,FALSE,FALSE,,,FALSE,FALSE,FALSE,FALSE,FALSE,FALSE,FALSE,FALSE,FALSE,,FALSE,FALSE,FALSE,FALSE,FALSE,FALSE,FALSE,TRUE,FALSE,FALSE,FALSE,FALSE,FALSE,,,,,,,,,,,,
193,BIENVENIDO AL AVERNO,,0/9,1.25,FALSE,,Condena la unidad objetivo (Envía la unidad al Averno).,3,FALSE,,,,,,https://i.postimg.cc/bNxHtmpv/BIENVENIDO-AL-AVERNO-copia.webp,https://i.postimg.cc/t4WyHKdk/BIENVENIDO-AL-AVERNO-COPIA.webp,,,,,,,,,,,"{'idExpansion': 4, 'nombreExpansion': 'TRONO COMPARTIDO', 'fechaLanzamiento': '2024-05-26T04:09:14.000+00:00', 'visibilidad': True}","{'idTipo': 1, 'nombreTipo': 'ACCION'}",,,,"{'idSubTipo': 12, 'nombreSubTipo': 'RAPIDA'}",,"{'idRareza': 2, 'nombreRareza': 'BRONCE'}",,"{'idRareza': 2, 'nombreRareza': 'BRONCE'}",FALSE,FALSE,FALSE,FALSE,FALSE,FALSE,TRUE,FALSE,FALSE,FALSE,FALSE,,,FALSE,FALSE,FALSE,FALSE,FALSE,FALSE,FALSE,FALSE,FALSE,,FALSE,FALSE,FALSE,FALSE,TRUE,TRUE,TRUE,TRUE,TRUE,TRUE,TRUE,TRUE,TRUE,,,,,,,,,,,,
170,BLOQUEO COMERCIAL,,0/9,0,TRUE,,"Agotar: Durante el próximo turno del jugador objetivo, su primera orden de unidad cuesta 1 más.",3,FALSE,3,,,,,https://i.postimg.cc/T16MSXDP/BLOQUEO-COMERCIAL-copia.jpg,https://i.postimg.cc/0Qvdy5wQ/BLOQUEO-COMERCIAL.webp,,,,,,,,,,,"{'idExpansion': 3, 'nombreExpansion': 'PACTO SECRETO', 'fechaLanzamiento': '2024-05-26T04:09:09.000+00:00', 'visibilidad': True}","{'idTipo': 6, 'nombreTipo': 'TESORO'}",,,,,,"{'idRareza': 3, 'nombreRareza': 'ORO'}",,"{'idRareza': 3, 'nombreRareza': 'ORO'}",FALSE,FALSE,FALSE,FALSE,FALSE,FALSE,FALSE,FALSE,FALSE,FALSE,FALSE,,,FALSE,FALSE,FALSE,FALSE,FALSE,FALSE,FALSE,FALSE,FALSE,,FALSE,FALSE,FALSE,FALSE,TRUE,TRUE,TRUE,TRUE,TRUE,TRUE,TRUE,TRUE,TRUE,,,,,,,,,,,,
6,BOLA DE FUEGO,,0/9,0,FALSE,,Hace 2 puntos de daño a cualquier objetivo.,2,FALSE,,,,,,https://i.postimg.cc/wTX1y7XV/Mesa-de-trabajo-9.webp,https://i.postimg.cc/VkjsHWVG/Bola-de-fuego-copias-60.jpg,https://i.postimg.cc/brTD65Cr/bola.jpg,https://i.postimg.cc/T1G5JxcB/bola-de-fuego.jpg,,,,,,,,,"{'idExpansion': 2, 'nombreExpansion': 'FUNDAMENTOS', 'fechaLanzamiento': '2024-05-26T04:08:58.000+00:00', 'visibilidad': True}","{'idTipo': 1, 'nombreTipo': 'ACCION'}",,,,"{'idSubTipo': 12, 'nombreSubTipo': 'RAPIDA'}",,"{'idRareza': 2, 'nombreRareza': 'BRONCE'}",,"{'idRareza': 2, 'nombreRareza': 'BRONCE'}",FALSE,FALSE,FALSE,FALSE,FALSE,FALSE,FALSE,FALSE,FALSE,FALSE,FALSE,,,FALSE,FALSE,FALSE,FALSE,FALSE,FALSE,FALSE,FALSE,FALSE,,FALSE,FALSE,FALSE,FALSE,TRUE,TRUE,TRUE,TRUE,TRUE,TRUE,TRUE,TRUE,TRUE,,,,,,,,,,,,
110,BRISA DANZANTE,,0/9,2.25,FALSE,,Evasión. (Esta unidad solo puede ser bloqueada por unidades con Evasión o Vigía). Derrotado: Ganas 3 vidas.,1,FALSE,,2,1,,,https://i.postimg.cc/nV4tmMy9/BRISA-DANZANTE-copia.jpg,https://i.postimg.cc/pT8W3mZL/brisa-danzante.webp,https://i.postimg.cc/X718k0TH/BRISA-DANZANTE.webp,https://i.postimg.cc/htqNfGCQ/METAL-BRISA-DANZANTE.png,,,,,,,,,"{'idExpansion': 3, 'nombreExpansion': 'PACTO SECRETO', 'fechaLanzamiento': '2024-05-26T04:09:09.000+00:00', 'visibilidad': True}","{'idTipo': 28, 'nombreTipo': 'UNIDAD'}",,"{'idSubTipo': 8, 'nombreSubTipo': 'ELEMENTAL'}",,,,"{'idRareza': 2, 'nombreRareza': 'BRONCE'}",,"{'idRareza': 2, 'nombreRareza': 'BRONCE'}",FALSE,TRUE,FALSE,FALSE,FALSE,FALSE,FALSE,FALSE,FALSE,FALSE,FALSE,,,TRUE,FALSE,TRUE,FALSE,FALSE,FALSE,FALSE,TRUE,FALSE,,FALSE,FALSE,FALSE,FALSE,TRUE,TRUE,TRUE,TRUE,TRUE,TRUE,TRUE,TRUE,TRUE,,,,,,,,,,,,
354,BUSCADOR EXHAUSTIVO,,1/9,1,FALSE,,Aparición en juego: Excavar Bóveda 1.,1,FALSE,,2,2,,,https://i.postimg.cc/FF0Dj9nM/BUSCADOR-EXHAUSTIVO-copia.webp,https://i.postimg.cc/MZNCJ5VD/METAL-BUSCADOR-EXHAUSTIVO.png,,,,,,,,,,,"{'idExpansion': 5, 'nombreExpansion': 'IMPERIO', 'fechaLanzamiento': '2024-07-04T19:48:17.000+00:00', 'visibilidad': True}","{'idTipo': 28, 'nombreTipo': 'UNIDAD'}",,"{'idSubTipo': 1, 'nombreSubTipo': 'PIRATA'}",,,,"{'idRareza': 2, 'nombreRareza': 'BRONCE'}",,"{'idRareza': 2, 'nombreRareza': 'BRONCE'}",FALSE,TRUE,FALSE,FALSE,FALSE,FALSE,FALSE,FALSE,FALSE,FALSE,FALSE,,,FALSE,FALSE,FALSE,FALSE,FALSE,FALSE,FALSE,FALSE,FALSE,,FALSE,FALSE,FALSE,FALSE,TRUE,TRUE,TRUE,TRUE,TRUE,TRUE,TRUE,TRUE,FALSE,,,,,,,,,,,,
157,BUSCANDO A LA LIEBRE,,0/9,0,TRUE,,Destruir: Busca en tu Reino una carta de animal de coste 2 o menos y ponla en tu mano.,3,FALSE,3,,,,,https://i.postimg.cc/zvFZYPCF/BUSCANDO-LA-LIEBRE-copia.jpg,https://i.postimg.cc/7hY3SBXr/BUSCANDO-A-LA-LIEBRE.webp,https://i.postimg.cc/zBdgFq7Y/BUSCANDO-A-LA-LIEBRE-copia.jpg,,,,,,,,,,"{'idExpansion': 3, 'nombreExpansion': 'PACTO SECRETO', 'fechaLanzamiento': '2024-05-26T04:09:09.000+00:00', 'visibilidad': True}","{'idTipo': 6, 'nombreTipo': 'TESORO'}",,,,,,"{'idRareza': 1, 'nombreRareza': 'PLATA'}",,"{'idRareza': 1, 'nombreRareza': 'PLATA'}",FALSE,FALSE,FALSE,FALSE,FALSE,FALSE,FALSE,FALSE,FALSE,FALSE,FALSE,,,FALSE,FALSE,FALSE,FALSE,FALSE,FALSE,FALSE,FALSE,FALSE,,FALSE,FALSE,FALSE,FALSE,TRUE,TRUE,TRUE,TRUE,TRUE,TRUE,TRUE,TRUE,TRUE,,,,,,,,,,,,
7,CABALLERIA REAL,,8/9,1,FALSE,,"Frenesí. Siempre que esta unidad ataque, las unidades que controlas ganan +1/+0 hasta el final del turno.",4,FALSE,,4,4,,,https://i.postimg.cc/52ZSDS98/CABALLERIA-REAL.webp,https://i.postimg.cc/jdTRn75y/Caballeria-real-copia-100.jpg,https://i.postimg.cc/15yZ31CH/Mesa-de-trabajo-12-200x.png,,,,,,,,,,"{'idExpansion': 2, 'nombreExpansion': 'FUNDAMENTOS', 'fechaLanzamiento': '2024-05-26T04:08:58.000+00:00', 'visibilidad': True}","{'idTipo': 28, 'nombreTipo': 'UNIDAD'}",,"{'idSubTipo': 2, 'nombreSubTipo': 'SOLDADO'}",,,,"{'idRareza': 1, 'nombreRareza': 'PLATA'}",,"{'idRareza': 1, 'nombreRareza': 'PLATA'}",FALSE,TRUE,FALSE,FALSE,FALSE,FALSE,FALSE,FALSE,FALSE,FALSE,FALSE,,,FALSE,FALSE,FALSE,FALSE,FALSE,FALSE,FALSE,FALSE,FALSE,,FALSE,FALSE,FALSE,FALSE,FALSE,FALSE,FALSE,TRUE,FALSE,FALSE,FALSE,FALSE,FALSE,,,,,,,,,,,,
174,CABALLERIZA FUGAZ,,1/9,0.25,TRUE,,"Destruir: Las unidades que controlas ganan Arrollar, Frenesí e Indestructible hasta el final de turno.",2,FALSE,,,,,,https://i.postimg.cc/tCwJcTQn/CABALLERIZA-FUGAZ-copia.jpg,https://i.postimg.cc/LsL3Sghw/CABALLERIZA-FUGAZ.webp,,,,,,,,,,,"{'idExpansion': 3, 'nombreExpansion': 'PACTO SECRETO', 'fechaLanzamiento': '2024-05-26T04:09:09.000+00:00', 'visibilidad': True}","{'idTipo': 17, 'nombreTipo': 'MONUMENTO'}",,,,,,"{'idRareza': 4, 'nombreRareza': 'DIAMANTE'}",,"{'idRareza': 4, 'nombreRareza': 'DIAMANTE'}",FALSE,FALSE,FALSE,FALSE,FALSE,FALSE,FALSE,FALSE,FALSE,FALSE,FALSE,,,FALSE,FALSE,FALSE,FALSE,FALSE,TRUE,FALSE,FALSE,FALSE,,FALSE,FALSE,FALSE,FALSE,TRUE,TRUE,TRUE,FALSE,TRUE,TRUE,TRUE,TRUE,TRUE,,,,,,,,,,,,
474,CABAÑA DE RECLUTAMIENTO,,7/9,1,FALSE,,"Aparición en juego y ""1 de oro y Destruir"": Crea una ficha enano 1/1. Gana +1/+0 y Frenesí hasta el final del turno.",1,FALSE,2,3,4,,,https://i.postimg.cc/y88YwHhj/CABA-A-DE-RECLUTAMIENTO-copia.webp,,,,,,,,,,,,"{'idExpansion': 6, 'nombreExpansion': 'ANCESTROS', 'fechaLanzamiento': '2024-11-19T03:36:06.000+00:00', 'visibilidad': True}","{'idTipo': 17, 'nombreTipo': 'MONUMENTO'}",,"{'idSubTipo': 19, 'nombreSubTipo': 'ENANO'}",,,,"{'idRareza': 1, 'nombreRareza': 'PLATA'}",,"{'idRareza': 1, 'nombreRareza': 'PLATA'}",FALSE,TRUE,FALSE,FALSE,FALSE,FALSE,FALSE,FALSE,FALSE,FALSE,FALSE,,,FALSE,FALSE,FALSE,FALSE,FALSE,FALSE,FALSE,FALSE,FALSE,,FALSE,FALSE,FALSE,FALSE,TRUE,FALSE,FALSE,TRUE,FALSE,FALSE,FALSE,FALSE,FALSE,,,,,,,,,,,,
8,CACERIA DE BRUJAS,,0/9,1,TRUE,,Aparición en juego: El jugador objetivo muestra su mano. Elige una carta. Ese jugador descarta esa carta.,5,FALSE,5,,,,,https://i.postimg.cc/JzyQT281/CACERIA-DE-BRUJAS.webp,https://i.postimg.cc/mkD0fCyF/Mesa-de-trabajo-13-200x.png,https://i.postimg.cc/63zDmYnX/Mesa-de-trabajo-14-200x.png,https://i.postimg.cc/dtsT7q3y/caceria-ff.jpg,https://i.postimg.cc/xT6NMWNF/caceria.jpg,https://i.postimg.cc/2jvFkfVy/Caceria-de-brujas-ARTE-ALTERNATIVO.webp,,,,,,,"{'idExpansion': 2, 'nombreExpansion': 'FUNDAMENTOS', 'fechaLanzamiento': '2024-05-26T04:08:58.000+00:00', 'visibilidad': True}","{'idTipo': 6, 'nombreTipo': 'TESORO'}",,,,,,"{'idRareza': 1, 'nombreRareza': 'PLATA'}",,"{'idRareza': 1, 'nombreRareza': 'PLATA'}",FALSE,FALSE,FALSE,FALSE,FALSE,FALSE,FALSE,FALSE,FALSE,FALSE,FALSE,,,FALSE,FALSE,FALSE,FALSE,FALSE,FALSE,FALSE,FALSE,FALSE,,FALSE,FALSE,FALSE,TRUE,TRUE,TRUE,TRUE,TRUE,TRUE,TRUE,TRUE,TRUE,TRUE,,,,,,,,,,,,
194,CADENAS ROTAS,,0/9,0,TRUE,,Destruir: Puedes jugar la carta de unidad objetivo de tu Averno este turno.,2,FALSE,2,,,,,https://i.postimg.cc/k5CCMTfm/CADENAS-ROTAS-COPIA.webp,,,,,,,,,,,"La carta de unidad puede ser jugada en cualquier momento del turno, no necesariamente al resolver la habilidad.","{'idExpansion': 4, 'nombreExpansion': 'TRONO COMPARTIDO', 'fechaLanzamiento': '2024-05-26T04:09:14.000+00:00', 'visibilidad': True}","{'idTipo': 6, 'nombreTipo': 'TESORO'}",,,,,,"{'idRareza': 1, 'nombreRareza': 'PLATA'}",,"{'idRareza': 1, 'nombreRareza': 'PLATA'}",FALSE,FALSE,FALSE,FALSE,FALSE,FALSE,FALSE,FALSE,FALSE,FALSE,FALSE,,,FALSE,FALSE,FALSE,FALSE,FALSE,FALSE,FALSE,FALSE,FALSE,,FALSE,FALSE,FALSE,FALSE,TRUE,TRUE,TRUE,TRUE,TRUE,TRUE,TRUE,TRUE,TRUE,,,,,,,,,,,,
80,CAIDA DEL REINO,,0/9,0,FALSE,,Las unidades del jugador objetivo ganan -3/-3 hasta el final del turno.,5,FALSE,,,,,,https://i.postimg.cc/J4KVTv41/CAIDA-DEL-REINO-copia.jpg,https://i.postimg.cc/cHS16sZG/Full-Art-Caida-del-reino-copia.jpg,https://i.postimg.cc/QCJXxvvL/caida-del-reino.webp,https://i.postimg.cc/PJjXHd3z/caida-del-reino-full-art.webp,https://i.postimg.cc/DZcQJVrc/CAIDA-DEL-REINO.webp,https://i.postimg.cc/LsXsKvWW/CAIDA-DEL-REINO-copia.webp,,,,,,"Cómo esta carta modifica directamente los stats originales de las unidades afectadas, puede resultar en la muerte de esas unidades incluso si tuvieran Indestructible.","{'idExpansion': 3, 'nombreExpansion': 'PACTO SECRETO', 'fechaLanzamiento': '2024-05-26T04:09:09.000+00:00', 'visibilidad': True}","{'idTipo': 1, 'nombreTipo': 'ACCION'}",,,,"{'idSubTipo': 12, 'nombreSubTipo': 'RAPIDA'}",,"{'idRareza': 1, 'nombreRareza': 'PLATA'}",,"{'idRareza': 1, 'nombreRareza': 'PLATA'}",FALSE,FALSE,FALSE,FALSE,FALSE,FALSE,FALSE,FALSE,FALSE,FALSE,FALSE,,,FALSE,FALSE,FALSE,FALSE,FALSE,FALSE,FALSE,FALSE,FALSE,,FALSE,FALSE,FALSE,FALSE,TRUE,TRUE,TRUE,TRUE,TRUE,TRUE,TRUE,TRUE,TRUE,,,,,,,,,,,,
9,CAIDO EN BATALLA,,0/9,1.25,TRUE,,Destruye la unidad objetivo.,2,FALSE,,,,,,https://i.postimg.cc/3NSg1gb4/CAIDO-EN-BATALLA.webp,https://i.postimg.cc/QxRYdRqt/Mesa-de-trabajo-15-200x.png,https://i.postimg.cc/dVX7SrB2/caido-en-batalla.jpg,,,,,,,,,,"{'idExpansion': 2, 'nombreExpansion': 'FUNDAMENTOS', 'fechaLanzamiento': '2024-05-26T04:08:58.000+00:00', 'visibilidad': True}","{'idTipo': 1, 'nombreTipo': 'ACCION'}",,,,"{'idSubTipo': 12, 'nombreSubTipo': 'RAPIDA'}",,"{'idRareza': 1, 'nombreRareza': 'PLATA'}",,"{'idRareza': 1, 'nombreRareza': 'PLATA'}",FALSE,FALSE,FALSE,FALSE,FALSE,FALSE,TRUE,FALSE,FALSE,FALSE,FALSE,,,FALSE,FALSE,FALSE,FALSE,FALSE,FALSE,FALSE,FALSE,FALSE,,FALSE,FALSE,FALSE,FALSE,TRUE,TRUE,TRUE,TRUE,TRUE,TRUE,TRUE,TRUE,TRUE,,,,,,,,,,,,
96,"CALAM, EL TIRA PIEDRAS",,1/9,1,FALSE,,Aparición en juego: Hace 2 puntos de daño a la unidad objetivo.,2,FALSE,,1,2,,,https://i.postimg.cc/kg4rLsBW/CALAM-EL-TIRA-PIEDRAS-copia.jpg,https://i.postimg.cc/c1XMdS4x/CALAM-EL-TIRA-PIEDRAS.webp,https://i.postimg.cc/MpbNR84P/METAL-CALAM-EL-TIRA-PIEDRAS.png,,,,,,,,,,"{'idExpansion': 3, 'nombreExpansion': 'PACTO SECRETO', 'fechaLanzamiento': '2024-05-26T04:09:09.000+00:00', 'visibilidad': True}","{'idTipo': 28, 'nombreTipo': 'UNIDAD'}",,"{'idSubTipo': 6, 'nombreSubTipo': 'DESERTOR'}",,,,"{'idRareza': 2, 'nombreRareza': 'BRONCE'}",,"{'idRareza': 2, 'nombreRareza': 'BRONCE'}",FALSE,TRUE,FALSE,FALSE,FALSE,FALSE,FALSE,FALSE,FALSE,FALSE,FALSE,,,FALSE,FALSE,FALSE,FALSE,FALSE,FALSE,FALSE,FALSE,FALSE,,FALSE,FALSE,FALSE,FALSE,TRUE,TRUE,TRUE,TRUE,TRUE,TRUE,TRUE,TRUE,FALSE,,,,,,,,,,,,
311,CALDERO DE DESTINOS,,7/9,1,TRUE,,Agotar: Purga hasta dos cartas objetivo de un mismo Averno.,1,FALSE,1,2,5,,,https://i.postimg.cc/52K3xj6C/CALDERO-DE-DESTINOS.webp,,,,,,,,,,,,"{'idExpansion': 5, 'nombreExpansion': 'IMPERIO', 'fechaLanzamiento': '2024-07-04T19:48:17.000+00:00', 'visibilidad': True}","{'idTipo': 6, 'nombreTipo': 'TESORO'}",,,,,,"{'idRareza': 1, 'nombreRareza': 'PLATA'}",,"{'idRareza': 1, 'nombreRareza': 'PLATA'}",FALSE,TRUE,FALSE,FALSE,FALSE,FALSE,FALSE,FALSE,FALSE,FALSE,FALSE,,,FALSE,FALSE,FALSE,FALSE,FALSE,FALSE,FALSE,FALSE,FALSE,,FALSE,FALSE,FALSE,FALSE,TRUE,FALSE,FALSE,TRUE,FALSE,FALSE,FALSE,FALSE,FALSE,,,,,,,,,,,,
59,CALDERO NEGRO,,0/9,0,TRUE,,Hace 2 puntos de daño a cualquier objetivo por cada carta de bruja en tu descarte.,3,FALSE,,,,,,https://i.postimg.cc/BnVW3FKk/CALDERO-NEGRO-copia.jpg,https://i.postimg.cc/h4L4r7vC/caldero-negro.webp,https://i.postimg.cc/3JNjRcdg/CALDERO-NEGRO.webp,https://i.postimg.cc/jSXNfwSf/gota-caldero.png,https://i.postimg.cc/L4YWDPwZ/METAL-CALDERO-NEGRO.png,https://i.postimg.cc/Gt03DRp0/FULL-ART-CALDERO-NEGRO-copia.webp,,,,,,,"{'idExpansion': 3, 'nombreExpansion': 'PACTO SECRETO', 'fechaLanzamiento': '2024-05-26T04:09:09.000+00:00', 'visibilidad': True}","{'idTipo': 1, 'nombreTipo': 'ACCION'}",,"{'idSubTipo': 14, 'nombreSubTipo': 'COMUN'}",,,,"{'idRareza': 4, 'nombreRareza': 'DIAMANTE'}",,"{'idRareza': 4, 'nombreRareza': 'DIAMANTE'}",FALSE,FALSE,FALSE,FALSE,FALSE,FALSE,FALSE,FALSE,FALSE,FALSE,FALSE,,,FALSE,FALSE,FALSE,FALSE,FALSE,FALSE,FALSE,FALSE,FALSE,,FALSE,FALSE,FALSE,FALSE,TRUE,TRUE,TRUE,TRUE,TRUE,TRUE,TRUE,TRUE,TRUE,,,,,,,,,,,,
100,"CALI, LA GRIMORISTA",,4/9,2,FALSE,,"Al principio de tu fase final, si controlas otra bruja, puedes perder 1 vida y robar una carta.",3,FALSE,,2,3,,,https://i.postimg.cc/YSG5CSN9/CALI-LA-GRIMORISTA-copia.jpg,https://i.postimg.cc/52Fw5Q5y/CALI-LA-GRIMORISTA.webp,,,,,,,,,,,"{'idExpansion': 3, 'nombreExpansion': 'PACTO SECRETO', 'fechaLanzamiento': '2024-05-26T04:09:09.000+00:00', 'visibilidad': True}","{'idTipo': 28, 'nombreTipo': 'UNIDAD'}",,"{'idSubTipo': 5, 'nombreSubTipo': 'BRUJA'}",,,,"{'idRareza': 1, 'nombreRareza': 'PLATA'}",,"{'idRareza': 1, 'nombreRareza': 'PLATA'}",FALSE,TRUE,FALSE,FALSE,FALSE,FALSE,FALSE,FALSE,FALSE,FALSE,TRUE,,,FALSE,FALSE,FALSE,FALSE,FALSE,FALSE,FALSE,FALSE,FALSE,,FALSE,FALSE,FALSE,FALSE,TRUE,TRUE,TRUE,TRUE,FALSE,FALSE,TRUE,FALSE,FALSE,,,,,,,,,,,,
475,CAMBIAR UN ALMA POR PODER,,7/9,3.25,TRUE,,"(Como coste adicional, destruye una unidad aliada). Interrumpe la orden de unidad objetivo a menos que su controlador pague 3 oros. Si no lo haces, cada oponente pierde 3 vidas.",2,FALSE,2,3,4,,,https://i.postimg.cc/Qxbd4t7V/CAMBIAR-UN-ALMA-POR-PODER-copia.webp,,,,,,,,,,,,"{'idExpansion': 6, 'nombreExpansion': 'ANCESTROS', 'fechaLanzamiento': '2024-11-19T03:36:06.000+00:00', 'visibilidad': True}","{'idTipo': 1, 'nombreTipo': 'ACCION'}",,"{'idSubTipo': 5, 'nombreSubTipo': 'BRUJA'}",,"{'idSubTipo': 12, 'nombreSubTipo': 'RAPIDA'}",,"{'idRareza': 1, 'nombreRareza': 'PLATA'}",,"{'idRareza': 1, 'nombreRareza': 'PLATA'}",FALSE,TRUE,FALSE,FALSE,FALSE,TRUE,TRUE,FALSE,FALSE,FALSE,FALSE,,,FALSE,FALSE,FALSE,FALSE,FALSE,FALSE,FALSE,FALSE,FALSE,,FALSE,FALSE,FALSE,FALSE,TRUE,FALSE,FALSE,TRUE,FALSE,FALSE,FALSE,FALSE,FALSE,,,,,,,,,,,,
476,CAMINANTE ESTRUENDOSO,,4/9,1.35,TRUE,,Arrollar. Aparición en juego: Aplasta 1 (dispara solo si fue jugado de tu mano).,1,FALSE,2,3,3,,,https://i.postimg.cc/Mp3KwFdS/CAMINANTE-ESTRUENDOSO-copia.webp,,,,,,,,,,,"Pon un contador de Aplaste en X tesoros aliados agotados. Si fueran a desagotarse, remueve un contador en su lugar).","{'idExpansion': 6, 'nombreExpansion': 'ANCESTROS', 'fechaLanzamiento': '2024-11-19T03:36:06.000+00:00', 'visibilidad': True}","{'idTipo': 28, 'nombreTipo': 'UNIDAD'}",,"{'idSubTipo': 18, 'nombreSubTipo': 'GIGANTE'}",,"{'idSubTipo': 12, 'nombreSubTipo': 'RAPIDA'}",,"{'idRareza': 1, 'nombreRareza': 'PLATA'}",,"{'idRareza': 1, 'nombreRareza': 'PLATA'}",FALSE,TRUE,FALSE,FALSE,FALSE,FALSE,FALSE,FALSE,FALSE,FALSE,FALSE,,,FALSE,FALSE,FALSE,TRUE,FALSE,TRUE,FALSE,FALSE,FALSE,,FALSE,FALSE,FALSE,FALSE,TRUE,TRUE,TRUE,TRUE,FALSE,FALSE,TRUE,FALSE,FALSE,,,,,,,,,,,,
154,CAMPO DE ENTRENAMIENTO,,0/9,0,FALSE,," Una vez por turno, puedes erosionar para que las unidades que controlas ganen +1/+1 hasta el final del turno. Erosión 3.",3,FALSE,,,,,,https://i.postimg.cc/9MysyNnH/CAMPO-DE-ENTRENAMIENTO-copia.jpg,https://i.postimg.cc/1zGw2xjZ/CAMPO-DE-ENTRENAMIENTO.webp,,,,,,,,,,,"{'idExpansion': 3, 'nombreExpansion': 'PACTO SECRETO', 'fechaLanzamiento': '2024-05-26T04:09:09.000+00:00', 'visibilidad': True}","{'idTipo': 17, 'nombreTipo': 'MONUMENTO'}",,,,,,"{'idRareza': 2, 'nombreRareza': 'BRONCE'}",,"{'idRareza': 2, 'nombreRareza': 'BRONCE'}",FALSE,FALSE,FALSE,FALSE,FALSE,FALSE,FALSE,FALSE,FALSE,FALSE,FALSE,,,FALSE,FALSE,FALSE,FALSE,FALSE,FALSE,FALSE,FALSE,FALSE,,FALSE,FALSE,FALSE,FALSE,TRUE,TRUE,TRUE,TRUE,TRUE,TRUE,TRUE,TRUE,TRUE,,,,,,,,,,,,
368,CANALIZADOR ARCANO,,7/9,3,TRUE,,"Resguardo: 1 de oro. Aparición en juego: Puedes poner la carta de acción objetivo de tu Descarte en el tope de tu Reino. Siempre que interrumpas una orden, hace 2 daños a cada oponente.",3,FALSE,3,2,5,,,https://i.postimg.cc/XYYLS97W/CANALIZADOR-ARCANO-copia.webp,,,,,,,,,,,,"{'idExpansion': 5, 'nombreExpansion': 'IMPERIO', 'fechaLanzamiento': '2024-07-04T19:48:17.000+00:00', 'visibilidad': True}","{'idTipo': 28, 'nombreTipo': 'UNIDAD'}",,"{'idSubTipo': 7, 'nombreSubTipo': 'MAGO'}",,,,"{'idRareza': 2, 'nombreRareza': 'BRONCE'}",,"{'idRareza': 2, 'nombreRareza': 'BRONCE'}",TRUE,TRUE,FALSE,FALSE,FALSE,FALSE,FALSE,FALSE,FALSE,FALSE,FALSE,,,FALSE,FALSE,FALSE,FALSE,FALSE,FALSE,FALSE,FALSE,FALSE,,TRUE,FALSE,FALSE,FALSE,TRUE,FALSE,FALSE,TRUE,FALSE,FALSE,FALSE,FALSE,FALSE,,,,,,,,,,,,
369,CANALIZADOR DE ENERGIA VITAL,,2/9,1,TRUE,,"Sorpresivo. Temible. Aparición en juego: Puedes destruir otra unidad aliada no ficha. Si lo haces, crea dos fichas libro.",3,FALSE,3,4,2,,,https://i.postimg.cc/5N3gRsJp/CANALIZADOR-DE-ENERGIA-VITAL-copia.webp,,,,,,,,,,,,"{'idExpansion': 5, 'nombreExpansion': 'IMPERIO', 'fechaLanzamiento': '2024-07-04T19:48:17.000+00:00', 'visibilidad': True}","{'idTipo': 28, 'nombreTipo': 'UNIDAD'}",,"{'idSubTipo': 6, 'nombreSubTipo': 'DESERTOR'}","{'idSubTipo': 7, 'nombreSubTipo': 'MAGO'}",,,"{'idRareza': 3, 'nombreRareza': 'ORO'}",,"{'idRareza': 3, 'nombreRareza': 'ORO'}",FALSE,TRUE,FALSE,FALSE,FALSE,FALSE,FALSE,FALSE,FALSE,FALSE,FALSE,,,FALSE,FALSE,FALSE,FALSE,FALSE,FALSE,FALSE,FALSE,FALSE,,FALSE,FALSE,FALSE,FALSE,FALSE,TRUE,TRUE,TRUE,TRUE,TRUE,TRUE,TRUE,FALSE,,,,,,,,,,,,
60,CANCELACION,,0/9,0,TRUE,,Cancela el efecto en juego objetivo.,1,TRUE,,,,,,https://i.postimg.cc/gjdQsqCX/CANCELACION-copia.jpg,https://i.postimg.cc/65BW15GB/cancelacion.webp,https://i.postimg.cc/qMGn5Y0W/Arte-alternativo-Cancelacion.webp,https://i.postimg.cc/Y09Fvvqp/CANCELACION.webp,,,,,,,,"Al decir ""efecto"", engloba tanto disparados como activados.","{'idExpansion': 3, 'nombreExpansion': 'PACTO SECRETO', 'fechaLanzamiento': '2024-05-26T04:09:09.000+00:00', 'visibilidad': True}","{'idTipo': 1, 'nombreTipo': 'ACCION'}",,,,"{'idSubTipo': 12, 'nombreSubTipo': 'RAPIDA'}",,"{'idRareza': 2, 'nombreRareza': 'BRONCE'}",,"{'idRareza': 2, 'nombreRareza': 'BRONCE'}",FALSE,FALSE,FALSE,FALSE,FALSE,FALSE,FALSE,FALSE,FALSE,FALSE,FALSE,,,FALSE,FALSE,FALSE,FALSE,FALSE,FALSE,FALSE,FALSE,FALSE,,FALSE,FALSE,FALSE,FALSE,TRUE,TRUE,TRUE,TRUE,TRUE,TRUE,TRUE,TRUE,TRUE,,,,,,,,,,,,
312,CANTO DEL DRAGON,,7/9,2.25,TRUE,,Elige 2: -Condena todas las unidades de coste 2 o menos. -Condena todos los monumentos de coste 2 o menos. -Condena todos los Descartes. -Purga todos los Avernos.,4,FALSE,1,2,5,,,https://i.postimg.cc/vm1vDMVS/CANTO-DE-DRAGON-copia.webp,,,,,,,,,,,,"{'idExpansion': 5, 'nombreExpansion': 'IMPERIO', 'fechaLanzamiento': '2024-07-04T19:48:17.000+00:00', 'visibilidad': True}","{'idTipo': 1, 'nombreTipo': 'ACCION'}",,"{'idSubTipo': 14, 'nombreSubTipo': 'COMUN'}","{'idSubTipo': 9, 'nombreSubTipo': 'DRAGON'}",,,"{'idRareza': 4, 'nombreRareza': 'DIAMANTE'}",,"{'idRareza': 4, 'nombreRareza': 'DIAMANTE'}",FALSE,TRUE,FALSE,FALSE,FALSE,FALSE,TRUE,FALSE,FALSE,FALSE,FALSE,,,FALSE,FALSE,FALSE,FALSE,FALSE,FALSE,FALSE,FALSE,FALSE,,FALSE,FALSE,FALSE,FALSE,TRUE,FALSE,FALSE,TRUE,FALSE,FALSE,FALSE,FALSE,FALSE,,,,,,,,,,,,
195,CAOS EN BERIN,,0/9,2.25,FALSE,,"Elige 2: -Crea dos fichas demonio 2/2. -El jugador objetivo condena una carta de su mano. -Si controlas un demonio, interrumpe la orden de acción de coste 3 o menos. -Sentencia la unidad objetivo.",4,FALSE,,,,,,https://i.postimg.cc/VLxBS23p/CAOS-EN-BERIN-copia.webp,https://i.postimg.cc/m2cBmzt0/CAOS-EN-BERIN-COPIA.webp,,,,,,,,,,"Las opciones elegidas suceden en el orden que están escritas (si eliges la 1° y 3° opción, los demonios se crearán primero, y contarán para interrumpir)","{'idExpansion': 4, 'nombreExpansion': 'TRONO COMPARTIDO', 'fechaLanzamiento': '2024-05-26T04:09:14.000+00:00', 'visibilidad': True}","{'idTipo': 1, 'nombreTipo': 'ACCION'}",,,"{'idSubTipo': 15, 'nombreSubTipo': 'DEMONIO'}","{'idSubTipo': 12, 'nombreSubTipo': 'RAPIDA'}",,"{'idRareza': 1, 'nombreRareza': 'PLATA'}",,"{'idRareza': 1, 'nombreRareza': 'PLATA'}",FALSE,FALSE,FALSE,FALSE,FALSE,TRUE,TRUE,FALSE,FALSE,FALSE,FALSE,,,FALSE,FALSE,FALSE,FALSE,FALSE,FALSE,FALSE,FALSE,FALSE,,FALSE,FALSE,FALSE,FALSE,TRUE,TRUE,TRUE,TRUE,TRUE,TRUE,TRUE,TRUE,TRUE,,,,,,,,,,,,
196,CAPULLO DE ARBOL INFESTADO,,0/9,1,TRUE,,"Aparición en juego: Crea una ficha insecto 1/1 con ""Derrotado: Envenena la unidad objetivo"".",3,FALSE,3,,,,,https://i.postimg.cc/Xvgbr9zy/CAPULLO-DE-ARBOL-INFESTADO-COPIA.webp,https://i.postimg.cc/Vvp02427/CAPULLO-DEL-ARBOL-INFESTADO-copia.jpg,,,,,,,,,,,"{'idExpansion': 4, 'nombreExpansion': 'TRONO COMPARTIDO', 'fechaLanzamiento': '2024-05-26T04:09:14.000+00:00', 'visibilidad': True}","{'idTipo': 6, 'nombreTipo': 'TESORO'}",,,,,,"{'idRareza': 1, 'nombreRareza': 'PLATA'}",,"{'idRareza': 1, 'nombreRareza': 'PLATA'}",FALSE,TRUE,FALSE,FALSE,FALSE,FALSE,FALSE,FALSE,FALSE,FALSE,FALSE,,,FALSE,FALSE,FALSE,FALSE,FALSE,FALSE,FALSE,FALSE,FALSE,,FALSE,FALSE,FALSE,FALSE,TRUE,TRUE,TRUE,TRUE,TRUE,TRUE,TRUE,TRUE,TRUE,,,,,,,,,,,,
197,CAPULLO DESCONOCIDO,,0/9,1,FALSE,,Derrotado: Crea una ficha insecto 3/2.,1,FALSE,,0,1,,,https://i.postimg.cc/d1HcBwvs/CAPULLO-DESCONOCIDO-COPIA.webp,https://i.postimg.cc/wBwMZtdL/capullo-desconocido.webp,https://i.postimg.cc/qB5KtMg8/CAPULLO-DESCONOCIDO-copia.jpg,,,,,,,,,,"{'idExpansion': 4, 'nombreExpansion': 'TRONO COMPARTIDO', 'fechaLanzamiento': '2024-05-26T04:09:14.000+00:00', 'visibilidad': True}","{'idTipo': 28, 'nombreTipo': 'UNIDAD'}",,"{'idSubTipo': 16, 'nombreSubTipo': 'INSECTO'}",,,,"{'idRareza': 2, 'nombreRareza': 'BRONCE'}",,"{'idRareza': 2, 'nombreRareza': 'BRONCE'}",FALSE,TRUE,FALSE,FALSE,FALSE,FALSE,FALSE,FALSE,FALSE,FALSE,FALSE,,,FALSE,FALSE,FALSE,FALSE,FALSE,FALSE,FALSE,FALSE,FALSE,,FALSE,FALSE,FALSE,FALSE,TRUE,TRUE,TRUE,TRUE,TRUE,TRUE,TRUE,TRUE,TRUE,,,,,,,,,,,,
10,CARCELERO,,1/9,1,FALSE,,Derrotado: Hace 1 punto de daño al jugador objetivo.,2,FALSE,,2,2,,,https://i.postimg.cc/CL2Gfsq9/CARCELERO.webp,https://i.postimg.cc/Rhts7dS9/Mesa-de-trabajo-16-200x.png,,,,,,,,,,,"{'idExpansion': 2, 'nombreExpansion': 'FUNDAMENTOS', 'fechaLanzamiento': '2024-05-26T04:08:58.000+00:00', 'visibilidad': True}","{'idTipo': 28, 'nombreTipo': 'UNIDAD'}",,"{'idSubTipo': 6, 'nombreSubTipo': 'DESERTOR'}",,,,"{'idRareza': 2, 'nombreRareza': 'BRONCE'}",,"{'idRareza': 2, 'nombreRareza': 'BRONCE'}",FALSE,TRUE,FALSE,FALSE,FALSE,FALSE,FALSE,FALSE,FALSE,FALSE,FALSE,,,FALSE,FALSE,FALSE,FALSE,FALSE,FALSE,FALSE,FALSE,FALSE,,FALSE,FALSE,FALSE,FALSE,TRUE,TRUE,TRUE,TRUE,TRUE,TRUE,TRUE,TRUE,FALSE,,,,,,,,,,,,
134,CARNADA DE TIBURONES,,0/9,1,FALSE,,Derrotado: Crea una ficha animal 2/2.,1,FALSE,,1,1,,"Confiando en su habilidad, un pescador experimentado saltó a alta mar para llevarse una presa consigo. Sin embargo, el cazador acabó vuelto presa.",https://i.postimg.cc/nrk5P9xd/CARNADA-DE-TIBURONES-copia.jpg,https://i.postimg.cc/TwTgXkz5/CARNADA-DE-TIBURONES.webp,,,,,,,,,,,"{'idExpansion': 3, 'nombreExpansion': 'PACTO SECRETO', 'fechaLanzamiento': '2024-05-26T04:09:09.000+00:00', 'visibilidad': True}","{'idTipo': 28, 'nombreTipo': 'UNIDAD'}",,"{'idSubTipo': 1, 'nombreSubTipo': 'PIRATA'}",,,,"{'idRareza': 2, 'nombreRareza': 'BRONCE'}",,"{'idRareza': 2, 'nombreRareza': 'BRONCE'}",FALSE,TRUE,FALSE,FALSE,FALSE,FALSE,FALSE,FALSE,FALSE,FALSE,FALSE,,,FALSE,FALSE,FALSE,FALSE,FALSE,FALSE,FALSE,FALSE,FALSE,,FALSE,FALSE,FALSE,FALSE,TRUE,TRUE,TRUE,TRUE,TRUE,TRUE,TRUE,TRUE,TRUE,,,,,,,,,,,,
123,CARNE EXPLOSIVA,,0/9,2.25,FALSE,,"Siempre que esta unidad reciba daño de combate de otra unidad, destruye ambas unidades.",1,FALSE,,1,1,,,https://i.postimg.cc/9XtvMK9G/CARNE-EXPLOSIVA-copia.jpg,https://i.postimg.cc/pLT2RGZ7/carne-explosiva.webp,https://i.postimg.cc/5yRCLf68/CARNE-EXPLOSIVA.webp,,,,,,,,,,"{'idExpansion': 3, 'nombreExpansion': 'PACTO SECRETO', 'fechaLanzamiento': '2024-05-26T04:09:09.000+00:00', 'visibilidad': True}","{'idTipo': 28, 'nombreTipo': 'UNIDAD'}",,"{'idSubTipo': 1, 'nombreSubTipo': 'PIRATA'}",,,,"{'idRareza': 2, 'nombreRareza': 'BRONCE'}",,"{'idRareza': 2, 'nombreRareza': 'BRONCE'}",FALSE,TRUE,FALSE,FALSE,FALSE,FALSE,TRUE,FALSE,FALSE,FALSE,FALSE,,,FALSE,FALSE,FALSE,FALSE,FALSE,FALSE,FALSE,FALSE,FALSE,,FALSE,FALSE,FALSE,FALSE,TRUE,TRUE,TRUE,TRUE,TRUE,TRUE,TRUE,TRUE,TRUE,,,,,,,,,,,,
81,CARNE FRESCA,,0/9,0,FALSE,,Los animales que controlas ganan +1/+1 hasta el final del turno.,2,FALSE,,,,,,https://i.postimg.cc/Bvmj4Mgs/Mesa-de-trabajo-19-copia.jpg,https://i.postimg.cc/pLNnZGfr/CARNE-FRESCA-copia.jpg,https://i.postimg.cc/W3SrpGVW/CARNE-FRESCA.webp,,,,,,,,,,"{'idExpansion': 3, 'nombreExpansion': 'PACTO SECRETO', 'fechaLanzamiento': '2024-05-26T04:09:09.000+00:00', 'visibilidad': True}","{'idTipo': 1, 'nombreTipo': 'ACCION'}",,,,"{'idSubTipo': 12, 'nombreSubTipo': 'RAPIDA'}",,"{'idRareza': 2, 'nombreRareza': 'BRONCE'}",,"{'idRareza': 2, 'nombreRareza': 'BRONCE'}",FALSE,FALSE,FALSE,FALSE,FALSE,FALSE,FALSE,FALSE,FALSE,FALSE,FALSE,,,FALSE,FALSE,FALSE,FALSE,FALSE,FALSE,FALSE,FALSE,FALSE,,FALSE,FALSE,FALSE,FALSE,TRUE,TRUE,TRUE,TRUE,TRUE,TRUE,TRUE,TRUE,TRUE,,,,,,,,,,,,
198,CARTA DE CONDENA,,0/9,0,FALSE,,"Aparición en juego: Puedes condenar una carta de tu mano. Si lo haces, cada oponente condena una carta de su mano.",2,FALSE,2,,,,,https://i.postimg.cc/k59QsKMy/CARTA-DE-CONDENA-copia.webp,https://i.postimg.cc/Qtxr1V2Y/CARTA-DE-CONDENA-COPIA.webp,https://i.postimg.cc/kGb52fRv/carta-de-condena.webp,,,,,,,,,,"{'idExpansion': 4, 'nombreExpansion': 'TRONO COMPARTIDO', 'fechaLanzamiento': '2024-05-26T04:09:14.000+00:00', 'visibilidad': True}","{'idTipo': 6, 'nombreTipo': 'TESORO'}",,,,,,"{'idRareza': 3, 'nombreRareza': 'ORO'}",,"{'idRareza': 3, 'nombreRareza': 'ORO'}",FALSE,FALSE,FALSE,FALSE,FALSE,FALSE,FALSE,FALSE,FALSE,FALSE,FALSE,,,FALSE,FALSE,FALSE,FALSE,FALSE,FALSE,FALSE,FALSE,FALSE,,FALSE,FALSE,FALSE,FALSE,TRUE,TRUE,TRUE,TRUE,TRUE,TRUE,TRUE,TRUE,TRUE,,,,,,,,,,,,
199,CASCABUFALO,,1/9,1,TRUE,,Destruir: Cancela el efecto en juego objetivo. Derrotado: Drena 1.,1,FALSE,,1,2,,,https://i.postimg.cc/QCvL2mHv/CASCABUFALO-COPIA.webp,https://i.postimg.cc/pyMLzzDb/cascabufalo.webp,https://i.postimg.cc/VL0CXQb2/CASCABUFALO-copia.jpg,,,,,,,,,,"{'idExpansion': 4, 'nombreExpansion': 'TRONO COMPARTIDO', 'fechaLanzamiento': '2024-05-26T04:09:14.000+00:00', 'visibilidad': True}","{'idTipo': 28, 'nombreTipo': 'UNIDAD'}",,"{'idSubTipo': 16, 'nombreSubTipo': 'INSECTO'}","{'idSubTipo': 3, 'nombreSubTipo': 'ANIMAL'}",,,"{'idRareza': 1, 'nombreRareza': 'PLATA'}",,"{'idRareza': 1, 'nombreRareza': 'PLATA'}",FALSE,TRUE,FALSE,FALSE,FALSE,FALSE,FALSE,FALSE,FALSE,FALSE,FALSE,,,FALSE,FALSE,FALSE,FALSE,FALSE,FALSE,FALSE,FALSE,FALSE,,FALSE,FALSE,FALSE,FALSE,TRUE,TRUE,TRUE,TRUE,TRUE,TRUE,TRUE,TRUE,FALSE,,,,,,,,,,,,
148,CASCADA DE LA SABIDURIA,,0/9,1,FALSE,,"Si controlas al menos dos unidades soldado o animal, una vez durante tu turno, puedes erosionar para robar una carta. Erosión 2.",2,FALSE,,,,,,https://i.postimg.cc/wTqns25n/CASCADA-DE-SABIDURIA-copia.jpg,https://i.postimg.cc/9FDTVwnb/CASCADA-DE-LA-SABIDURIA.webp,,,,,,,,,,,"{'idExpansion': 3, 'nombreExpansion': 'PACTO SECRETO', 'fechaLanzamiento': '2024-05-26T04:09:09.000+00:00', 'visibilidad': True}","{'idTipo': 17, 'nombreTipo': 'MONUMENTO'}",,,,,,"{'idRareza': 1, 'nombreRareza': 'PLATA'}",,"{'idRareza': 1, 'nombreRareza': 'PLATA'}",FALSE,FALSE,FALSE,FALSE,FALSE,FALSE,FALSE,FALSE,FALSE,FALSE,TRUE,,,FALSE,FALSE,FALSE,FALSE,FALSE,FALSE,FALSE,FALSE,FALSE,,FALSE,FALSE,FALSE,FALSE,TRUE,TRUE,TRUE,TRUE,TRUE,TRUE,TRUE,TRUE,TRUE,,,,,,,,,,,,
200,CASCARABAJO VOLADOR,,1/9,1.15,FALSE,,"Evasión. Aparición en juego: Envenena otra unidad objetivo. Siempre que otro insecto aliado muera, Drena 1.",3,FALSE,,2,2,,,https://i.postimg.cc/B6wRFpct/CASCARABAJO-VOLADOR-COPIA.webp,,,,,,,,,,,,"{'idExpansion': 4, 'nombreExpansion': 'TRONO COMPARTIDO', 'fechaLanzamiento': '2024-05-26T04:09:14.000+00:00', 'visibilidad': True}","{'idTipo': 28, 'nombreTipo': 'UNIDAD'}",,"{'idSubTipo': 16, 'nombreSubTipo': 'INSECTO'}",,,,"{'idRareza': 1, 'nombreRareza': 'PLATA'}",,"{'idRareza': 1, 'nombreRareza': 'PLATA'}",FALSE,TRUE,FALSE,FALSE,FALSE,FALSE,FALSE,FALSE,FALSE,FALSE,FALSE,,,TRUE,FALSE,FALSE,FALSE,FALSE,FALSE,FALSE,FALSE,FALSE,,FALSE,FALSE,FALSE,FALSE,TRUE,TRUE,TRUE,TRUE,TRUE,TRUE,TRUE,TRUE,FALSE,,,,,,,,,,,,
201,CASTIGO MALDITO,,0/9,0,TRUE,,"(Como coste adicional, pierdes 2 vidas). La unidad objetivo gana -X/-X hasta el final del turno, siendo X la cantidad de vidas que has perdido este turno.",1,FALSE,,,,,,https://i.postimg.cc/XNP0BjQx/CASTIGO-MALDITO-COPIA.webp,https://i.postimg.cc/rFCXn1qZ/FULL_ART_CASTIGO_MALDITO_COPIA.webp,,,,,,,,,,,"{'idExpansion': 4, 'nombreExpansion': 'TRONO COMPARTIDO', 'fechaLanzamiento': '2024-05-26T04:09:14.000+00:00', 'visibilidad': True}","{'idTipo': 1, 'nombreTipo': 'ACCION'}",,,,"{'idSubTipo': 12, 'nombreSubTipo': 'RAPIDA'}",,"{'idRareza': 2, 'nombreRareza': 'BRONCE'}",,"{'idRareza': 2, 'nombreRareza': 'BRONCE'}",FALSE,FALSE,FALSE,FALSE,FALSE,FALSE,FALSE,FALSE,FALSE,FALSE,FALSE,,,FALSE,FALSE,FALSE,FALSE,FALSE,FALSE,FALSE,FALSE,FALSE,,FALSE,FALSE,FALSE,FALSE,TRUE,TRUE,TRUE,TRUE,TRUE,TRUE,TRUE,TRUE,TRUE,,,,,,,,,,,,
477,"CATALINA, PRIMERA ARCANA",,7/9,1.5,FALSE,,"Atracción. Resguardo: 3 de oro. Al inicio de tu turno, si controlas exactamente otros siete enanos, ganas el juego.",7,FALSE,2,1,7,,,https://i.postimg.cc/nL6Fj9yS/CATALINA-PRIMERA-ARCANA-copia.webp,,,,,,,,,,,"No dispara a menos que controlemos siete enanos al principio del turno. Al momento de resolver, chequeará la cantidad de enanos que controlamos.","{'idExpansion': 6, 'nombreExpansion': 'ANCESTROS', 'fechaLanzamiento': '2024-11-19T03:36:06.000+00:00', 'visibilidad': True}","{'idTipo': 28, 'nombreTipo': 'UNIDAD'}",,"{'idSubTipo': 5, 'nombreSubTipo': 'BRUJA'}","{'idSubTipo': 19, 'nombreSubTipo': 'ENANO'}","{'idSubTipo': 13, 'nombreSubTipo': 'REALEZA'}",,"{'idRareza': 5, 'nombreRareza': 'ESMERALDA'}",,"{'idRareza': 5, 'nombreRareza': 'ESMERALDA'}",FALSE,TRUE,FALSE,FALSE,FALSE,FALSE,FALSE,FALSE,FALSE,FALSE,FALSE,,,FALSE,FALSE,FALSE,FALSE,FALSE,FALSE,TRUE,FALSE,FALSE,,TRUE,FALSE,FALSE,FALSE,TRUE,FALSE,FALSE,TRUE,FALSE,FALSE,FALSE,FALSE,FALSE,,,,,,,,,,,,
370,CATAPULTA DE BATALLA,,2/9,2.25,FALSE,,Cuesta 1 menos de oro por cada daño que recibieron tus oponentes este turno. El coste no puede ser menor que 1. Temible. Aparición en juego: Destruye todas las unidades rivales dañadas.,9,FALSE,3,5,2,,,https://i.postimg.cc/GpZxyNP3/CATAPULTA-DE-BATALLA-copia.webp,,,,,,,,,,,,"{'idExpansion': 5, 'nombreExpansion': 'IMPERIO', 'fechaLanzamiento': '2024-07-04T19:48:17.000+00:00', 'visibilidad': True}","{'idTipo': 28, 'nombreTipo': 'UNIDAD'}",,"{'idSubTipo': 6, 'nombreSubTipo': 'DESERTOR'}",,,,"{'idRareza': 1, 'nombreRareza': 'PLATA'}",,"{'idRareza': 1, 'nombreRareza': 'PLATA'}",FALSE,TRUE,FALSE,FALSE,FALSE,FALSE,TRUE,FALSE,FALSE,FALSE,FALSE,,,FALSE,FALSE,FALSE,FALSE,FALSE,FALSE,FALSE,FALSE,FALSE,,FALSE,FALSE,FALSE,FALSE,FALSE,TRUE,TRUE,TRUE,TRUE,TRUE,TRUE,TRUE,FALSE,,,,,,,,,,,,
137,CENTINELA DEL CASTILLO,,4/9,1.25,FALSE,,"Vigía. Siempre que bloquee a una unidad con Evasión, Centinela del castillo gana +0/+1 hasta el final del turno.",3,FALSE,,3,3,,,https://i.postimg.cc/x1m8V2nx/CENTINELA-DEL-CASTILLO-copia.jpg,https://i.postimg.cc/bwwHxbvg/Centinela-del-castillo-copia.jpg,,,,,,,,,,,"{'idExpansion': 3, 'nombreExpansion': 'PACTO SECRETO', 'fechaLanzamiento': '2024-05-26T04:09:09.000+00:00', 'visibilidad': True}","{'idTipo': 28, 'nombreTipo': 'UNIDAD'}",,"{'idSubTipo': 2, 'nombreSubTipo': 'SOLDADO'}",,,,"{'idRareza': 2, 'nombreRareza': 'BRONCE'}",,"{'idRareza': 2, 'nombreRareza': 'BRONCE'}",FALSE,TRUE,FALSE,FALSE,FALSE,FALSE,FALSE,FALSE,FALSE,FALSE,FALSE,,,TRUE,FALSE,TRUE,FALSE,FALSE,FALSE,FALSE,FALSE,FALSE,,FALSE,FALSE,FALSE,FALSE,TRUE,TRUE,TRUE,TRUE,FALSE,FALSE,TRUE,FALSE,FALSE,,,,,,,,,,,,
11,CENTINELA DEL PALACIO,,8/9,1,FALSE,,Frenesí. (Esta unidad puede atacar el mismo turno que entra bajo tu control).,3,FALSE,,4,4,,,https://i.postimg.cc/2SvZLRmB/CENTINELA-DEL-PALACIO.webp,https://i.postimg.cc/8CJT88wb/centinela-del-palacio-copias-90.jpg,https://i.postimg.cc/dVDYdPMK/centinela-del-palacio-FULL-ART-copias-36.jpg,https://i.postimg.cc/d0PZS9jD/Mesa-de-trabajo-17-200x.png,https://i.postimg.cc/TYsDnxyV/Mesa-de-trabajo-18-200x.png,,,,,,,,"{'idExpansion': 2, 'nombreExpansion': 'FUNDAMENTOS', 'fechaLanzamiento': '2024-05-26T04:08:58.000+00:00', 'visibilidad': True}","{'idTipo': 28, 'nombreTipo': 'UNIDAD'}",,"{'idSubTipo': 6, 'nombreSubTipo': 'DESERTOR'}",,,,"{'idRareza': 2, 'nombreRareza': 'BRONCE'}",,"{'idRareza': 2, 'nombreRareza': 'BRONCE'}",FALSE,TRUE,FALSE,FALSE,FALSE,FALSE,FALSE,FALSE,FALSE,FALSE,FALSE,,,FALSE,FALSE,FALSE,FALSE,FALSE,FALSE,FALSE,FALSE,FALSE,,FALSE,FALSE,FALSE,FALSE,FALSE,FALSE,FALSE,TRUE,FALSE,FALSE,FALSE,FALSE,FALSE,,,,,,,,,,,,
202,CERRANDO PORTALES,,0/9,1,TRUE,,Interrumpe la orden objetivo. Predicción 2.,3,FALSE,,,,,,https://i.postimg.cc/Xv8wzqp6/CERRANDO-PORTALES-copia.webp,https://i.postimg.cc/XYcpKHH2/cerrando-los-portales.webp,https://i.postimg.cc/44Vpzy0f/Arte-alternativo-Cerrando-portales.webp,https://i.postimg.cc/7Z88XBv2/CERRANDO-PORTALES-COPIA.webp,,,,,,,,,"{'idExpansion': 4, 'nombreExpansion': 'TRONO COMPARTIDO', 'fechaLanzamiento': '2024-05-26T04:09:14.000+00:00', 'visibilidad': True}","{'idTipo': 1, 'nombreTipo': 'ACCION'}",,,,"{'idSubTipo': 12, 'nombreSubTipo': 'RAPIDA'}",,"{'idRareza': 2, 'nombreRareza': 'BRONCE'}",,"{'idRareza': 2, 'nombreRareza': 'BRONCE'}",FALSE,FALSE,FALSE,FALSE,FALSE,TRUE,FALSE,FALSE,FALSE,FALSE,FALSE,,,FALSE,FALSE,FALSE,FALSE,FALSE,FALSE,FALSE,FALSE,FALSE,,FALSE,FALSE,FALSE,FALSE,TRUE,TRUE,TRUE,TRUE,TRUE,TRUE,TRUE,TRUE,TRUE,,,,,,,,,,,,
478,CHOQUE DE POTENCIAS,,7/9,2.25,TRUE,,"Cada jugador destruye su unidad con mayor fuerza. Luego cada jugador que destruyó la unidad con mayor fuerza de esta forma, pone un contador +1/+1 en una unidad que controla.",1,FALSE,2,1,7,,,https://i.postimg.cc/6Q76pfmG/CHOQUE-DE-POTENCIAS-copia.webp,,,,,,,,,,,,"{'idExpansion': 6, 'nombreExpansion': 'ANCESTROS', 'fechaLanzamiento': '2024-11-19T03:36:06.000+00:00', 'visibilidad': True}","{'idTipo': 1, 'nombreTipo': 'ACCION'}",,"{'idSubTipo': 19, 'nombreSubTipo': 'ENANO'}","{'idSubTipo': 18, 'nombreSubTipo': 'GIGANTE'}",,,"{'idRareza': 3, 'nombreRareza': 'ORO'}",,"{'idRareza': 3, 'nombreRareza': 'ORO'}",FALSE,TRUE,FALSE,FALSE,FALSE,FALSE,TRUE,FALSE,FALSE,FALSE,FALSE,,,FALSE,FALSE,FALSE,FALSE,FALSE,FALSE,FALSE,FALSE,FALSE,,FALSE,FALSE,FALSE,FALSE,TRUE,FALSE,FALSE,TRUE,FALSE,FALSE,FALSE,FALSE,FALSE,,,,,,,,,,,,
12,CIUDAD EN LLAMAS,,0/9,0,TRUE,,Hace 4 puntos de daño al jugador objetivo y 2 puntos de daño a las unidades que controla.,3,FALSE,,,,,,https://i.postimg.cc/QN45RJ0V/CIUDAD-EN-LLAMAS.webp,https://i.postimg.cc/5ycj0BnD/Mesa-de-trabajo-19-200x.png,https://i.postimg.cc/W1sFg7Tv/Mesa-de-trabajo-20-200x.png,https://i.postimg.cc/FRXFT9j9/Full-art-Ciudad-en-llamas.png,https://i.postimg.cc/j2Z2672J/ciudad.jpg,https://i.postimg.cc/sXPvX8Rm/ciudad-ff.jpg,https://i.postimg.cc/6608xDc5/ciudad-full-art.jpg,https://i.postimg.cc/T1RhW9d6/ciudad-full-art-ff.jpg,,,,,"{'idExpansion': 2, 'nombreExpansion': 'FUNDAMENTOS', 'fechaLanzamiento': '2024-05-26T04:08:58.000+00:00', 'visibilidad': True}","{'idTipo': 1, 'nombreTipo': 'ACCION'}",,,,"{'idSubTipo': 12, 'nombreSubTipo': 'RAPIDA'}",,"{'idRareza': 3, 'nombreRareza': 'ORO'}",,"{'idRareza': 3, 'nombreRareza': 'ORO'}",FALSE,FALSE,FALSE,FALSE,FALSE,FALSE,FALSE,FALSE,FALSE,FALSE,FALSE,,,FALSE,FALSE,FALSE,FALSE,FALSE,FALSE,FALSE,FALSE,FALSE,,FALSE,FALSE,FALSE,FALSE,TRUE,TRUE,TRUE,TRUE,TRUE,TRUE,TRUE,TRUE,TRUE,,,,,,,,,,,,
203,COCRONGOSTA,,1/9,1,FALSE,,"Aparición en juego: Puedes destruir otro insecto aliado objetivo. Si lo haces, Drena 2.",2,FALSE,,3,2,,,https://i.postimg.cc/br7MCv5h/COCRONGOSTA-COPIA.webp,https://i.postimg.cc/Z5rvD8Hc/COCRONGOSTA-copia.jpg,,,,,,,,,,,"{'idExpansion': 4, 'nombreExpansion': 'TRONO COMPARTIDO', 'fechaLanzamiento': '2024-05-26T04:09:14.000+00:00', 'visibilidad': True}","{'idTipo': 28, 'nombreTipo': 'UNIDAD'}",,"{'idSubTipo': 16, 'nombreSubTipo': 'INSECTO'}",,,,"{'idRareza': 1, 'nombreRareza': 'PLATA'}",,"{'idRareza': 1, 'nombreRareza': 'PLATA'}",FALSE,TRUE,FALSE,FALSE,FALSE,FALSE,FALSE,FALSE,FALSE,FALSE,FALSE,,,FALSE,FALSE,FALSE,FALSE,FALSE,FALSE,FALSE,FALSE,FALSE,,FALSE,FALSE,FALSE,FALSE,TRUE,TRUE,TRUE,TRUE,TRUE,TRUE,TRUE,TRUE,FALSE,,,,,,,,,,,,
204,COLMILLO DE PLATA,,0/9,1,TRUE,,"Siempre que otro animal aliado entre al campo, esta unidad gana +1/+1 hasta el final del turno. Si es la segunda vez que esta habilidad resuelve este turno, gana un contador +1/+1 en su lugar.",1,FALSE,,1,1,,,https://i.postimg.cc/B6vdtkFd/COLMILLO-DE-PLATA-COPIA.webp,https://i.postimg.cc/0yZ0TdrC/ethernal-colmillo-de-plata.webp,https://i.postimg.cc/25rLp1Xf/COLMILLO-DE-PLATA-copia.jpg,,,,,,,,,"A partir de la tercera vez en adelante, que haya disparado el efecto, la unidad ganará un +1/+1 solo de forma temporal. Es únicamente la segunda vez que haya disparado cuando gana un contador.","{'idExpansion': 4, 'nombreExpansion': 'TRONO COMPARTIDO', 'fechaLanzamiento': '2024-05-26T04:09:14.000+00:00', 'visibilidad': True}","{'idTipo': 28, 'nombreTipo': 'UNIDAD'}",,"{'idSubTipo': 3, 'nombreSubTipo': 'ANIMAL'}",,,,"{'idRareza': 1, 'nombreRareza': 'PLATA'}",,"{'idRareza': 1, 'nombreRareza': 'PLATA'}",FALSE,TRUE,FALSE,FALSE,FALSE,FALSE,FALSE,FALSE,FALSE,FALSE,FALSE,,,FALSE,FALSE,FALSE,FALSE,FALSE,FALSE,FALSE,FALSE,FALSE,,FALSE,FALSE,FALSE,FALSE,TRUE,TRUE,TRUE,TRUE,TRUE,TRUE,TRUE,TRUE,TRUE,,,,,,,,,,,,
479,COLOSO CONSUME ORO,,8/9,2.85,TRUE,,"Arrollar. Resguardo: Aplasta un tesoro agotado aliado. Aparición en juego: Aplasta 2 (dispara solo si fue jugado de tu mano). Siempre que ataque, aplasta un tesoro agotado rival.",4,FALSE,2,5,5,,,https://i.postimg.cc/ZRpTrKZb/COLOSO-CONSUME-ORO-copia.webp,,,,,,,,,,,,"{'idExpansion': 6, 'nombreExpansion': 'ANCESTROS', 'fechaLanzamiento': '2024-11-19T03:36:06.000+00:00', 'visibilidad': True}","{'idTipo': 28, 'nombreTipo': 'UNIDAD'}",,"{'idSubTipo': 18, 'nombreSubTipo': 'GIGANTE'}","{'idSubTipo': 18, 'nombreSubTipo': 'GIGANTE'}","{'idSubTipo': 13, 'nombreSubTipo': 'REALEZA'}",,"{'idRareza': 3, 'nombreRareza': 'ORO'}",,"{'idRareza': 3, 'nombreRareza': 'ORO'}",FALSE,TRUE,FALSE,FALSE,FALSE,FALSE,FALSE,FALSE,FALSE,FALSE,FALSE,,,FALSE,FALSE,FALSE,TRUE,TRUE,TRUE,TRUE,FALSE,FALSE,,TRUE,FALSE,FALSE,FALSE,FALSE,FALSE,FALSE,TRUE,FALSE,FALSE,FALSE,FALSE,FALSE,,,,,,,,,,,,
140,COMANDANTE AIXA,,1/9,0.5,TRUE,,Frenesí. Temible. Aparición en juego: Los otros soldados que controlas ganan +1/+1 hasta el final del turno.,2,FALSE,,3,2,,,https://i.postimg.cc/nh5WgJ8t/COMANDANTE-AIXA-copia.jpg,https://i.postimg.cc/Tw8GjR6M/comandante-aixa.webp,https://i.postimg.cc/ht66dxRc/ethernalaixa.webp,https://i.postimg.cc/q7TC8bMD/COMANDANTE-AIXA.webp,,,,,,,,,"{'idExpansion': 3, 'nombreExpansion': 'PACTO SECRETO', 'fechaLanzamiento': '2024-05-26T04:09:09.000+00:00', 'visibilidad': True}","{'idTipo': 28, 'nombreTipo': 'UNIDAD'}",,"{'idSubTipo': 2, 'nombreSubTipo': 'SOLDADO'}","{'idSubTipo': 13, 'nombreSubTipo': 'REALEZA'}",,,"{'idRareza': 4, 'nombreRareza': 'DIAMANTE'}",,"{'idRareza': 4, 'nombreRareza': 'DIAMANTE'}",FALSE,TRUE,FALSE,FALSE,FALSE,FALSE,FALSE,FALSE,FALSE,FALSE,FALSE,,,FALSE,FALSE,FALSE,FALSE,FALSE,FALSE,TRUE,FALSE,FALSE,,FALSE,FALSE,FALSE,FALSE,TRUE,TRUE,TRUE,TRUE,TRUE,TRUE,TRUE,TRUE,FALSE,,,,,,,,,,,,
205,COMANDANTE CONDENADO,,4/9,1,TRUE,,"Los otros demonios aliados ganan +1/+1. Siempre que ataques, la unidad rival objetivo gana -X/-X hasta el final del turno, siendo X la cantidad de unidades atacantes.",2,FALSE,,2,3,,,https://i.postimg.cc/ydp07Gmf/COMANDANTE-CONDENADO-copia.webp,https://i.postimg.cc/63qZqnPW/comandante-regional.png,https://i.postimg.cc/8Prgh2YG/COMANDANTE-CONDENADO-COPIA.webp,,,,,,,,,,"{'idExpansion': 4, 'nombreExpansion': 'TRONO COMPARTIDO', 'fechaLanzamiento': '2024-05-26T04:09:14.000+00:00', 'visibilidad': True}","{'idTipo': 28, 'nombreTipo': 'UNIDAD'}",,"{'idSubTipo': 2, 'nombreSubTipo': 'SOLDADO'}","{'idSubTipo': 15, 'nombreSubTipo': 'DEMONIO'}",,,"{'idRareza': 1, 'nombreRareza': 'PLATA'}",,"{'idRareza': 1, 'nombreRareza': 'PLATA'}",FALSE,TRUE,FALSE,FALSE,FALSE,FALSE,FALSE,FALSE,FALSE,FALSE,FALSE,,,FALSE,FALSE,FALSE,FALSE,FALSE,FALSE,FALSE,FALSE,FALSE,,FALSE,FALSE,FALSE,FALSE,TRUE,TRUE,TRUE,TRUE,FALSE,FALSE,TRUE,FALSE,FALSE,,,,,,,,,,,,
422,COMBATIENTE AGUERRIDO,,3/9,2,FALSE,,"Frenesí. Resguardo: 1 de oro. Siempre que un arma aliada sea destruida, gana Indestructible hasta el final del turno.",3,FALSE,,4,2,,,https://i.postimg.cc/hjTbbrML/COMBATIENTE-AGUERRIDO-copia.webp,,,,,,,,,,,,"{'idExpansion': 5, 'nombreExpansion': 'IMPERIO', 'fechaLanzamiento': '2024-07-04T19:48:17.000+00:00', 'visibilidad': True}","{'idTipo': 28, 'nombreTipo': 'UNIDAD'}",,"{'idSubTipo': 6, 'nombreSubTipo': 'DESERTOR'}",,,,"{'idRareza': 1, 'nombreRareza': 'PLATA'}",,"{'idRareza': 1, 'nombreRareza': 'PLATA'}",FALSE,TRUE,FALSE,FALSE,FALSE,FALSE,FALSE,FALSE,FALSE,FALSE,FALSE,,,FALSE,FALSE,FALSE,FALSE,FALSE,FALSE,FALSE,FALSE,FALSE,,TRUE,FALSE,FALSE,FALSE,FALSE,TRUE,TRUE,FALSE,TRUE,TRUE,TRUE,TRUE,FALSE,,,,,,,,,,,,
371,COMICO DE OTRAS TIERRAS,,1/9,2,TRUE,,"Aparición en juego: Elige 2: -Destruye el monumento objetivo. -Destruye el arma objetivo. -Descarta una carta, luego roba una carta.",2,FALSE,3,1,2,,,https://i.postimg.cc/vTvrCZJD/COMICO-DE-OTRAS-TIERRAS-copia.webp,,,,,,,,,,,,"{'idExpansion': 5, 'nombreExpansion': 'IMPERIO', 'fechaLanzamiento': '2024-07-04T19:48:17.000+00:00', 'visibilidad': True}","{'idTipo': 28, 'nombreTipo': 'UNIDAD'}",,"{'idSubTipo': 10, 'nombreSubTipo': 'MIMETICO'}",,,,"{'idRareza': 2, 'nombreRareza': 'BRONCE'}",,"{'idRareza': 2, 'nombreRareza': 'BRONCE'}",FALSE,TRUE,FALSE,FALSE,FALSE,FALSE,FALSE,FALSE,FALSE,FALSE,TRUE,,,FALSE,FALSE,FALSE,FALSE,FALSE,FALSE,FALSE,FALSE,FALSE,,FALSE,FALSE,FALSE,FALSE,TRUE,TRUE,TRUE,TRUE,TRUE,TRUE,TRUE,TRUE,FALSE,,,,,,,,,,,,
372,COMPAÑERO DE ARMAS,,1/9,1,FALSE,,Apoyo. Aparición en juego: Crea una ficha soldado 1/1.,2,FALSE,3,2,2,,,https://i.postimg.cc/Bb35hKwd/COMPA-ERO-DE-ARMAS-copia.webp,,,,,,,,,,,,"{'idExpansion': 5, 'nombreExpansion': 'IMPERIO', 'fechaLanzamiento': '2024-07-04T19:48:17.000+00:00', 'visibilidad': True}","{'idTipo': 28, 'nombreTipo': 'UNIDAD'}",,"{'idSubTipo': 2, 'nombreSubTipo': 'SOLDADO'}",,,,"{'idRareza': 1, 'nombreRareza': 'PLATA'}",,"{'idRareza': 1, 'nombreRareza': 'PLATA'}",FALSE,TRUE,FALSE,FALSE,FALSE,FALSE,FALSE,FALSE,FALSE,FALSE,FALSE,,,FALSE,FALSE,FALSE,FALSE,FALSE,FALSE,FALSE,FALSE,FALSE,,FALSE,FALSE,FALSE,FALSE,TRUE,TRUE,TRUE,TRUE,TRUE,TRUE,TRUE,TRUE,FALSE,,,,,,,,,,,,
349,CONCESION REAL,,0/9,1,TRUE,,"Aparición en juego: Si controlas una unidad realeza, puedes pagar 2 de oro. Si lo haces, roba dos cartas.",2,FALSE,2,,,,,https://i.postimg.cc/TYRqgnbb/CONCESION-REAL-copia.webp,,,,,,,,,,,,"{'idExpansion': 5, 'nombreExpansion': 'IMPERIO', 'fechaLanzamiento': '2024-07-04T19:48:17.000+00:00', 'visibilidad': True}","{'idTipo': 6, 'nombreTipo': 'TESORO'}",,,,,,"{'idRareza': 1, 'nombreRareza': 'PLATA'}",,"{'idRareza': 1, 'nombreRareza': 'PLATA'}",FALSE,FALSE,FALSE,FALSE,FALSE,FALSE,FALSE,FALSE,FALSE,FALSE,TRUE,,,FALSE,FALSE,FALSE,FALSE,FALSE,FALSE,FALSE,FALSE,FALSE,,FALSE,FALSE,FALSE,FALSE,TRUE,TRUE,TRUE,TRUE,TRUE,TRUE,TRUE,TRUE,TRUE,,,,,,,,,,,,
339,CONDE JUNCO,,0/9,-0.5,FALSE,,Entra al campo con un contador +1/+1 por cada otro soldado aliado. Derrotado: Pon sus contadores +1/+1 en el soldado aliado objetivo.,2,FALSE,,0,0,,,https://i.postimg.cc/TYCj9hj4/CONDE-JUNCO-copia.webp,,,,,,,,,,,,"{'idExpansion': 5, 'nombreExpansion': 'IMPERIO', 'fechaLanzamiento': '2024-07-04T19:48:17.000+00:00', 'visibilidad': True}","{'idTipo': 28, 'nombreTipo': 'UNIDAD'}",,"{'idSubTipo': 2, 'nombreSubTipo': 'SOLDADO'}",,"{'idSubTipo': 13, 'nombreSubTipo': 'REALEZA'}",,"{'idRareza': 4, 'nombreRareza': 'DIAMANTE'}",,"{'idRareza': 4, 'nombreRareza': 'DIAMANTE'}",FALSE,FALSE,FALSE,FALSE,FALSE,FALSE,FALSE,FALSE,FALSE,FALSE,FALSE,,,FALSE,FALSE,FALSE,FALSE,FALSE,FALSE,TRUE,FALSE,FALSE,,FALSE,FALSE,FALSE,FALSE,TRUE,TRUE,TRUE,TRUE,TRUE,TRUE,TRUE,TRUE,TRUE,,,,,,,,,,,,
480,CONDENADO A OTRA DIMENSION,,8/9,2.25,TRUE,,Condenar: El oponente objetivo condena su unidad con mayor fuerza.,4,FALSE,4,5,5,,,https://i.postimg.cc/C50wJTLj/CONDENADO-A-OTRA-DIMENSION-copia.webp,,,,,,,,,,,,"{'idExpansion': 6, 'nombreExpansion': 'ANCESTROS', 'fechaLanzamiento': '2024-11-19T03:36:06.000+00:00', 'visibilidad': True}","{'idTipo': 6, 'nombreTipo': 'TESORO'}",,,,,,"{'idRareza': 3, 'nombreRareza': 'ORO'}",,"{'idRareza': 3, 'nombreRareza': 'ORO'}",FALSE,TRUE,FALSE,FALSE,FALSE,FALSE,TRUE,FALSE,FALSE,FALSE,FALSE,,,FALSE,FALSE,FALSE,FALSE,FALSE,FALSE,FALSE,FALSE,FALSE,,FALSE,FALSE,FALSE,FALSE,FALSE,FALSE,FALSE,TRUE,FALSE,FALSE,FALSE,FALSE,FALSE,,,,,,,,,,,,
563,CONJURADOR PRIMIGENIO,,4/9,1,TRUE,,"Aparición en juego: Mira la primera carta de tu Reino y puedes mostrarla. Siempre que muestres una carta de unidad por este efecto, hace daño igual a la fuerza de esa carta a la unidad rival objetivo.",2,FALSE,,1,3,,,https://i.postimg.cc/Fs99L46v/CONJURADOR-PRIMIGENIO-copia.webp,,,,,,,,,,,,"{'idExpansion': 6, 'nombreExpansion': 'ANCESTROS', 'fechaLanzamiento': '2024-11-19T03:36:06.000+00:00', 'visibilidad': True}","{'idTipo': 28, 'nombreTipo': 'UNIDAD'}",,"{'idSubTipo': 18, 'nombreSubTipo': 'GIGANTE'}","{'idSubTipo': 7, 'nombreSubTipo': 'MAGO'}",,,"{'idRareza': 2, 'nombreRareza': 'BRONCE'}",,"{'idRareza': 2, 'nombreRareza': 'BRONCE'}",FALSE,TRUE,FALSE,FALSE,FALSE,FALSE,FALSE,FALSE,FALSE,FALSE,FALSE,,,FALSE,FALSE,FALSE,FALSE,FALSE,FALSE,FALSE,FALSE,FALSE,,FALSE,FALSE,FALSE,FALSE,TRUE,TRUE,TRUE,TRUE,FALSE,FALSE,TRUE,FALSE,FALSE,,,,,,,,,,,,
206,CONSTRUCTOR DE ALTARES,,4/9,1,FALSE,,"Aparición en juego: Crea una ficha de monumento con ""Erosionar: Ganas 2 vidas."" y ""Erosión 1"".",1,FALSE,,1,3,,,https://i.postimg.cc/kgQrHx9h/CONSTRUCTOR-DE-ALTARES-COPIA.webp,,,,,,,,,,,,"{'idExpansion': 4, 'nombreExpansion': 'TRONO COMPARTIDO', 'fechaLanzamiento': '2024-05-26T04:09:14.000+00:00', 'visibilidad': True}","{'idTipo': 28, 'nombreTipo': 'UNIDAD'}",,"{'idSubTipo': 17, 'nombreSubTipo': 'MONJE'}",,,,"{'idRareza': 2, 'nombreRareza': 'BRONCE'}",,"{'idRareza': 2, 'nombreRareza': 'BRONCE'}",FALSE,TRUE,FALSE,FALSE,FALSE,FALSE,FALSE,FALSE,FALSE,FALSE,FALSE,,,FALSE,FALSE,FALSE,FALSE,FALSE,FALSE,FALSE,FALSE,FALSE,,FALSE,FALSE,FALSE,FALSE,TRUE,TRUE,TRUE,TRUE,FALSE,FALSE,TRUE,FALSE,FALSE,,,,,,,,,,,,
373,CONSTRUCTOR DE BARRICADA,,7/9,2.1,FALSE,,"Vigía. Siempre que sobreviva a un combate, puedes descartar una carta. Si lo haces, roba una carta.",2,FALSE,3,0,5,,,https://i.postimg.cc/g2jVBdNk/CONSTRUCTOR-DE-BARRICADA-copia.webp,,,,,,,,,,,,"{'idExpansion': 5, 'nombreExpansion': 'IMPERIO', 'fechaLanzamiento': '2024-07-04T19:48:17.000+00:00', 'visibilidad': True}","{'idTipo': 28, 'nombreTipo': 'UNIDAD'}",,"{'idSubTipo': 2, 'nombreSubTipo': 'SOLDADO'}",,,,"{'idRareza': 2, 'nombreRareza': 'BRONCE'}",,"{'idRareza': 2, 'nombreRareza': 'BRONCE'}",FALSE,TRUE,FALSE,FALSE,FALSE,FALSE,FALSE,FALSE,FALSE,FALSE,TRUE,,,FALSE,FALSE,TRUE,FALSE,FALSE,FALSE,FALSE,FALSE,FALSE,,FALSE,FALSE,FALSE,FALSE,TRUE,FALSE,FALSE,TRUE,FALSE,FALSE,FALSE,FALSE,FALSE,,,,,,,,,,,,
97,CONTRABANDISTA,,1/9,2,FALSE,,Aparición en juego: Roba una carta.,2,FALSE,,1,2,,,https://i.postimg.cc/vZDj0mNz/CONTRABANDISTA-copia.jpg,https://i.postimg.cc/43HshYjQ/contrabandista.webp,https://i.postimg.cc/tTRZcs6h/CONTRABANDISTA.webp,,,,,,,,,,"{'idExpansion': 3, 'nombreExpansion': 'PACTO SECRETO', 'fechaLanzamiento': '2024-05-26T04:09:09.000+00:00', 'visibilidad': True}","{'idTipo': 28, 'nombreTipo': 'UNIDAD'}",,"{'idSubTipo': 6, 'nombreSubTipo': 'DESERTOR'}",,,,"{'idRareza': 2, 'nombreRareza': 'BRONCE'}",,"{'idRareza': 1, 'nombreRareza': 'PLATA'}",FALSE,TRUE,FALSE,FALSE,FALSE,FALSE,FALSE,FALSE,FALSE,FALSE,TRUE,,,FALSE,FALSE,FALSE,FALSE,FALSE,FALSE,FALSE,FALSE,FALSE,,FALSE,FALSE,FALSE,FALSE,TRUE,TRUE,TRUE,TRUE,TRUE,TRUE,TRUE,TRUE,FALSE,,,,,,,,,,,,
347,CONTROLADOR DE VOLUNTADES,,1/9,1,TRUE,,Aparición en juego: Regresa hasta una unidad rival objetivo a la mano.,1,FALSE,,2,2,,,https://i.postimg.cc/YC7Sj1dn/MANIPULADOR-DE-VOLUNTADES-copia.jpg,,,,,,,,,,,,"{'idExpansion': 5, 'nombreExpansion': 'IMPERIO', 'fechaLanzamiento': '2024-07-04T19:48:17.000+00:00', 'visibilidad': True}","{'idTipo': 28, 'nombreTipo': 'UNIDAD'}",,"{'idSubTipo': 7, 'nombreSubTipo': 'MAGO'}",,,,"{'idRareza': 1, 'nombreRareza': 'PLATA'}",,"{'idRareza': 2, 'nombreRareza': 'BRONCE'}",FALSE,TRUE,FALSE,FALSE,FALSE,FALSE,FALSE,FALSE,FALSE,FALSE,FALSE,,,FALSE,FALSE,FALSE,FALSE,FALSE,FALSE,FALSE,FALSE,FALSE,,FALSE,FALSE,FALSE,FALSE,TRUE,TRUE,TRUE,TRUE,TRUE,TRUE,TRUE,TRUE,FALSE,,,,,,,,,,,,
481,CONVOCADOR DE ENTIDADES,,8/9,1.15,FALSE,,"Evasión. Aparición en juego: Muestra la última carta de tu Reino. Si tiene Disapar, puedes ponerla en el campo. Si no lo tiene, puedes ponerla en el tope.",5,FALSE,4,5,6,,,https://i.postimg.cc/9XPm0MJ1/CONVOCADOR-DE-ENTIDADES-copia.webp,,,,,,,,,,,,"{'idExpansion': 6, 'nombreExpansion': 'ANCESTROS', 'fechaLanzamiento': '2024-11-19T03:36:06.000+00:00', 'visibilidad': True}","{'idTipo': 28, 'nombreTipo': 'UNIDAD'}",,"{'idSubTipo': 20, 'nombreSubTipo': 'DJINN'}",,,,"{'idRareza': 2, 'nombreRareza': 'BRONCE'}",,"{'idRareza': 3, 'nombreRareza': 'ORO'}",FALSE,TRUE,FALSE,FALSE,FALSE,FALSE,FALSE,FALSE,FALSE,FALSE,FALSE,,,TRUE,FALSE,FALSE,FALSE,FALSE,FALSE,FALSE,FALSE,FALSE,,FALSE,FALSE,FALSE,FALSE,FALSE,FALSE,FALSE,TRUE,FALSE,FALSE,FALSE,FALSE,FALSE,,,,,,,,,,,,
482,CONVOCADOR DE REFUERZOS,,8/9,2,FALSE,,"Guardián. Cuando juegues esta orden y siempre que ataque, regresa hasta una carta unidad objetivo de coste 3 o menos de tu Descarte al campo.",6,FALSE,4,5,6,,,https://i.postimg.cc/4NBXv0C9/CONVOCADOR-DE-REFUERZOS-copia.webp,,,,,,,,,,,,"{'idExpansion': 6, 'nombreExpansion': 'ANCESTROS', 'fechaLanzamiento': '2024-11-19T03:36:06.000+00:00', 'visibilidad': True}","{'idTipo': 28, 'nombreTipo': 'UNIDAD'}",,"{'idSubTipo': 20, 'nombreSubTipo': 'DJINN'}","{'idSubTipo': 18, 'nombreSubTipo': 'GIGANTE'}",,,"{'idRareza': 3, 'nombreRareza': 'ORO'}",,"{'idRareza': 1, 'nombreRareza': 'PLATA'}",FALSE,TRUE,FALSE,TRUE,FALSE,FALSE,FALSE,FALSE,FALSE,FALSE,FALSE,,,FALSE,FALSE,FALSE,FALSE,FALSE,FALSE,FALSE,FALSE,FALSE,,FALSE,FALSE,FALSE,FALSE,FALSE,FALSE,FALSE,TRUE,FALSE,FALSE,FALSE,FALSE,FALSE,,,,,,,,,,,,
557,CORONA DE LA FUERZA DEL DRAGON,,0/9,2,FALSE,,Durabilidad: 2. Equipar: 1 de oro. Aparición en juego: Crea una ficha de tesoro. La unidad equipada gana +1/+1 por cada vida que ganaste este turno.,2,FALSE,,0,0,,,https://i.postimg.cc/VkvmKF1H/CORONA-DE-LA-FUERZA-DEL-DRAGON-copia.webp,,,,,,,,,,,,"{'idExpansion': 6, 'nombreExpansion': 'ANCESTROS', 'fechaLanzamiento': '2024-11-19T03:36:06.000+00:00', 'visibilidad': True}","{'idTipo': 29, 'nombreTipo': 'ARMA'}",,"{'idSubTipo': 8, 'nombreSubTipo': 'ELEMENTAL'}",,,,"{'idRareza': 1, 'nombreRareza': 'PLATA'}",,"{'idRareza': 1, 'nombreRareza': 'PLATA'}",FALSE,TRUE,FALSE,FALSE,FALSE,FALSE,FALSE,FALSE,FALSE,FALSE,FALSE,,,FALSE,FALSE,FALSE,FALSE,FALSE,FALSE,FALSE,FALSE,FALSE,,FALSE,TRUE,FALSE,FALSE,TRUE,TRUE,TRUE,TRUE,TRUE,TRUE,TRUE,TRUE,TRUE,,,,,,,,,,,,
75,CORREDOR DE LOS BOSQUES,,4/9,1,TRUE,,"Siempre que un Corredor de los  bosques entre al campo de batalla bajo tu control, crea una ficha animal 1/1.",2,FALSE,,2,3,,,https://i.postimg.cc/k5bHdp9R/CORREDOR-DE-LOS-BOSQUES-copia.jpg,https://i.postimg.cc/C16RfmMF/CORREDOR-DE-LOS-BOSQUES-copia.jpg,https://i.postimg.cc/8CmfwR7p/CORREDOR-DE-LOS-BOSQUES.webp,,,,,,,,,,"{'idExpansion': 3, 'nombreExpansion': 'PACTO SECRETO', 'fechaLanzamiento': '2024-05-26T04:09:09.000+00:00', 'visibilidad': True}","{'idTipo': 28, 'nombreTipo': 'UNIDAD'}",,"{'idSubTipo': 3, 'nombreSubTipo': 'ANIMAL'}",,,,"{'idRareza': 1, 'nombreRareza': 'PLATA'}",,"{'idRareza': 3, 'nombreRareza': 'ORO'}",FALSE,TRUE,FALSE,FALSE,FALSE,FALSE,FALSE,FALSE,FALSE,FALSE,FALSE,,,FALSE,FALSE,FALSE,FALSE,FALSE,FALSE,FALSE,FALSE,FALSE,,FALSE,FALSE,FALSE,FALSE,TRUE,TRUE,TRUE,TRUE,FALSE,FALSE,TRUE,FALSE,FALSE,,,,,,,,,,,,
131,CREADORA DE TORMENTAS,,4/9,2,TRUE,,"Siempre que otro elemental entre al campo de batalla bajo tu control, roba una carta.",2,FALSE,,1,3,,,https://i.postimg.cc/pTM6VJXG/CREADORA-DE-TORMENTAS-copia.jpg,https://i.postimg.cc/k4xCfkJV/creadora-de-tormentas.webp,https://i.postimg.cc/xCsJV9GB/CREADORA-DE-TORMENTAS.webp,,,,,,,,,,"{'idExpansion': 3, 'nombreExpansion': 'PACTO SECRETO', 'fechaLanzamiento': '2024-05-26T04:09:09.000+00:00', 'visibilidad': True}","{'idTipo': 28, 'nombreTipo': 'UNIDAD'}",,"{'idSubTipo': 8, 'nombreSubTipo': 'ELEMENTAL'}",,,,"{'idRareza': 3, 'nombreRareza': 'ORO'}",,"{'idRareza': 1, 'nombreRareza': 'PLATA'}",FALSE,TRUE,FALSE,FALSE,FALSE,FALSE,FALSE,FALSE,FALSE,FALSE,TRUE,,,FALSE,FALSE,FALSE,FALSE,FALSE,FALSE,FALSE,FALSE,FALSE,,FALSE,FALSE,FALSE,FALSE,TRUE,TRUE,TRUE,TRUE,FALSE,FALSE,TRUE,FALSE,FALSE,,,,,,,,,,,,
207,CRIADERO DE MADERA,,0/9,0,TRUE,,"Crea dos fichas insecto 1/1 con ""Derrotado: Envenena la unidad objetivo"".",2,FALSE,,,,,,https://i.postimg.cc/g0G9bn2c/CRIADERO-DE-MADERA-COPIA.webp,https://i.postimg.cc/Dz6J77t4/CRIADERO-DE-MADERA-copia.jpg,,,,,,,,,,,"{'idExpansion': 4, 'nombreExpansion': 'TRONO COMPARTIDO', 'fechaLanzamiento': '2024-05-26T04:09:14.000+00:00', 'visibilidad': True}","{'idTipo': 1, 'nombreTipo': 'ACCION'}",,,"{'idSubTipo': 16, 'nombreSubTipo': 'INSECTO'}","{'idSubTipo': 12, 'nombreSubTipo': 'RAPIDA'}",,"{'idRareza': 1, 'nombreRareza': 'PLATA'}",,"{'idRareza': 2, 'nombreRareza': 'BRONCE'}",FALSE,FALSE,FALSE,FALSE,FALSE,FALSE,FALSE,FALSE,FALSE,FALSE,FALSE,,,FALSE,FALSE,FALSE,FALSE,FALSE,FALSE,FALSE,FALSE,FALSE,,FALSE,FALSE,FALSE,FALSE,TRUE,TRUE,TRUE,TRUE,TRUE,TRUE,TRUE,TRUE,TRUE,,,,,,,,,,,,
208,CRIATURA DE LA AVANZADA,,4/9,1,FALSE,,"(Como coste adicional, pierdes 2 vidas). Puede ser jugado desde el Averno.",2,FALSE,,3,3,,,https://i.postimg.cc/xd5wfnXv/CRIATURA-DE-LA-AVANZADA-COPIA.webp,,,,,,,,,,,,"{'idExpansion': 4, 'nombreExpansion': 'TRONO COMPARTIDO', 'fechaLanzamiento': '2024-05-26T04:09:14.000+00:00', 'visibilidad': True}","{'idTipo': 28, 'nombreTipo': 'UNIDAD'}",,"{'idSubTipo': 15, 'nombreSubTipo': 'DEMONIO'}",,,,"{'idRareza': 2, 'nombreRareza': 'BRONCE'}",,"{'idRareza': 1, 'nombreRareza': 'PLATA'}",FALSE,TRUE,FALSE,FALSE,FALSE,FALSE,FALSE,FALSE,FALSE,FALSE,FALSE,,,FALSE,FALSE,FALSE,FALSE,FALSE,FALSE,FALSE,FALSE,FALSE,,FALSE,FALSE,FALSE,FALSE,TRUE,TRUE,TRUE,TRUE,FALSE,FALSE,TRUE,FALSE,FALSE,,,,,,,,,,,,
484,CUEVA DE ENANOS,,8/9,1,TRUE,,Aparición en juego: Crea una ficha enano 1/1.,2,FALSE,2,5,6,,,https://i.postimg.cc/k43CX3Sk/CUEVA-DE-ENANOS-copia.webp,,,,,,,,,,,,"{'idExpansion': 6, 'nombreExpansion': 'ANCESTROS', 'fechaLanzamiento': '2024-11-19T03:36:06.000+00:00', 'visibilidad': True}","{'idTipo': 6, 'nombreTipo': 'TESORO'}",,,,,,"{'idRareza': 1, 'nombreRareza': 'PLATA'}",,"{'idRareza': 2, 'nombreRareza': 'BRONCE'}",FALSE,TRUE,FALSE,FALSE,FALSE,FALSE,FALSE,FALSE,FALSE,FALSE,FALSE,,,FALSE,FALSE,FALSE,FALSE,FALSE,FALSE,FALSE,FALSE,FALSE,,FALSE,FALSE,FALSE,FALSE,FALSE,FALSE,FALSE,TRUE,FALSE,FALSE,FALSE,FALSE,FALSE,,,,,,,,,,,,
303,CUMULO DE HONGOS,,0/9,1,TRUE,,"Aparición en juego: Crea una ficha insecto 1/1 con ""Derrotado: Envenena la unidad objetivo"". 1 de oro y Destruir: Drena 1.",1,FALSE,,,,,,https://i.postimg.cc/HncR9MBz/CUMULO-DE-HONGOS-COPIA.webp,,,,,,,,,,,,"{'idExpansion': 4, 'nombreExpansion': 'TRONO COMPARTIDO', 'fechaLanzamiento': '2024-05-26T04:09:14.000+00:00', 'visibilidad': True}","{'idTipo': 17, 'nombreTipo': 'MONUMENTO'}",,,,,,"{'idRareza': 2, 'nombreRareza': 'BRONCE'}",,"{'idRareza': 2, 'nombreRareza': 'BRONCE'}",FALSE,TRUE,FALSE,FALSE,FALSE,FALSE,FALSE,FALSE,FALSE,FALSE,FALSE,,,FALSE,FALSE,FALSE,FALSE,FALSE,FALSE,FALSE,FALSE,FALSE,,FALSE,FALSE,FALSE,FALSE,TRUE,TRUE,TRUE,TRUE,TRUE,TRUE,TRUE,TRUE,TRUE,,,,,,,,,,,,
91,CURANDERA DE LA ALIANZA,,4/9,1,FALSE,,Descartar una carta: Ganas 2 vidas. Activa solo una vez durante tu turno.,2,FALSE,,1,3,,,https://i.postimg.cc/3NwNs0xm/CURANDERA-DE-LA-ALIANZA-copia.jpg,https://i.postimg.cc/WzhD2xXz/CURANDERA-DE-LA-ALIANZA.webp,,,,,,,,,,,"{'idExpansion': 3, 'nombreExpansion': 'PACTO SECRETO', 'fechaLanzamiento': '2024-05-26T04:09:09.000+00:00', 'visibilidad': True}","{'idTipo': 28, 'nombreTipo': 'UNIDAD'}",,"{'idSubTipo': 5, 'nombreSubTipo': 'BRUJA'}",,,,"{'idRareza': 2, 'nombreRareza': 'BRONCE'}",,"{'idRareza': 2, 'nombreRareza': 'BRONCE'}",FALSE,TRUE,FALSE,FALSE,FALSE,FALSE,FALSE,FALSE,FALSE,FALSE,FALSE,,,FALSE,FALSE,FALSE,FALSE,FALSE,FALSE,FALSE,FALSE,FALSE,,FALSE,FALSE,FALSE,FALSE,TRUE,TRUE,TRUE,TRUE,FALSE,FALSE,TRUE,FALSE,FALSE,,,,,,,,,,,,
485,CUSTODIA DEL CIELO,,7/9,2.15,TRUE,,Evasión. Guardián.,2,FALSE,2,2,4,,,https://i.postimg.cc/k4Qm21FD/CUSTODIA-DEL-CIELO-copia.webp,,,,,,,,,,,,"{'idExpansion': 6, 'nombreExpansion': 'ANCESTROS', 'fechaLanzamiento': '2024-11-19T03:36:06.000+00:00', 'visibilidad': True}","{'idTipo': 28, 'nombreTipo': 'UNIDAD'}",,"{'idSubTipo': 20, 'nombreSubTipo': 'DJINN'}",,,,"{'idRareza': 2, 'nombreRareza': 'BRONCE'}",,"{'idRareza': 2, 'nombreRareza': 'BRONCE'}",FALSE,TRUE,FALSE,TRUE,FALSE,FALSE,FALSE,FALSE,FALSE,FALSE,FALSE,,,TRUE,FALSE,FALSE,FALSE,FALSE,FALSE,FALSE,FALSE,FALSE,,FALSE,FALSE,FALSE,FALSE,TRUE,FALSE,FALSE,TRUE,FALSE,FALSE,FALSE,FALSE,FALSE,,,,,,,,,,,,
340,CUSTODIO DE LA CORONA,,4/9,1.25,FALSE,,Centinela (no puede atacar). Vigía (puede bloquear unidades con Evasión).,1,FALSE,,3,3,,,https://i.postimg.cc/wjrhCPG5/CUSTODIO-DE-LA-CORONA-copia.webp,,,,,,,,,,,,"{'idExpansion': 5, 'nombreExpansion': 'IMPERIO', 'fechaLanzamiento': '2024-07-04T19:48:17.000+00:00', 'visibilidad': True}","{'idTipo': 28, 'nombreTipo': 'UNIDAD'}",,"{'idSubTipo': 2, 'nombreSubTipo': 'SOLDADO'}",,,,"{'idRareza': 2, 'nombreRareza': 'BRONCE'}",,"{'idRareza': 3, 'nombreRareza': 'ORO'}",FALSE,TRUE,FALSE,FALSE,FALSE,FALSE,FALSE,FALSE,FALSE,FALSE,FALSE,,,TRUE,FALSE,TRUE,FALSE,FALSE,FALSE,FALSE,FALSE,FALSE,,FALSE,FALSE,FALSE,FALSE,TRUE,TRUE,TRUE,TRUE,FALSE,FALSE,TRUE,FALSE,FALSE,,,,,,,,,,,,
447,CUSTODIO DORADO,,0/9,1.1,TRUE,,Centinela. Derrotado: Pon la primera carta de tu Bóveda en Tesoros Agotados. Aplasta 1.,1,FALSE,,2,1,,,https://i.postimg.cc/RF5d8KYX/CUSTODIO-DORADO-copia.webp,,,,,,,,,,,,"{'idExpansion': 6, 'nombreExpansion': 'ANCESTROS', 'fechaLanzamiento': '2024-11-19T03:36:06.000+00:00', 'visibilidad': True}","{'idTipo': 28, 'nombreTipo': 'UNIDAD'}",,"{'idSubTipo': 18, 'nombreSubTipo': 'GIGANTE'}",,,,"{'idRareza': 3, 'nombreRareza': 'ORO'}",,"{'idRareza': 1, 'nombreRareza': 'PLATA'}",FALSE,TRUE,FALSE,FALSE,FALSE,FALSE,FALSE,FALSE,FALSE,FALSE,FALSE,,,FALSE,FALSE,FALSE,TRUE,FALSE,FALSE,FALSE,FALSE,FALSE,,FALSE,FALSE,FALSE,FALSE,TRUE,TRUE,TRUE,TRUE,TRUE,TRUE,TRUE,TRUE,TRUE,,,,,,,,,,,,
313,DAGA DE LA JUSTICIA,,7/9,2.25,TRUE,,Destruir: Destruye la unidad rival dañada objetivo.,3,FALSE,3,2,5,,,https://i.postimg.cc/MGjyqDCC/DAGA-DE-LA-JUSTICIA-copia.webp,,,,,,,,,,,,"{'idExpansion': 5, 'nombreExpansion': 'IMPERIO', 'fechaLanzamiento': '2024-07-04T19:48:17.000+00:00', 'visibilidad': True}","{'idTipo': 6, 'nombreTipo': 'TESORO'}",,,,,,"{'idRareza': 1, 'nombreRareza': 'PLATA'}",,"{'idRareza': 2, 'nombreRareza': 'BRONCE'}",FALSE,TRUE,FALSE,FALSE,FALSE,FALSE,TRUE,FALSE,FALSE,FALSE,FALSE,,,FALSE,FALSE,FALSE,FALSE,FALSE,FALSE,FALSE,FALSE,FALSE,,FALSE,FALSE,FALSE,FALSE,TRUE,FALSE,FALSE,TRUE,FALSE,FALSE,FALSE,FALSE,FALSE,,,,,,,,,,,,
144,"DANA, MEDICA BRUJA",,1/9,1,FALSE,,"Siempre que juegues una carta de  acción o unidad, ganas 1 vida.",2,FALSE,,2,2,,,https://i.postimg.cc/761Q5J5x/DANA-MEDICA-BRUJA-copia.jpg,https://i.postimg.cc/hv6XhM5r/DANA-MEDICA-BRUJA.webp,,,,,,,,,,,"{'idExpansion': 3, 'nombreExpansion': 'PACTO SECRETO', 'fechaLanzamiento': '2024-05-26T04:09:09.000+00:00', 'visibilidad': True}","{'idTipo': 28, 'nombreTipo': 'UNIDAD'}",,"{'idSubTipo': 5, 'nombreSubTipo': 'BRUJA'}","{'idSubTipo': 2, 'nombreSubTipo': 'SOLDADO'}",,,"{'idRareza': 2, 'nombreRareza': 'BRONCE'}",,"{'idRareza': 2, 'nombreRareza': 'BRONCE'}",FALSE,TRUE,FALSE,FALSE,FALSE,FALSE,FALSE,FALSE,FALSE,FALSE,FALSE,,,FALSE,FALSE,FALSE,FALSE,FALSE,FALSE,FALSE,FALSE,FALSE,,FALSE,FALSE,FALSE,FALSE,TRUE,TRUE,TRUE,TRUE,TRUE,TRUE,TRUE,TRUE,FALSE,,,,,,,,,,,,
355,DAÑO ELECTRICO,,1/9,1,TRUE,,Hace 3 daños a la unidad rival objetivo. Crea una ficha libro.,1,FALSE,,2,2,,,https://i.postimg.cc/50d80z16/DA-O-ELECTRICO-copia.webp,https://i.postimg.cc/hGXzJKXc/FULL-ART-DA-O-ELECTRICO.webp,https://i.postimg.cc/PrWJmCZS/REGIONAL-DA-O-ELECTRICO-copia.webp,,,,,,,,,,"{'idExpansion': 5, 'nombreExpansion': 'IMPERIO', 'fechaLanzamiento': '2024-07-04T19:48:17.000+00:00', 'visibilidad': True}","{'idTipo': 1, 'nombreTipo': 'ACCION'}",,,"{'idSubTipo': 7, 'nombreSubTipo': 'MAGO'}","{'idSubTipo': 12, 'nombreSubTipo': 'RAPIDA'}",,"{'idRareza': 2, 'nombreRareza': 'BRONCE'}",,"{'idRareza': 2, 'nombreRareza': 'BRONCE'}",FALSE,TRUE,FALSE,FALSE,FALSE,FALSE,FALSE,FALSE,FALSE,FALSE,FALSE,,,FALSE,FALSE,FALSE,FALSE,FALSE,FALSE,FALSE,FALSE,FALSE,,FALSE,FALSE,FALSE,FALSE,TRUE,TRUE,TRUE,TRUE,TRUE,TRUE,TRUE,TRUE,FALSE,,,,,,,,,,,,
210,DEMONIO MENOR,,1/9,2.25,FALSE,,Aparición en juego: Cada jugador pierde 2 vidas. Derrotado: Condena esta unidad.,2,FALSE,,3,2,,,https://i.postimg.cc/G2mkwRy8/DEMONIO-MENOR-copia.webp,https://i.postimg.cc/wx1jGbrf/DEMONIO-MEJOR-COPIA.webp,,,,,,,,,,"Si fuera destruido, el ""derrotado"" dispara con la carta aún en el Descarte, y al resolver se envía al Averno.","{'idExpansion': 4, 'nombreExpansion': 'TRONO COMPARTIDO', 'fechaLanzamiento': '2024-05-26T04:09:14.000+00:00', 'visibilidad': True}","{'idTipo': 28, 'nombreTipo': 'UNIDAD'}",,"{'idSubTipo': 15, 'nombreSubTipo': 'DEMONIO'}",,,,"{'idRareza': 2, 'nombreRareza': 'BRONCE'}",,"{'idRareza': 2, 'nombreRareza': 'BRONCE'}",FALSE,TRUE,FALSE,FALSE,FALSE,FALSE,TRUE,FALSE,FALSE,FALSE,FALSE,,,FALSE,FALSE,FALSE,FALSE,FALSE,FALSE,FALSE,FALSE,FALSE,,FALSE,FALSE,FALSE,FALSE,TRUE,TRUE,TRUE,TRUE,TRUE,TRUE,TRUE,TRUE,FALSE,,,,,,,,,,,,
486,DESAFIANTE MALHUMORADO,,7/9,1.1,FALSE,,Desafiante. Aparición en juego: Aplasta 1 (dispara solo si fue jugado de tu mano).,3,FALSE,2,3,5,,,https://i.postimg.cc/gj4bDx7W/DESAFIANTE-MALHUMORADO-copia.webp,,,,,,,,,,,"Desafiante: Siempre que ataque, elige hasta una unidad rival objetivo. Debe bloquearla si puede.","{'idExpansion': 6, 'nombreExpansion': 'ANCESTROS', 'fechaLanzamiento': '2024-11-19T03:36:06.000+00:00', 'visibilidad': True}","{'idTipo': 28, 'nombreTipo': 'UNIDAD'}",,"{'idSubTipo': 18, 'nombreSubTipo': 'GIGANTE'}",,,,"{'idRareza': 2, 'nombreRareza': 'BRONCE'}",,"{'idRareza': 1, 'nombreRareza': 'PLATA'}",FALSE,TRUE,FALSE,FALSE,FALSE,FALSE,FALSE,FALSE,FALSE,FALSE,FALSE,,,FALSE,FALSE,FALSE,TRUE,FALSE,FALSE,FALSE,FALSE,FALSE,,FALSE,FALSE,FALSE,FALSE,TRUE,FALSE,FALSE,TRUE,FALSE,FALSE,FALSE,FALSE,FALSE,,,,,,,,,,,,
211,DESECHOS DE LA BRUJULA PIRATA,,0/9,0,FALSE,,"Agotar: Hasta el final del turno, si un jugador fuera a buscar cartas en su Reino, busca en las primeras cinco cartas en su lugar.",0,FALSE,0,,,,,https://i.postimg.cc/qBWvVxVk/DESECHOS-DE-LA-BRUJULA-PIRATA-COPIA.webp,https://i.postimg.cc/RF8FCjh0/desechos.webp,https://i.postimg.cc/Vkfy3J6f/FULL_ART_DESECHOS_DE_BRUJULA_COPIA.webp,,,,,,,,,,"{'idExpansion': 4, 'nombreExpansion': 'TRONO COMPARTIDO', 'fechaLanzamiento': '2024-05-26T04:09:14.000+00:00', 'visibilidad': True}","{'idTipo': 6, 'nombreTipo': 'TESORO'}",,,,,,"{'idRareza': 1, 'nombreRareza': 'PLATA'}",,"{'idRareza': 2, 'nombreRareza': 'BRONCE'}",FALSE,FALSE,FALSE,FALSE,FALSE,FALSE,FALSE,FALSE,FALSE,FALSE,FALSE,,,FALSE,FALSE,FALSE,FALSE,FALSE,FALSE,FALSE,FALSE,FALSE,,FALSE,FALSE,FALSE,FALSE,TRUE,TRUE,TRUE,TRUE,TRUE,TRUE,TRUE,TRUE,TRUE,,,,,,,,,,,,
395,DESEMBARCO EN HAMRRA,,0/9,1,FALSE,,El oponente objetivo descarta dos cartas. Excavar Bóveda 1.,3,FALSE,,,,,"El día que los piratas desembarcaron en Hamrra, se cautivaron por las oportunidades ante ellos ofrecidas en la ciudad.",https://i.postimg.cc/7630TLYX/DESEMBARCO-EN-HAMRRA-copia.webp,,,,,,,,,,,,"{'idExpansion': 5, 'nombreExpansion': 'IMPERIO', 'fechaLanzamiento': '2024-07-04T19:48:17.000+00:00', 'visibilidad': True}","{'idTipo': 1, 'nombreTipo': 'ACCION'}",,"{'idSubTipo': 14, 'nombreSubTipo': 'COMUN'}","{'idSubTipo': 1, 'nombreSubTipo': 'PIRATA'}",,,"{'idRareza': 2, 'nombreRareza': 'BRONCE'}",,"{'idRareza': 1, 'nombreRareza': 'PLATA'}",FALSE,FALSE,FALSE,FALSE,FALSE,FALSE,FALSE,FALSE,FALSE,FALSE,FALSE,,,FALSE,FALSE,FALSE,FALSE,FALSE,FALSE,FALSE,FALSE,FALSE,,FALSE,FALSE,FALSE,TRUE,TRUE,TRUE,TRUE,TRUE,TRUE,TRUE,TRUE,TRUE,TRUE,,,,,,,,,,,,
487,DESEO ABSORBERLOS EN MI LAMPARA,,7/9,1,FALSE,,"Todas las unidades ganan un contador de Disipar y ""Disipar: Cada oponente gana 1 vida"".",5,FALSE,2,3,5,,,https://i.postimg.cc/X77bvgZ7/DESEO-ABSORBERLOS-EN-MI-LAMPARA-copia.webp,,,,,,,,,,,"Disipar: Al inicio del turno del controlador, remueve un contador de Disipar. Cuando quite el último, pone el permanente en el fondo y dispara su habilidad.","{'idExpansion': 6, 'nombreExpansion': 'ANCESTROS', 'fechaLanzamiento': '2024-11-19T03:36:06.000+00:00', 'visibilidad': True}","{'idTipo': 1, 'nombreTipo': 'ACCION'}",,"{'idSubTipo': 14, 'nombreSubTipo': 'COMUN'}","{'idSubTipo': 20, 'nombreSubTipo': 'DJINN'}",,,"{'idRareza': 1, 'nombreRareza': 'PLATA'}",,"{'idRareza': 3, 'nombreRareza': 'ORO'}",FALSE,TRUE,FALSE,FALSE,FALSE,FALSE,FALSE,FALSE,FALSE,FALSE,FALSE,,,FALSE,FALSE,FALSE,FALSE,FALSE,FALSE,FALSE,FALSE,FALSE,,FALSE,FALSE,FALSE,FALSE,TRUE,FALSE,FALSE,TRUE,FALSE,FALSE,FALSE,FALSE,FALSE,,,,,,,,,,,,
488,DESEO DE SANGRE,,1/9,3,TRUE,,"Frenesí. Guardián. Resguardo: 1 de oro. Cuando juegues esta orden, hasta dos unidades alidas objetivo ganan +1/+0 y Frenesí hasta el final del turno.",2,FALSE,2,3,2,,,https://i.postimg.cc/tRzbyc4M/DESEO-DE-SANGRE-copia.webp,,,,,,,,,,,,"{'idExpansion': 6, 'nombreExpansion': 'ANCESTROS', 'fechaLanzamiento': '2024-11-19T03:36:06.000+00:00', 'visibilidad': True}","{'idTipo': 28, 'nombreTipo': 'UNIDAD'}",,"{'idSubTipo': 20, 'nombreSubTipo': 'DJINN'}","{'idSubTipo': 19, 'nombreSubTipo': 'ENANO'}",,,"{'idRareza': 3, 'nombreRareza': 'ORO'}",,"{'idRareza': 2, 'nombreRareza': 'BRONCE'}",FALSE,TRUE,FALSE,TRUE,FALSE,FALSE,FALSE,FALSE,FALSE,FALSE,FALSE,,,FALSE,FALSE,FALSE,FALSE,FALSE,FALSE,FALSE,FALSE,FALSE,,TRUE,FALSE,FALSE,FALSE,TRUE,TRUE,TRUE,TRUE,TRUE,TRUE,TRUE,TRUE,FALSE,,,,,,,,,,,,
489,DESEO DISIPAR EL TIEMPO,,1/9,2,FALSE,,"Puedes remover un contador de Disipar de cada permanente aliado. Roba una carta, luego descarta una carta.",1,FALSE,2,3,2,,,https://i.postimg.cc/hPyqQ7x8/DESEO-DISIPAR-EL-TIEMPO-copia.webp,,,,,,,,,,,,"{'idExpansion': 6, 'nombreExpansion': 'ANCESTROS', 'fechaLanzamiento': '2024-11-19T03:36:06.000+00:00', 'visibilidad': True}","{'idTipo': 1, 'nombreTipo': 'ACCION'}",,"{'idSubTipo': 20, 'nombreSubTipo': 'DJINN'}",,"{'idSubTipo': 12, 'nombreSubTipo': 'RAPIDA'}",,"{'idRareza': 2, 'nombreRareza': 'BRONCE'}",,"{'idRareza': 3, 'nombreRareza': 'ORO'}",FALSE,TRUE,FALSE,FALSE,FALSE,FALSE,FALSE,FALSE,FALSE,FALSE,TRUE,,,FALSE,FALSE,FALSE,FALSE,FALSE,FALSE,FALSE,FALSE,FALSE,,FALSE,FALSE,FALSE,FALSE,TRUE,TRUE,TRUE,TRUE,TRUE,TRUE,TRUE,TRUE,FALSE,,,,,,,,,,,,
490,DESEO ENCERRAR LA ENTIDAD,,1/9,2,TRUE,,"La unidad rival objetivo gana un contador de Disipar y ""Disipar: Crea una ficha de tesoro"".",1,FALSE,2,3,2,,,https://i.postimg.cc/6p8xr5Lk/DESEO-ENCERRAR-LA-ENTIDAD-copia.webp,,,,,,,,,,,,"{'idExpansion': 6, 'nombreExpansion': 'ANCESTROS', 'fechaLanzamiento': '2024-11-19T03:36:06.000+00:00', 'visibilidad': True}","{'idTipo': 1, 'nombreTipo': 'ACCION'}",,"{'idSubTipo': 14, 'nombreSubTipo': 'COMUN'}","{'idSubTipo': 20, 'nombreSubTipo': 'DJINN'}",,,"{'idRareza': 3, 'nombreRareza': 'ORO'}",,"{'idRareza': 2, 'nombreRareza': 'BRONCE'}",FALSE,TRUE,FALSE,FALSE,FALSE,FALSE,FALSE,FALSE,FALSE,FALSE,FALSE,,,FALSE,FALSE,FALSE,FALSE,FALSE,FALSE,FALSE,FALSE,FALSE,,FALSE,TRUE,FALSE,FALSE,TRUE,TRUE,TRUE,TRUE,TRUE,TRUE,TRUE,TRUE,FALSE,,,,,,,,,,,,
212,DEVORADOR DE ALMAS,,1/9,1,TRUE,,Aparición en juego: El jugador objetivo condena dos cartas de su Reino.,1,FALSE,,2,2,,,https://i.postimg.cc/RVfVMJ4w/DEVORADOR-DE-ALMAS-COPIA.webp,,,,,,,,,,,,"{'idExpansion': 4, 'nombreExpansion': 'TRONO COMPARTIDO', 'fechaLanzamiento': '2024-05-26T04:09:14.000+00:00', 'visibilidad': True}","{'idTipo': 28, 'nombreTipo': 'UNIDAD'}",,"{'idSubTipo': 15, 'nombreSubTipo': 'DEMONIO'}",,,,"{'idRareza': 2, 'nombreRareza': 'BRONCE'}",,"{'idRareza': 2, 'nombreRareza': 'BRONCE'}",FALSE,TRUE,FALSE,FALSE,FALSE,FALSE,FALSE,FALSE,FALSE,FALSE,FALSE,,,FALSE,FALSE,FALSE,FALSE,FALSE,FALSE,FALSE,FALSE,FALSE,,FALSE,FALSE,FALSE,FALSE,TRUE,TRUE,TRUE,TRUE,TRUE,TRUE,TRUE,TRUE,FALSE,,,,,,,,,,,,
213,DICTADO EQUITATIVO,,0/9,2,FALSE,,"Cada jugador condena una carta de su mano. Crea una ficha demonio 0/3 con ""Derrotado: Roba un carta"".",2,FALSE,,,,,,https://i.postimg.cc/wMtLMkF9/DICTADO-EQUITATIVO-copia.webp,https://i.postimg.cc/SxhQjQx3/DICTADO-EQUITATIVO-COPIA.webp,,,,,,,,,,,"{'idExpansion': 4, 'nombreExpansion': 'TRONO COMPARTIDO', 'fechaLanzamiento': '2024-05-26T04:09:14.000+00:00', 'visibilidad': True}","{'idTipo': 1, 'nombreTipo': 'ACCION'}",,,"{'idSubTipo': 15, 'nombreSubTipo': 'DEMONIO'}","{'idSubTipo': 12, 'nombreSubTipo': 'RAPIDA'}",,"{'idRareza': 2, 'nombreRareza': 'BRONCE'}",,"{'idRareza': 2, 'nombreRareza': 'BRONCE'}",FALSE,TRUE,FALSE,FALSE,FALSE,FALSE,FALSE,FALSE,FALSE,FALSE,TRUE,,,FALSE,FALSE,FALSE,FALSE,FALSE,FALSE,FALSE,FALSE,FALSE,,FALSE,FALSE,FALSE,FALSE,TRUE,TRUE,TRUE,TRUE,TRUE,TRUE,TRUE,TRUE,TRUE,,,,,,,,,,,,
214,DISCIPULO CONVERTIDO,,7/9,1,TRUE,,"Cuando fueras a perder vidas por una orden o efecto que controlas, ganas esa cantidad de vidas en su lugar.",2,FALSE,,2,4,,,https://i.postimg.cc/zv9WgRPK/DISCIPULO-CONVERTIDO-copia.webp,https://i.postimg.cc/CxS01yvq/Mesa-de-trabajo-139.png,https://i.postimg.cc/0Q6JhVdG/gota-discipulo.png,https://i.postimg.cc/2S7kWpq6/DISCIPULO-CONVERTIDO-COPIA.webp,,,,,,,,"Esta habilidad es un efecto de reemplazo (no genera pila). Su habilidad incluye costes adicionales de pérdida de vidas, daño recibido, y pago de vidas para cualquier beneficio. Su habilidad no es acumulable (más de un ""Discipulo convertido"" no hace ganar más vidas de las que originalmente se pierden)","{'idExpansion': 4, 'nombreExpansion': 'TRONO COMPARTIDO', 'fechaLanzamiento': '2024-05-26T04:09:14.000+00:00', 'visibilidad': True}","{'idTipo': 28, 'nombreTipo': 'UNIDAD'}",,"{'idSubTipo': 17, 'nombreSubTipo': 'MONJE'}","{'idSubTipo': 15, 'nombreSubTipo': 'DEMONIO'}",,,"{'idRareza': 2, 'nombreRareza': 'BRONCE'}",,"{'idRareza': 2, 'nombreRareza': 'BRONCE'}",FALSE,TRUE,FALSE,FALSE,FALSE,FALSE,FALSE,FALSE,FALSE,FALSE,FALSE,,,FALSE,FALSE,FALSE,FALSE,FALSE,FALSE,FALSE,FALSE,FALSE,,FALSE,FALSE,FALSE,FALSE,TRUE,FALSE,FALSE,TRUE,FALSE,FALSE,FALSE,FALSE,FALSE,,,,,,,,,,,,
82,DISCURSO DEL REY,,0/9,0,FALSE,,Mueve la unidad objetivo a la zona de formación.,1,FALSE,,,,,,https://i.postimg.cc/4yBL5Cvq/DISCURSO-DEL-REY-copia.jpg,https://i.postimg.cc/7PWGBYZ2/DISCURSO-DEL-REY.webp,,,,,,,,,,,"{'idExpansion': 3, 'nombreExpansion': 'PACTO SECRETO', 'fechaLanzamiento': '2024-05-26T04:09:09.000+00:00', 'visibilidad': True}","{'idTipo': 1, 'nombreTipo': 'ACCION'}",,,,"{'idSubTipo': 12, 'nombreSubTipo': 'RAPIDA'}",,"{'idRareza': 2, 'nombreRareza': 'BRONCE'}",,"{'idRareza': 1, 'nombreRareza': 'PLATA'}",FALSE,FALSE,FALSE,FALSE,FALSE,FALSE,FALSE,FALSE,FALSE,FALSE,FALSE,,,FALSE,FALSE,FALSE,FALSE,FALSE,FALSE,FALSE,FALSE,FALSE,,FALSE,FALSE,FALSE,FALSE,TRUE,TRUE,TRUE,TRUE,TRUE,TRUE,TRUE,TRUE,TRUE,,,,,,,,,,,,
391,DOBLEGADORA DE ALMAS,,1/9,1,TRUE,,Sorpresivo. Aparición en juego: Regresa la unidad rival objetivo y hasta una unidad aliada no mago objetivo a la mano.,3,FALSE,3,3,2,,,https://i.postimg.cc/gjGRyPxp/DOBLEGADORA-DE-ALMAS-copia.webp,,,,,,,,,,,"Al indicar que la unidad aliada debe ser ""no-mago"", significa que no puede hacer objetivo a unidades miméticos, puesto que estos son también magos.","{'idExpansion': 5, 'nombreExpansion': 'IMPERIO', 'fechaLanzamiento': '2024-07-04T19:48:17.000+00:00', 'visibilidad': True}","{'idTipo': 28, 'nombreTipo': 'UNIDAD'}",,"{'idSubTipo': 7, 'nombreSubTipo': 'MAGO'}",,,,"{'idRareza': 1, 'nombreRareza': 'PLATA'}",,"{'idRareza': 2, 'nombreRareza': 'BRONCE'}",FALSE,TRUE,FALSE,FALSE,FALSE,FALSE,FALSE,FALSE,FALSE,FALSE,FALSE,,,FALSE,FALSE,FALSE,FALSE,FALSE,FALSE,FALSE,FALSE,FALSE,,FALSE,FALSE,FALSE,FALSE,TRUE,TRUE,TRUE,TRUE,TRUE,TRUE,TRUE,TRUE,FALSE,,,,,,,,,,,,
304,DOJO DE ENTRENAMIENTO,,0/9,0,FALSE,,Puedes erosionar para poner un contador +1/+1 en la unidad aliada que entró al campo este turno. Activa esta habilidad solo una vez por turno. Erosión 3.,2,FALSE,,,,,,https://i.postimg.cc/CKMFHvD4/DOJO-DE-ENTRENAMIENTO-COPIA.webp,,,,,,,,,,,,"{'idExpansion': 4, 'nombreExpansion': 'TRONO COMPARTIDO', 'fechaLanzamiento': '2024-05-26T04:09:14.000+00:00', 'visibilidad': True}","{'idTipo': 17, 'nombreTipo': 'MONUMENTO'}",,,,,,"{'idRareza': 2, 'nombreRareza': 'BRONCE'}",,"{'idRareza': 2, 'nombreRareza': 'BRONCE'}",FALSE,FALSE,FALSE,FALSE,FALSE,FALSE,FALSE,FALSE,FALSE,FALSE,FALSE,,,FALSE,FALSE,FALSE,FALSE,FALSE,FALSE,FALSE,FALSE,FALSE,,FALSE,FALSE,FALSE,FALSE,TRUE,TRUE,TRUE,TRUE,TRUE,TRUE,TRUE,TRUE,TRUE,,,,,,,,,,,,
315,DOMINADORA DEL AIRE,,1/9,1.15,TRUE,,Evasión. Sorpresivo.,2,FALSE,3,2,2,,,https://i.postimg.cc/3N9GnbGv/DOMINADORA-DEL-AIRE-copia.webp,https://i.postimg.cc/85W7HwdY/FULL-ART-DOMINADORA-DEL-AIRE.webp,,,,,,,,,,,"{'idExpansion': 5, 'nombreExpansion': 'IMPERIO', 'fechaLanzamiento': '2024-07-04T19:48:17.000+00:00', 'visibilidad': True}","{'idTipo': 28, 'nombreTipo': 'UNIDAD'}",,"{'idSubTipo': 7, 'nombreSubTipo': 'MAGO'}",,,,"{'idRareza': 2, 'nombreRareza': 'BRONCE'}",,"{'idRareza': 1, 'nombreRareza': 'PLATA'}",FALSE,TRUE,FALSE,FALSE,FALSE,FALSE,FALSE,FALSE,FALSE,FALSE,FALSE,,,TRUE,FALSE,FALSE,FALSE,FALSE,FALSE,FALSE,FALSE,FALSE,,FALSE,FALSE,FALSE,FALSE,TRUE,TRUE,TRUE,TRUE,TRUE,TRUE,TRUE,TRUE,FALSE,,,,,,,,,,,,
216,"DORIAN, MAULLIDO INFERNAL",,4/9,2.25,TRUE,,"Sorpresivo. Aparición en juego: Condena tres cartas de tu Reino. Siempre que condenes una carta de unidad de tu Reino, puedes pagar 2 vidas. Si lo haces, crea una ficha demonio 2/2. Esa unidad gana +1/+1 y Frenesí hasta el final del turno.",5,FALSE,,3,3,,,https://i.postimg.cc/yNf7fFyC/DORIAN-MAULLIDO-INFERNAL-COPIA.webp,https://i.postimg.cc/gcQ4XDTX/dorian.webp,https://i.postimg.cc/x8JcGMqL/DORIAN-MAULLIDO-INFERNAL-copia.jpg,,,,,,,,,"Las fichas son las que ganan el frenesí y el +1/+1. Se debe pagar 2 vidas por cada carta de unidad condenada, aún si estas fueron condenadas al mismo tiempo y por el  mismo efecto.","{'idExpansion': 4, 'nombreExpansion': 'TRONO COMPARTIDO', 'fechaLanzamiento': '2024-05-26T04:09:14.000+00:00', 'visibilidad': True}","{'idTipo': 28, 'nombreTipo': 'UNIDAD'}",,"{'idSubTipo': 15, 'nombreSubTipo': 'DEMONIO'}","{'idSubTipo': 3, 'nombreSubTipo': 'ANIMAL'}",,,"{'idRareza': 1, 'nombreRareza': 'PLATA'}",,"{'idRareza': 1, 'nombreRareza': 'PLATA'}",FALSE,TRUE,FALSE,FALSE,FALSE,FALSE,TRUE,FALSE,FALSE,FALSE,FALSE,,,FALSE,FALSE,FALSE,FALSE,FALSE,FALSE,FALSE,FALSE,FALSE,,FALSE,FALSE,FALSE,FALSE,TRUE,TRUE,TRUE,TRUE,FALSE,FALSE,TRUE,FALSE,FALSE,,,,,,,,,,,,
122,"DRAKE, EL VETERANO",,4/9,3,FALSE,,"Hurto. Siempre que un pirata entre al campo de batalla bajo tu control, el jugador objetivo descarta una carta. Esta habilidad dispara solo una vez por turno.",4,FALSE,,3,3,,,https://i.postimg.cc/dQBxvdM6/DRAKE-EL-VETERANO-copia.jpg,https://i.postimg.cc/J4HySVsd/DRAKE-EL-VETERANO.webp,,,,,,,,,,,"{'idExpansion': 3, 'nombreExpansion': 'PACTO SECRETO', 'fechaLanzamiento': '2024-05-26T04:09:09.000+00:00', 'visibilidad': True}","{'idTipo': 28, 'nombreTipo': 'UNIDAD'}",,"{'idSubTipo': 1, 'nombreSubTipo': 'PIRATA'}",,,,"{'idRareza': 1, 'nombreRareza': 'PLATA'}",,"{'idRareza': 3, 'nombreRareza': 'ORO'}",FALSE,TRUE,FALSE,FALSE,FALSE,FALSE,FALSE,FALSE,FALSE,FALSE,FALSE,,,FALSE,FALSE,FALSE,FALSE,FALSE,FALSE,FALSE,FALSE,FALSE,,FALSE,FALSE,TRUE,TRUE,TRUE,TRUE,TRUE,TRUE,FALSE,FALSE,TRUE,FALSE,FALSE,,,,,,,,,,,,
491,"DRANK, LINAJE EXPLORADOR",,1/9,1.5,TRUE,,"Temible. Siempre que haga daño de combate a un jugador, muestra su mano. Puedes elegir una carta de unidad de fuerza 4 o más. Si lo haces, la descarta. Derrotado: Excavar Bóveda 1.",2,FALSE,2,3,2,,,https://i.postimg.cc/W4rRyWyS/DRANK-LINAJE-EXPLORADOR-copia.webp,,,,,,,,,,,,"{'idExpansion': 6, 'nombreExpansion': 'ANCESTROS', 'fechaLanzamiento': '2024-11-19T03:36:06.000+00:00', 'visibilidad': True}","{'idTipo': 28, 'nombreTipo': 'UNIDAD'}",,"{'idSubTipo': 19, 'nombreSubTipo': 'ENANO'}","{'idSubTipo': 1, 'nombreSubTipo': 'PIRATA'}","{'idSubTipo': 13, 'nombreSubTipo': 'REALEZA'}",,"{'idRareza': 3, 'nombreRareza': 'ORO'}",,"{'idRareza': 1, 'nombreRareza': 'PLATA'}",FALSE,TRUE,FALSE,FALSE,FALSE,FALSE,FALSE,FALSE,FALSE,FALSE,FALSE,,,FALSE,FALSE,FALSE,FALSE,FALSE,FALSE,TRUE,FALSE,FALSE,,FALSE,FALSE,FALSE,TRUE,TRUE,TRUE,TRUE,TRUE,TRUE,TRUE,TRUE,TRUE,FALSE,,,,,,,,,,,,
24,DUELO DE ESPADAS,,0/9,1.25,FALSE,,La unidad objetivo que controlas lucha con la unidad objetivo que no controlas.,2,FALSE,,,,,,https://i.postimg.cc/DwqSyrdr/DUELO-DE-ESPADAS.webp,https://i.postimg.cc/XJTT1CSg/Mesa-de-trabajo-32-200x.png,https://i.postimg.cc/g2wjRrWn/duelo.jpg,,,,,,,,,,"{'idExpansion': 2, 'nombreExpansion': 'FUNDAMENTOS', 'fechaLanzamiento': '2024-05-26T04:08:58.000+00:00', 'visibilidad': True}","{'idTipo': 1, 'nombreTipo': 'ACCION'}",,,,"{'idSubTipo': 12, 'nombreSubTipo': 'RAPIDA'}",,"{'idRareza': 1, 'nombreRareza': 'PLATA'}",,"{'idRareza': 1, 'nombreRareza': 'PLATA'}",FALSE,FALSE,FALSE,FALSE,FALSE,FALSE,TRUE,FALSE,FALSE,FALSE,FALSE,,,FALSE,FALSE,FALSE,FALSE,FALSE,FALSE,FALSE,FALSE,FALSE,,FALSE,FALSE,FALSE,FALSE,TRUE,TRUE,TRUE,TRUE,TRUE,TRUE,TRUE,TRUE,TRUE,,,,,,,,,,,,
492,DUEÑO DE ESPEJISMOS,,4/9,2.15,TRUE,,"Evasión. Resguardo: 1 de oro. Al inicio de tu fase final, elige 1 que no fue elegida aún: -Crea una ficha djinn 2/3 con Evasión. -Predicción Bóveda 2. -Puedes poner un contador de Disipar de cada permanente aliado.",3,FALSE,2,2,3,,,https://i.postimg.cc/sxjtvVg0/DUE-O-DE-ESPEJISMOS-copia.webp,,,,,,,,,,,,"{'idExpansion': 6, 'nombreExpansion': 'ANCESTROS', 'fechaLanzamiento': '2024-11-19T03:36:06.000+00:00', 'visibilidad': True}","{'idTipo': 28, 'nombreTipo': 'UNIDAD'}",,"{'idSubTipo': 20, 'nombreSubTipo': 'DJINN'}",,,,"{'idRareza': 1, 'nombreRareza': 'PLATA'}",,"{'idRareza': 3, 'nombreRareza': 'ORO'}",FALSE,TRUE,FALSE,FALSE,FALSE,FALSE,FALSE,FALSE,FALSE,FALSE,FALSE,,,TRUE,FALSE,FALSE,FALSE,FALSE,FALSE,FALSE,FALSE,FALSE,,TRUE,FALSE,FALSE,FALSE,TRUE,TRUE,TRUE,TRUE,FALSE,FALSE,TRUE,FALSE,FALSE,,,,,,,,,,,,
396,EDICTOS DE LA REINA,,0/9,3.25,TRUE,,"Elige 2: -Crea una ficha de arma daga. -Hace 1 daño a cada unidad rival. -Destruye un desertor aliado. Si lo haces, hace 3 daños a cada oponente. -Las unidades aliadas ganan ""Oler sangre: Temible"" hasta el final del turno.",2,FALSE,,,,,,https://i.postimg.cc/MZY16XLp/EDICTOS-DE-LA-REINA-copia.webp,,,,,,,,,,,"La opción de ""destruye un desertor aliado,"" al mencionar solo el subtipo, hace referencia a unidades dicho subtipo.","{'idExpansion': 5, 'nombreExpansion': 'IMPERIO', 'fechaLanzamiento': '2024-07-04T19:48:17.000+00:00', 'visibilidad': True}","{'idTipo': 1, 'nombreTipo': 'ACCION'}",,"{'idSubTipo': 14, 'nombreSubTipo': 'COMUN'}","{'idSubTipo': 6, 'nombreSubTipo': 'DESERTOR'}",,,"{'idRareza': 3, 'nombreRareza': 'ORO'}",,"{'idRareza': 1, 'nombreRareza': 'PLATA'}",TRUE,TRUE,FALSE,FALSE,FALSE,FALSE,TRUE,FALSE,FALSE,FALSE,FALSE,,,FALSE,FALSE,FALSE,FALSE,FALSE,FALSE,FALSE,FALSE,FALSE,,FALSE,FALSE,FALSE,FALSE,TRUE,TRUE,TRUE,TRUE,TRUE,TRUE,TRUE,TRUE,TRUE,,,,,,,,,,,,
15,EJECUCION,,0/9,1.25,TRUE,,Destruir: Destruye la unidad objetivo.,4,FALSE,4,,,,,https://i.postimg.cc/8z8FSKWk/EJECUCION.webp,https://i.postimg.cc/s2wNsKDD/Mesa-de-trabajo-21-200x.png,https://i.postimg.cc/xdMdx7qQ/ejecucion.jpg,,,,,,,,,,"{'idExpansion': 2, 'nombreExpansion': 'FUNDAMENTOS', 'fechaLanzamiento': '2024-05-26T04:08:58.000+00:00', 'visibilidad': True}","{'idTipo': 6, 'nombreTipo': 'TESORO'}",,,,,,"{'idRareza': 1, 'nombreRareza': 'PLATA'}",,"{'idRareza': 2, 'nombreRareza': 'BRONCE'}",FALSE,FALSE,FALSE,FALSE,FALSE,FALSE,TRUE,FALSE,FALSE,FALSE,FALSE,,,FALSE,FALSE,FALSE,FALSE,FALSE,FALSE,FALSE,FALSE,FALSE,,FALSE,FALSE,FALSE,FALSE,TRUE,TRUE,TRUE,TRUE,TRUE,TRUE,TRUE,TRUE,TRUE,,,,,,,,,,,,
374,EJECUTANDO PRISIONEROS,,7/9,2.25,TRUE,,Destruye la unidad rival dañada objetivo.,1,FALSE,3,0,5,,"""Toda destrucción es una muerte, pero no toda muerte es una destrucción."" - Aixa",https://i.postimg.cc/RVVKN4rQ/EJECUTAR-PRISIONEROS-copia.webp,https://i.postimg.cc/FHmnhBRj/METAL-EJECUTANDO-PRISIONEROS.png,,,,,,,,,,,"{'idExpansion': 5, 'nombreExpansion': 'IMPERIO', 'fechaLanzamiento': '2024-07-04T19:48:17.000+00:00', 'visibilidad': True}","{'idTipo': 1, 'nombreTipo': 'ACCION'}",,,"{'idSubTipo': 6, 'nombreSubTipo': 'DESERTOR'}","{'idSubTipo': 12, 'nombreSubTipo': 'RAPIDA'}",,"{'idRareza': 2, 'nombreRareza': 'BRONCE'}",,"{'idRareza': 2, 'nombreRareza': 'BRONCE'}",FALSE,TRUE,FALSE,FALSE,FALSE,FALSE,TRUE,FALSE,FALSE,FALSE,FALSE,,,FALSE,FALSE,FALSE,FALSE,FALSE,FALSE,FALSE,FALSE,FALSE,,FALSE,FALSE,FALSE,FALSE,TRUE,FALSE,FALSE,TRUE,FALSE,FALSE,FALSE,FALSE,FALSE,,,,,,,,,,,,
493,EL APLASTAVIDAS,,2/9,1,FALSE,,"Desafiante. Siempre que haga daño de combate, destrúyelo.",1,FALSE,2,4,2,,,https://i.postimg.cc/C1H3hZSq/EL_APLASTAVIDAS_copia.webp,,,,,,,,,,,,"{'idExpansion': 6, 'nombreExpansion': 'ANCESTROS', 'fechaLanzamiento': '2024-11-19T03:36:06.000+00:00', 'visibilidad': True}","{'idTipo': 28, 'nombreTipo': 'UNIDAD'}",,"{'idSubTipo': 18, 'nombreSubTipo': 'GIGANTE'}",,,,"{'idRareza': 2, 'nombreRareza': 'BRONCE'}",,"{'idRareza': 3, 'nombreRareza': 'ORO'}",FALSE,TRUE,FALSE,FALSE,FALSE,FALSE,FALSE,FALSE,FALSE,FALSE,FALSE,,,FALSE,FALSE,FALSE,FALSE,FALSE,FALSE,FALSE,FALSE,FALSE,,FALSE,FALSE,FALSE,FALSE,FALSE,TRUE,TRUE,TRUE,TRUE,TRUE,TRUE,TRUE,FALSE,,,,,,,,,,,,
217,"EL GARRUANO, LEYENDA DE HAMRRA",,8/9,1,FALSE,,Dureza. Cuesta 1 oro menos por cada insecto aliado. El coste no puede ser menor que 1.,6,FALSE,,4,4,,,https://i.postimg.cc/SsJkHJg2/EL-GURRANO-LEYENDA-DE-HAMRRA-COPIA.webp,https://i.postimg.cc/8Pv4h62y/el-garruano.webp,https://i.postimg.cc/NF3LdFrS/EL-GARRUANO-LEYENDA-DE-HAMRRA-copia.jpg,,,,,,,,,,"{'idExpansion': 4, 'nombreExpansion': 'TRONO COMPARTIDO', 'fechaLanzamiento': '2024-05-26T04:09:14.000+00:00', 'visibilidad': True}","{'idTipo': 28, 'nombreTipo': 'UNIDAD'}",,"{'idSubTipo': 16, 'nombreSubTipo': 'INSECTO'}",,,,"{'idRareza': 3, 'nombreRareza': 'ORO'}",,"{'idRareza': 3, 'nombreRareza': 'ORO'}",FALSE,TRUE,FALSE,FALSE,FALSE,FALSE,FALSE,FALSE,FALSE,FALSE,FALSE,,,FALSE,FALSE,FALSE,FALSE,FALSE,FALSE,FALSE,FALSE,FALSE,,FALSE,FALSE,FALSE,FALSE,FALSE,FALSE,FALSE,TRUE,FALSE,FALSE,FALSE,FALSE,FALSE,,,,,,,,,,,,
16,EL MAESTRO,,1/9,1.25,TRUE,,Arrollar. Frenesí. Aparición en juego: Hace 1 punto de daño a las unidades que no controlas.,2,FALSE,,3,2,,,https://i.postimg.cc/Bv4X8jMd/EL-MAESTRO.webp,https://i.postimg.cc/4yTL10WP/Mesa-de-trabajo-22-200x.png,https://i.postimg.cc/rm9wcrSY/el-maestro.jpg,https://i.postimg.cc/PrFGz3vd/el-maestro-foil.jpg,,,,,,,,,"{'idExpansion': 2, 'nombreExpansion': 'FUNDAMENTOS', 'fechaLanzamiento': '2024-05-26T04:08:58.000+00:00', 'visibilidad': True}","{'idTipo': 28, 'nombreTipo': 'UNIDAD'}",,"{'idSubTipo': 6, 'nombreSubTipo': 'DESERTOR'}",,,,"{'idRareza': 3, 'nombreRareza': 'ORO'}",,"{'idRareza': 1, 'nombreRareza': 'PLATA'}",FALSE,TRUE,FALSE,FALSE,FALSE,FALSE,FALSE,FALSE,FALSE,FALSE,FALSE,,,FALSE,FALSE,FALSE,FALSE,FALSE,TRUE,FALSE,FALSE,FALSE,,FALSE,FALSE,FALSE,FALSE,TRUE,TRUE,TRUE,TRUE,TRUE,TRUE,TRUE,TRUE,FALSE,,,,,,,,,,,,
17,EL OJO QUE TODO LO VE,,0/9,0,TRUE,,"Aparición en juego: Mira las primeras tres cartas de tu Reino, luego pon una en tu mano y el resto en el fondo. Destruir: Mezcla este tesoro en tu Bóveda.",5,FALSE,5,,,,,https://i.postimg.cc/9fbzyckz/EL-OJO-QUE-TODO-LO-VE.webp,https://i.postimg.cc/6pL9Lszj/Mesa-de-trabajo-23-200x.png,https://i.postimg.cc/nhtFDVK9/Mesa-de-trabajo-24-200x.png,https://i.postimg.cc/v83ZN584/el-ojo.jpg,https://i.postimg.cc/RhsCJxp7/el-ojo-full-art.jpg,https://i.postimg.cc/4xCy6sNP/ojo.jpg,,,,,,,"{'idExpansion': 2, 'nombreExpansion': 'FUNDAMENTOS', 'fechaLanzamiento': '2024-05-26T04:08:58.000+00:00', 'visibilidad': True}","{'idTipo': 6, 'nombreTipo': 'TESORO'}",,,,,,"{'idRareza': 1, 'nombreRareza': 'PLATA'}",,"{'idRareza': 3, 'nombreRareza': 'ORO'}",FALSE,FALSE,FALSE,FALSE,FALSE,FALSE,FALSE,FALSE,FALSE,FALSE,FALSE,,,FALSE,FALSE,FALSE,FALSE,FALSE,FALSE,FALSE,FALSE,FALSE,,FALSE,FALSE,FALSE,FALSE,TRUE,TRUE,TRUE,TRUE,TRUE,TRUE,TRUE,TRUE,TRUE,,,,,,,,,,,,
316,"ELEONOR, INSPIRADORA DE LA MORAL",,7/9,1.5,TRUE,,"Dureza. Resguardo: 1 oro. Siempre que una unidad aliada sobreviva a un combate, esa unidad gana un contador +1/+1.",3,FALSE,,3,4,,,https://i.postimg.cc/zXtWh68m/ELEONOR-INSPIRADORA-DE-LA-MORAL-copia.webp,https://i.postimg.cc/xTQzsr43/ETHERNAL-ELEONOR-INSPIRADORA-DE-LA-MORAL.webp,,,,,,,,,,,"{'idExpansion': 5, 'nombreExpansion': 'IMPERIO', 'fechaLanzamiento': '2024-07-04T19:48:17.000+00:00', 'visibilidad': True}","{'idTipo': 28, 'nombreTipo': 'UNIDAD'}",,"{'idSubTipo': 2, 'nombreSubTipo': 'SOLDADO'}",,"{'idSubTipo': 13, 'nombreSubTipo': 'REALEZA'}",,"{'idRareza': 3, 'nombreRareza': 'ORO'}",,"{'idRareza': 2, 'nombreRareza': 'BRONCE'}",FALSE,TRUE,FALSE,FALSE,FALSE,FALSE,FALSE,FALSE,FALSE,FALSE,FALSE,,,FALSE,FALSE,FALSE,FALSE,FALSE,FALSE,TRUE,FALSE,FALSE,,TRUE,FALSE,FALSE,FALSE,TRUE,FALSE,FALSE,TRUE,FALSE,FALSE,FALSE,FALSE,FALSE,,,,,,,,,,,,
73,"ELI, PEQUEÑA MASCOTA",,4/9,1.25,FALSE,,"Arrollar. Aparición en juego: Si controlas dos o más desertores, gana dos contadores +1/+1.",3,FALSE,,2,3,,,https://i.postimg.cc/VvHvmsJT/ELI-PEQUE-A-MASCOTA-copia.jpg,https://i.postimg.cc/HncxGXk7/ELI-PEQUE-A-MASCOTA.webp,,,,,,,,,,"Al mencionar solo el subtipo, hace referencia a unidades dicho subtipo.","{'idExpansion': 3, 'nombreExpansion': 'PACTO SECRETO', 'fechaLanzamiento': '2024-05-26T04:09:09.000+00:00', 'visibilidad': True}","{'idTipo': 28, 'nombreTipo': 'UNIDAD'}",,"{'idSubTipo': 3, 'nombreSubTipo': 'ANIMAL'}",,,,"{'idRareza': 2, 'nombreRareza': 'BRONCE'}",,"{'idRareza': 2, 'nombreRareza': 'BRONCE'}",FALSE,TRUE,FALSE,FALSE,FALSE,FALSE,FALSE,FALSE,FALSE,FALSE,FALSE,,,FALSE,FALSE,FALSE,FALSE,FALSE,TRUE,FALSE,FALSE,FALSE,,FALSE,FALSE,FALSE,FALSE,TRUE,TRUE,TRUE,TRUE,FALSE,FALSE,TRUE,FALSE,FALSE,,,,,,,,,,,,
494,EMANADOR DE DAÑO,,5/9,2,FALSE,,"Guardián. Temible. Cuando juegues esta orden, hace 1 daño a cada unidad rival.",3,FALSE,2,4,3,,,https://i.postimg.cc/V68yP9Qw/EMANADOR_DE_DAÑO_copia.webp,,,,,,,,,,,,"{'idExpansion': 6, 'nombreExpansion': 'ANCESTROS', 'fechaLanzamiento': '2024-11-19T03:36:06.000+00:00', 'visibilidad': True}","{'idTipo': 28, 'nombreTipo': 'UNIDAD'}",,"{'idSubTipo': 6, 'nombreSubTipo': 'DESERTOR'}","{'idSubTipo': 20, 'nombreSubTipo': 'DJINN'}",,,"{'idRareza': 2, 'nombreRareza': 'BRONCE'}",,"{'idRareza': 2, 'nombreRareza': 'BRONCE'}",FALSE,TRUE,FALSE,TRUE,FALSE,FALSE,FALSE,FALSE,FALSE,FALSE,FALSE,,,FALSE,FALSE,FALSE,FALSE,FALSE,FALSE,FALSE,FALSE,FALSE,,FALSE,FALSE,FALSE,FALSE,FALSE,TRUE,TRUE,TRUE,FALSE,FALSE,TRUE,FALSE,FALSE,,,,,,,,,,,,
218,EMBOSCADA DE LA MANADA,,0/9,2.25,FALSE,,Derrotado: La unidad aliada objetivo lucha con la unidad rival objetivo. (Las unidades que luchan hacen daño a la otra igual a su fuerza).,1,FALSE,,2,1,,,https://i.postimg.cc/sXqszsLn/EMBOSCADA-DE-LA-MANADA-COPIA.webp,https://i.postimg.cc/xjhkfxF5/EMBOSCADA-DE-LA-MANADA-copia.jpg,,,,,,,,,,,"{'idExpansion': 4, 'nombreExpansion': 'TRONO COMPARTIDO', 'fechaLanzamiento': '2024-05-26T04:09:14.000+00:00', 'visibilidad': True}","{'idTipo': 28, 'nombreTipo': 'UNIDAD'}",,"{'idSubTipo': 3, 'nombreSubTipo': 'ANIMAL'}",,,,"{'idRareza': 2, 'nombreRareza': 'BRONCE'}",,"{'idRareza': 1, 'nombreRareza': 'PLATA'}",FALSE,TRUE,FALSE,FALSE,FALSE,FALSE,TRUE,FALSE,FALSE,FALSE,FALSE,,,FALSE,FALSE,FALSE,FALSE,FALSE,FALSE,FALSE,FALSE,FALSE,,FALSE,FALSE,FALSE,FALSE,TRUE,TRUE,TRUE,TRUE,TRUE,TRUE,TRUE,TRUE,TRUE,,,,,,,,,,,,
317,EMISARIO DE BORNIS,,1/9,2,FALSE,,"Dureza. Destruir: Interrumpe la orden o cancela el efecto en juego objetivo, que haga objetivo a una unidad realeza aliada.",2,FALSE,,3,2,,,https://i.postimg.cc/52DC7zXn/EMISARIO-DE-BORNIS-copia.webp,https://i.postimg.cc/4x52yQ7j/METAL-EMISARIO-DE-BORNIS.png,,,,,,,,,,,"{'idExpansion': 5, 'nombreExpansion': 'IMPERIO', 'fechaLanzamiento': '2024-07-04T19:48:17.000+00:00', 'visibilidad': True}","{'idTipo': 28, 'nombreTipo': 'UNIDAD'}",,"{'idSubTipo': 7, 'nombreSubTipo': 'MAGO'}","{'idSubTipo': 2, 'nombreSubTipo': 'SOLDADO'}",,,"{'idRareza': 1, 'nombreRareza': 'PLATA'}",,"{'idRareza': 2, 'nombreRareza': 'BRONCE'}",FALSE,TRUE,FALSE,FALSE,FALSE,TRUE,FALSE,FALSE,FALSE,FALSE,FALSE,,,FALSE,FALSE,FALSE,FALSE,FALSE,FALSE,FALSE,FALSE,FALSE,,FALSE,FALSE,FALSE,FALSE,TRUE,TRUE,TRUE,TRUE,TRUE,TRUE,TRUE,TRUE,FALSE,,,,,,,,,,,,
559,ENCARNACION DEL ORO,,0/9,2,TRUE,,Gana +1/+1 por cada tesoro genérico aliado. Aparición en juego: Crea una ficha elemental 2/2.,2,FALSE,,1,1,,,https://i.postimg.cc/c1hpP8Dq/ENCARNACION_DE_ORO_copia.webp,,,,,,,,,,,,"{'idExpansion': 6, 'nombreExpansion': 'ANCESTROS', 'fechaLanzamiento': '2024-11-19T03:36:06.000+00:00', 'visibilidad': True}","{'idTipo': 28, 'nombreTipo': 'UNIDAD'}",,"{'idSubTipo': 8, 'nombreSubTipo': 'ELEMENTAL'}",,,,"{'idRareza': 2, 'nombreRareza': 'BRONCE'}",,"{'idRareza': 2, 'nombreRareza': 'BRONCE'}",FALSE,TRUE,FALSE,FALSE,FALSE,FALSE,FALSE,FALSE,FALSE,FALSE,FALSE,,,FALSE,FALSE,FALSE,FALSE,FALSE,FALSE,FALSE,FALSE,FALSE,,FALSE,TRUE,FALSE,FALSE,TRUE,TRUE,TRUE,TRUE,TRUE,TRUE,TRUE,TRUE,TRUE,,,,,,,,,,,,
220,ENTERRADOS JUNTOS,,0/9,1.25,TRUE,,"(Como coste adicional, destruye una unidad aliada). Destruye la unidad objetivo.",1,FALSE,,,,,,https://i.postimg.cc/qB6pL6tW/ENTERRADOS-JUNTOS-COPIA.webp,https://i.postimg.cc/BvbrnRHR/FULL_ART_ENTERRADOS_JUNTOS_COPIA.webp,https://i.postimg.cc/W1PnS4js/enterrados-juntos.webp,https://i.postimg.cc/bv4JMky4/enterrados-foil.jpg,,,,,,,,,"{'idExpansion': 4, 'nombreExpansion': 'TRONO COMPARTIDO', 'fechaLanzamiento': '2024-05-26T04:09:14.000+00:00', 'visibilidad': True}","{'idTipo': 1, 'nombreTipo': 'ACCION'}",,"{'idSubTipo': 5, 'nombreSubTipo': 'BRUJA'}",,,,"{'idRareza': 2, 'nombreRareza': 'BRONCE'}",,"{'idRareza': 4, 'nombreRareza': 'DIAMANTE'}",FALSE,FALSE,FALSE,FALSE,FALSE,FALSE,TRUE,FALSE,FALSE,FALSE,FALSE,,,FALSE,FALSE,FALSE,FALSE,FALSE,FALSE,FALSE,FALSE,FALSE,,FALSE,FALSE,FALSE,FALSE,TRUE,TRUE,TRUE,TRUE,TRUE,TRUE,TRUE,TRUE,TRUE,,,,,,,,,,,,
192,"ERODON, CAPITAN DEL OJO",,7/9,0.5,TRUE,,"Aparición en juego: Crea dos fichas de monumento con ""Erosionar: Ganas 2 vidas"" y ""Erosión 1"". Siempre que ganes vidas, hace esa misma cantidad de daño a la unidad rival objetivo. Esta habilidad dispara solo una vez por turno. ",4,FALSE,,3,4,,,https://i.postimg.cc/9F3CNXZ0/ERODON-CAPITAN-DEL-OJO-COPIA.webp,https://i.postimg.cc/QMfJXk7M/erodon.webp,https://i.postimg.cc/yNbXd1mg/ethernal-erodon.webp,,,,,,,,,"Si varias fuentes aliadas fueran a ganar vidas al mismo tiempo, el controlador de Erodon elige cuáles de esas instancias disparan la habilidad  (ejemplo: si ganamos vidas por 3 unidades diferentes con Curar en un mismo combate, elegiremos cuál de ellas disparará a Erodon)","{'idExpansion': 4, 'nombreExpansion': 'TRONO COMPARTIDO', 'fechaLanzamiento': '2024-05-26T04:09:14.000+00:00', 'visibilidad': True}","{'idTipo': 28, 'nombreTipo': 'UNIDAD'}",,"{'idSubTipo': 6, 'nombreSubTipo': 'DESERTOR'}","{'idSubTipo': 17, 'nombreSubTipo': 'MONJE'}","{'idSubTipo': 13, 'nombreSubTipo': 'REALEZA'}",,"{'idRareza': 4, 'nombreRareza': 'DIAMANTE'}",,"{'idRareza': 3, 'nombreRareza': 'ORO'}",FALSE,TRUE,FALSE,FALSE,FALSE,FALSE,FALSE,FALSE,FALSE,FALSE,FALSE,,,FALSE,FALSE,FALSE,FALSE,FALSE,FALSE,TRUE,FALSE,FALSE,,FALSE,FALSE,FALSE,FALSE,TRUE,FALSE,FALSE,TRUE,FALSE,FALSE,FALSE,FALSE,FALSE,,,,,,,,,,,,
138,"ERODON, MONJE GENERAL",,4/9,2,FALSE,,Aparición en juego y Derrotado: Crea una ficha tesoro en tu reserva con “Agotar: Genera 1 Oro y destruye este tesoro”.,3,FALSE,,3,3,,,https://i.postimg.cc/rFZZRkwt/ERODON-MONJE-GENERAL-copia.jpg,https://i.postimg.cc/6qtXSYqM/erodon.webp,https://i.postimg.cc/KvTzJPW6/ERODON-MONJE-GENERAL.webp,,,,,,,,,,"{'idExpansion': 3, 'nombreExpansion': 'PACTO SECRETO', 'fechaLanzamiento': '2024-05-26T04:09:09.000+00:00', 'visibilidad': True}","{'idTipo': 28, 'nombreTipo': 'UNIDAD'}",,"{'idSubTipo': 2, 'nombreSubTipo': 'SOLDADO'}",,,,"{'idRareza': 3, 'nombreRareza': 'ORO'}",,"{'idRareza': 2, 'nombreRareza': 'BRONCE'}",FALSE,TRUE,FALSE,FALSE,FALSE,FALSE,FALSE,FALSE,FALSE,FALSE,FALSE,,,FALSE,FALSE,FALSE,FALSE,FALSE,FALSE,FALSE,FALSE,FALSE,,FALSE,TRUE,FALSE,FALSE,TRUE,TRUE,TRUE,TRUE,FALSE,FALSE,TRUE,FALSE,FALSE,,,,,,,,,,,,
103,ERRANTE DEL DESIERTO,,1/9,1,FALSE,,Fantasmal. (Esta unidad solo puede ser bloqueada por unidades con Fantasmal).,2,FALSE,,2,2,,,https://i.postimg.cc/SxXTWvn1/ERRANTE-DEL-DESIERTO-copia.jpg,https://i.postimg.cc/gjC0Gjxt/ERRANTE-DEL-DESIERTO.webp,,,,,,,,,,,"{'idExpansion': 3, 'nombreExpansion': 'PACTO SECRETO', 'fechaLanzamiento': '2024-05-26T04:09:09.000+00:00', 'visibilidad': True}","{'idTipo': 28, 'nombreTipo': 'UNIDAD'}",,"{'idSubTipo': 6, 'nombreSubTipo': 'DESERTOR'}",,,,"{'idRareza': 2, 'nombreRareza': 'BRONCE'}",,"{'idRareza': 3, 'nombreRareza': 'ORO'}",FALSE,TRUE,FALSE,FALSE,FALSE,FALSE,FALSE,FALSE,FALSE,FALSE,FALSE,,,FALSE,FALSE,FALSE,FALSE,FALSE,FALSE,FALSE,FALSE,FALSE,,FALSE,FALSE,FALSE,FALSE,TRUE,TRUE,TRUE,TRUE,TRUE,TRUE,TRUE,TRUE,FALSE,,,,,,,,,,,,
496,ERUDITO DE LAS ARTES ANCESTRALES,,1/9,2.25,FALSE,,Aparición en juego: Condena la unidad rival objetivo de mayor fuerza que esta. 2 de oro: Pacifica la unidad rival objetivo de mayor fuerza que esta. Activa solo una vez por turno.,3,FALSE,2,1,2,,,https://i.postimg.cc/gjg1hfwc/ERUDITO_DE_LAS_ARTES_ANCESTRALES_copia.webp,,,,,,,,,,,,"{'idExpansion': 6, 'nombreExpansion': 'ANCESTROS', 'fechaLanzamiento': '2024-11-19T03:36:06.000+00:00', 'visibilidad': True}","{'idTipo': 28, 'nombreTipo': 'UNIDAD'}",,"{'idSubTipo': 19, 'nombreSubTipo': 'ENANO'}","{'idSubTipo': 17, 'nombreSubTipo': 'MONJE'}",,,"{'idRareza': 3, 'nombreRareza': 'ORO'}",,"{'idRareza': 2, 'nombreRareza': 'BRONCE'}",FALSE,TRUE,FALSE,FALSE,FALSE,FALSE,TRUE,FALSE,FALSE,FALSE,FALSE,,,FALSE,FALSE,FALSE,FALSE,FALSE,FALSE,FALSE,FALSE,FALSE,,FALSE,FALSE,FALSE,FALSE,TRUE,TRUE,TRUE,TRUE,TRUE,TRUE,TRUE,TRUE,FALSE,,,,,,,,,,,,
418,ESCARAMUZADOR DE IMRAN,,0/9,2,TRUE,,Frenesí. Derrotado: Hace 1 daño hasta a unidad rival objetivo y a cada oponente.,1,FALSE,,2,1,,,https://i.postimg.cc/xdHbWdHY/ESCARAMUZADOR-DE-IMRAN-copia.webp,,,,,,,,,,,,"{'idExpansion': 5, 'nombreExpansion': 'IMPERIO', 'fechaLanzamiento': '2024-07-04T19:48:17.000+00:00', 'visibilidad': True}","{'idTipo': 28, 'nombreTipo': 'UNIDAD'}",,"{'idSubTipo': 6, 'nombreSubTipo': 'DESERTOR'}",,,,"{'idRareza': 2, 'nombreRareza': 'BRONCE'}",,"{'idRareza': 1, 'nombreRareza': 'PLATA'}",TRUE,TRUE,FALSE,FALSE,FALSE,FALSE,FALSE,FALSE,FALSE,FALSE,FALSE,,,FALSE,FALSE,FALSE,FALSE,FALSE,FALSE,FALSE,FALSE,FALSE,,FALSE,FALSE,FALSE,FALSE,TRUE,TRUE,TRUE,TRUE,TRUE,TRUE,TRUE,TRUE,TRUE,,,,,,,,,,,,
221,ESCARANTULA,,1/9,1,FALSE,,"Aparición en juego: Crea una ficha insecto 1/1 con ""Derrotado: Envenena la unidad objetivo"".",2,FALSE,,2,2,,,https://i.postimg.cc/Dw6hZqD4/ESCARANTULA-COPIA.webp,https://i.postimg.cc/15F8fGkQ/ESCARANTULA-copia.jpg,,,,,,,,,,,"{'idExpansion': 4, 'nombreExpansion': 'TRONO COMPARTIDO', 'fechaLanzamiento': '2024-05-26T04:09:14.000+00:00', 'visibilidad': True}","{'idTipo': 28, 'nombreTipo': 'UNIDAD'}",,"{'idSubTipo': 16, 'nombreSubTipo': 'INSECTO'}",,,,"{'idRareza': 1, 'nombreRareza': 'PLATA'}",,"{'idRareza': 2, 'nombreRareza': 'BRONCE'}",FALSE,TRUE,FALSE,FALSE,FALSE,FALSE,FALSE,FALSE,FALSE,FALSE,FALSE,,,FALSE,FALSE,FALSE,FALSE,FALSE,FALSE,FALSE,FALSE,FALSE,,FALSE,FALSE,FALSE,FALSE,TRUE,TRUE,TRUE,TRUE,TRUE,TRUE,TRUE,TRUE,FALSE,,,,,,,,,,,,
222,ESCORNOGUZANO,,8/9,1,FALSE,,"Aparición en juego: Puedes destruir hasta tres unidades aliadas. Si lo haces, Drena 1 por cada una.",5,FALSE,,6,4,,,https://i.postimg.cc/pXDRNNJZ/ESCORNOGUZANO-COPIA.webp,https://i.postimg.cc/52M6vHJF/ESCORNOGUZANO-copia.jpg,,,,,,,,,,,"{'idExpansion': 4, 'nombreExpansion': 'TRONO COMPARTIDO', 'fechaLanzamiento': '2024-05-26T04:09:14.000+00:00', 'visibilidad': True}","{'idTipo': 28, 'nombreTipo': 'UNIDAD'}",,"{'idSubTipo': 16, 'nombreSubTipo': 'INSECTO'}",,,,"{'idRareza': 2, 'nombreRareza': 'BRONCE'}",,"{'idRareza': 1, 'nombreRareza': 'PLATA'}",FALSE,TRUE,FALSE,FALSE,FALSE,FALSE,FALSE,FALSE,FALSE,FALSE,FALSE,,,FALSE,FALSE,FALSE,FALSE,FALSE,FALSE,FALSE,FALSE,FALSE,,FALSE,FALSE,FALSE,FALSE,FALSE,FALSE,FALSE,TRUE,FALSE,FALSE,FALSE,FALSE,FALSE,,,,,,,,,,,,
318,ESCUDO ANCESTRAL,,1/9,1,TRUE,,Agotar: La unidad objetivo gana Dureza hasta el final del turno.,0,FALSE,0,3,2,,,https://i.postimg.cc/9MYwQNJn/ESCUDO-ANCESTRAL-copia.webp,,,,,,,,,,,,"{'idExpansion': 5, 'nombreExpansion': 'IMPERIO', 'fechaLanzamiento': '2024-07-04T19:48:17.000+00:00', 'visibilidad': True}","{'idTipo': 6, 'nombreTipo': 'TESORO'}",,,,,,"{'idRareza': 1, 'nombreRareza': 'PLATA'}",,"{'idRareza': 2, 'nombreRareza': 'BRONCE'}",FALSE,TRUE,FALSE,FALSE,FALSE,FALSE,FALSE,FALSE,FALSE,FALSE,FALSE,,,FALSE,FALSE,FALSE,FALSE,FALSE,FALSE,FALSE,FALSE,FALSE,,FALSE,FALSE,FALSE,FALSE,TRUE,TRUE,TRUE,TRUE,TRUE,TRUE,TRUE,TRUE,FALSE,,,,,,,,,,,,
384,ESCUDO DE REFUERZO,,0/9,1,FALSE,,Durabilidad: 2. Equipar: 1 de oro. La unidad equipada gana Dureza.,2,FALSE,,1,1,,,https://i.postimg.cc/pTHnxtYj/ESCUDO-DE-ARMAS-copia.webp,,,,,,,,,,,,"{'idExpansion': 5, 'nombreExpansion': 'IMPERIO', 'fechaLanzamiento': '2024-07-04T19:48:17.000+00:00', 'visibilidad': True}","{'idTipo': 29, 'nombreTipo': 'ARMA'}",,"{'idSubTipo': 2, 'nombreSubTipo': 'SOLDADO'}",,,,"{'idRareza': 2, 'nombreRareza': 'BRONCE'}",,"{'idRareza': 1, 'nombreRareza': 'PLATA'}",FALSE,TRUE,FALSE,FALSE,FALSE,FALSE,FALSE,FALSE,FALSE,FALSE,FALSE,,,FALSE,FALSE,FALSE,FALSE,FALSE,FALSE,FALSE,FALSE,FALSE,,FALSE,FALSE,FALSE,FALSE,TRUE,TRUE,TRUE,TRUE,TRUE,TRUE,TRUE,TRUE,TRUE,,,,,,,,,,,,
223,ESENCIA ANIMAL,,8/9,1,FALSE,,"Aparición en juego y siempre que se descarte por una orden o efecto rival: Crea dos fichas animal 1/1 y ganas 2 vidas. Si una orden o efecto rival pudiera elegir descartar esta carta, debe descartar esta carta.",5,FALSE,,5,5,,,https://i.postimg.cc/Vkm1m77c/ESENCIA-ANIMAL-COPIA.webp,https://i.postimg.cc/GmJjf1hG/esencia-animal.webp,,,,,,,,,,"Órdenes o efectos rivales que pudieran descartar una carta PERO NO ELEGIR esta carta como objetivo no obligarán a hacerlo (ejemplo: ""Timonel sin rumbo"") .Si hubiera otra carta en la mano que ""debe ser elegida"" para descartarse, el jugador que elige selecciona una para descartar","{'idExpansion': 4, 'nombreExpansion': 'TRONO COMPARTIDO', 'fechaLanzamiento': '2024-05-26T04:09:14.000+00:00', 'visibilidad': True}","{'idTipo': 28, 'nombreTipo': 'UNIDAD'}",,"{'idSubTipo': 8, 'nombreSubTipo': 'ELEMENTAL'}","{'idSubTipo': 3, 'nombreSubTipo': 'ANIMAL'}",,,"{'idRareza': 1, 'nombreRareza': 'PLATA'}",,"{'idRareza': 3, 'nombreRareza': 'ORO'}",FALSE,TRUE,FALSE,FALSE,FALSE,FALSE,FALSE,FALSE,FALSE,FALSE,FALSE,,,FALSE,FALSE,FALSE,FALSE,FALSE,FALSE,FALSE,FALSE,FALSE,,FALSE,FALSE,FALSE,FALSE,FALSE,FALSE,FALSE,TRUE,FALSE,FALSE,FALSE,FALSE,FALSE,,,,,,,,,,,,
497,ESENCIA PETRIFICADA,,1/9,1,TRUE,,Naturaliza la unidad objetivo.,1,FALSE,2,1,2,,,https://i.postimg.cc/651DpxJY/ESENCIA_PETRIFICADA_copia.webp,,,,,,,,,,,El permanente naturalizado pierde todas las habilidades.,"{'idExpansion': 6, 'nombreExpansion': 'ANCESTROS', 'fechaLanzamiento': '2024-11-19T03:36:06.000+00:00', 'visibilidad': True}","{'idTipo': 1, 'nombreTipo': 'ACCION'}",,"{'idSubTipo': 3, 'nombreSubTipo': 'ANIMAL'}","{'idSubTipo': 8, 'nombreSubTipo': 'ELEMENTAL'}","{'idSubTipo': 12, 'nombreSubTipo': 'RAPIDA'}",,"{'idRareza': 3, 'nombreRareza': 'ORO'}",,"{'idRareza': 4, 'nombreRareza': 'DIAMANTE'}",FALSE,TRUE,FALSE,FALSE,FALSE,FALSE,FALSE,FALSE,FALSE,FALSE,FALSE,,,FALSE,FALSE,FALSE,FALSE,FALSE,FALSE,FALSE,FALSE,FALSE,,FALSE,FALSE,FALSE,FALSE,TRUE,TRUE,TRUE,TRUE,TRUE,TRUE,TRUE,TRUE,FALSE,,,,,,,,,,,,
498,ESHANA Y SUS ASISTENTES,,7/9,1.15,TRUE,,Cuando juegues esta orden y Disipar 3: Crea dos fichas djinn 2/3 con Evasión.,4,FALSE,2,1,4,,,https://i.postimg.cc/GhpWRhN4/ESHANA_Y_SUS_ASISTENTES_copia.webp,,,,,,,,,,,,"{'idExpansion': 6, 'nombreExpansion': 'ANCESTROS', 'fechaLanzamiento': '2024-11-19T03:36:06.000+00:00', 'visibilidad': True}","{'idTipo': 28, 'nombreTipo': 'UNIDAD'}",,"{'idSubTipo': 20, 'nombreSubTipo': 'DJINN'}",,,,"{'idRareza': 4, 'nombreRareza': 'DIAMANTE'}",,"{'idRareza': 3, 'nombreRareza': 'ORO'}",FALSE,TRUE,FALSE,FALSE,FALSE,FALSE,FALSE,FALSE,FALSE,FALSE,FALSE,,,TRUE,FALSE,FALSE,FALSE,FALSE,FALSE,FALSE,FALSE,FALSE,,FALSE,FALSE,FALSE,FALSE,TRUE,FALSE,FALSE,TRUE,FALSE,FALSE,FALSE,FALSE,FALSE,,,,,,,,,,,,
158,ESMERALDA MAGICA,,0/9,0,TRUE,,"Aparición en juego: Si controlas al menos una unidad bruja o elemental, busca en tu Reino una carta de unidad de coste 2 o menos del mismo subtipo y ponla en tu mano.",3,FALSE,3,,,,,https://i.postimg.cc/pLg0kJ8W/ESMERALDA-MAGICA-copia.jpg,https://i.postimg.cc/ZnHShpy4/esmeralda-magica.webp,https://i.postimg.cc/NGSF6Jd8/ESMERALDA-MAGICA.webp,,,,,,,,,,"{'idExpansion': 3, 'nombreExpansion': 'PACTO SECRETO', 'fechaLanzamiento': '2024-05-26T04:09:09.000+00:00', 'visibilidad': True}","{'idTipo': 6, 'nombreTipo': 'TESORO'}",,,,,,"{'idRareza': 3, 'nombreRareza': 'ORO'}",,"{'idRareza': 3, 'nombreRareza': 'ORO'}",FALSE,FALSE,FALSE,FALSE,FALSE,FALSE,FALSE,FALSE,FALSE,FALSE,FALSE,,,FALSE,FALSE,FALSE,FALSE,FALSE,FALSE,FALSE,FALSE,FALSE,,FALSE,FALSE,FALSE,FALSE,TRUE,TRUE,TRUE,TRUE,TRUE,TRUE,TRUE,TRUE,TRUE,,,,,,,,,,,,
101,ESPIRITU ANIMAL,,1/9,1,TRUE,,Aparición en juego: Busca en tu Reino una carta de animal de coste 3 o menos y ponla en tu mano. Los animales que controlas ganan +1/+1.,3,FALSE,,2,2,,,https://i.postimg.cc/5tLsrQqw/ESPIRITU-ANIMAL-copia.jpg,https://i.postimg.cc/bY98bcVW/espiritu-animal.webp,https://i.postimg.cc/t7G9LccL/ESPIRITU-ANIMAL.webp,,,,,,,,,,"{'idExpansion': 3, 'nombreExpansion': 'PACTO SECRETO', 'fechaLanzamiento': '2024-05-26T04:09:09.000+00:00', 'visibilidad': True}","{'idTipo': 28, 'nombreTipo': 'UNIDAD'}",,"{'idSubTipo': 5, 'nombreSubTipo': 'BRUJA'}",,,,"{'idRareza': 3, 'nombreRareza': 'ORO'}",,"{'idRareza': 3, 'nombreRareza': 'ORO'}",FALSE,TRUE,FALSE,FALSE,FALSE,FALSE,FALSE,FALSE,FALSE,FALSE,FALSE,,,FALSE,FALSE,FALSE,FALSE,FALSE,FALSE,FALSE,FALSE,FALSE,,FALSE,FALSE,FALSE,FALSE,TRUE,TRUE,TRUE,TRUE,TRUE,TRUE,TRUE,TRUE,FALSE,,,,,,,,,,,,
224,ESPIRITU DEL VIENTO,,0/9,1.25,TRUE,,Aparición en juego: Crea una ficha espíritu 5/5 con Arrollar.,4,FALSE,,1,1,,,https://i.postimg.cc/2jJnJP8y/ESPIRITU-DEL-VIENTO-copia.webp,https://i.postimg.cc/nzMYMjKG/espiritu-del-viento.webp,https://i.postimg.cc/s22rZMd6/ESPIRITU-DEL-VIENTO-COPIA.webp,,,,,,,,,,"{'idExpansion': 4, 'nombreExpansion': 'TRONO COMPARTIDO', 'fechaLanzamiento': '2024-05-26T04:09:14.000+00:00', 'visibilidad': True}","{'idTipo': 28, 'nombreTipo': 'UNIDAD'}",,"{'idSubTipo': 8, 'nombreSubTipo': 'ELEMENTAL'}",,,,"{'idRareza': 3, 'nombreRareza': 'ORO'}",,"{'idRareza': 3, 'nombreRareza': 'ORO'}",FALSE,TRUE,FALSE,FALSE,FALSE,FALSE,FALSE,FALSE,FALSE,FALSE,FALSE,,,FALSE,FALSE,FALSE,FALSE,FALSE,TRUE,FALSE,FALSE,FALSE,,FALSE,FALSE,FALSE,FALSE,TRUE,TRUE,TRUE,TRUE,TRUE,TRUE,TRUE,TRUE,TRUE,,,,,,,,,,,,
94,ESPIRITU MARINO,,4/9,0.5,TRUE,,"Siempre que otra unidad que no sea ficha que controlas muera, o descartes una carta de unidad, crea una ficha elemental 2/2.",3,FALSE,,2,3,,,https://i.postimg.cc/pTvsMVq3/ESPIRITU-MARINO-copia.jpg,https://i.postimg.cc/J0Vg2Jvk/esp.jpg,https://i.postimg.cc/TwyLxZkw/ESPIRITU-MARINO.webp,,,,,,,,,,"{'idExpansion': 3, 'nombreExpansion': 'PACTO SECRETO', 'fechaLanzamiento': '2024-05-26T04:09:09.000+00:00', 'visibilidad': True}","{'idTipo': 28, 'nombreTipo': 'UNIDAD'}",,"{'idSubTipo': 5, 'nombreSubTipo': 'BRUJA'}","{'idSubTipo': 13, 'nombreSubTipo': 'REALEZA'}",,,"{'idRareza': 3, 'nombreRareza': 'ORO'}",,"{'idRareza': 2, 'nombreRareza': 'BRONCE'}",FALSE,TRUE,FALSE,FALSE,FALSE,FALSE,FALSE,FALSE,FALSE,FALSE,FALSE,,,FALSE,FALSE,FALSE,FALSE,FALSE,FALSE,TRUE,FALSE,FALSE,,FALSE,FALSE,FALSE,FALSE,TRUE,TRUE,TRUE,TRUE,FALSE,FALSE,TRUE,FALSE,FALSE,,,,,,,,,,,,
225,ESPIRITU MINERAL,,4/9,2,FALSE,,"Aparición en juego: Naturaliza el tesoro objetivo mientras controles esta unidad. Los elementales aliados ganan ""Resguardo: 1 oro"".",3,FALSE,,3,3,,,https://i.postimg.cc/xdFSG990/ESPIRITU_MINERAL_COPIA.webp,https://i.postimg.cc/mrLSf6tq/espiritu-mineral.webp,,,,,,,,,,,"{'idExpansion': 4, 'nombreExpansion': 'TRONO COMPARTIDO', 'fechaLanzamiento': '2024-05-26T04:09:14.000+00:00', 'visibilidad': True}","{'idTipo': 28, 'nombreTipo': 'UNIDAD'}",,"{'idSubTipo': 8, 'nombreSubTipo': 'ELEMENTAL'}",,,,"{'idRareza': 2, 'nombreRareza': 'BRONCE'}",,"{'idRareza': 2, 'nombreRareza': 'BRONCE'}",FALSE,TRUE,FALSE,FALSE,FALSE,FALSE,FALSE,FALSE,FALSE,FALSE,FALSE,,,FALSE,FALSE,FALSE,FALSE,FALSE,FALSE,FALSE,FALSE,FALSE,,TRUE,FALSE,FALSE,FALSE,TRUE,TRUE,TRUE,TRUE,FALSE,FALSE,TRUE,FALSE,FALSE,,,,,,,,,,,,
319,ESPIRITU RISUEÑO,,7/9,4,TRUE,,"Aparición en juego: Elige 2: -Descarta tu mano, luego roba esa misma cantidad de cartas. -Hace 2 daños a cada oponente. -Ganas 2 vidas.",4,FALSE,0,2,4,,,https://i.postimg.cc/90XRRtkF/ESPIRITU-RISUE-O-copia.webp,https://i.postimg.cc/QtBf6L4r/METAL-ESPIRITU-RISUE-O.png,,,,,,,,,,Los miméticos son todos los subtipos de unidad existentes en todo momento.,"{'idExpansion': 5, 'nombreExpansion': 'IMPERIO', 'fechaLanzamiento': '2024-07-04T19:48:17.000+00:00', 'visibilidad': True}","{'idTipo': 28, 'nombreTipo': 'UNIDAD'}",,"{'idSubTipo': 10, 'nombreSubTipo': 'MIMETICO'}",,,,"{'idRareza': 2, 'nombreRareza': 'BRONCE'}",,"{'idRareza': 3, 'nombreRareza': 'ORO'}",TRUE,TRUE,FALSE,FALSE,FALSE,FALSE,FALSE,FALSE,FALSE,FALSE,TRUE,,,FALSE,FALSE,FALSE,FALSE,FALSE,FALSE,FALSE,FALSE,FALSE,,FALSE,FALSE,FALSE,TRUE,TRUE,FALSE,FALSE,TRUE,FALSE,FALSE,FALSE,FALSE,FALSE,,,,,,,,,,,,
226,ESTATUA DEL ANGEL PROMETIDO,,0/9,2.15,TRUE,,"Siempre que ganes vidas, puedes poner un contador de invocación sobre este tesoro. Cuando tengas tres, destrúyelo y crea una ficha ángel 3/3 con Evasión.",1,FALSE,1,,,,,https://i.postimg.cc/xCJVtBdL/ESTATUA_DEL_ANGEL_PROMETIDO_COPIA.webp,https://i.postimg.cc/Jng3XrPV/estatua-del-angel.webp,,,,,,,,,,"Si varias fuentes aliadas fueran a ganar vidas al mismo tiempo, la habilidad dispara una vez por cada una (ejemplo: si ganamos vidas por 3 unidades diferentes con Curar en un mismo combate, la habilidad disparará 3 veces)","{'idExpansion': 4, 'nombreExpansion': 'TRONO COMPARTIDO', 'fechaLanzamiento': '2024-05-26T04:09:14.000+00:00', 'visibilidad': True}","{'idTipo': 6, 'nombreTipo': 'TESORO'}",,,,,,"{'idRareza': 3, 'nombreRareza': 'ORO'}",,"{'idRareza': 2, 'nombreRareza': 'BRONCE'}",FALSE,TRUE,FALSE,FALSE,FALSE,FALSE,FALSE,FALSE,FALSE,FALSE,FALSE,,,TRUE,FALSE,FALSE,FALSE,FALSE,FALSE,FALSE,FALSE,FALSE,,FALSE,TRUE,FALSE,FALSE,TRUE,TRUE,TRUE,TRUE,TRUE,TRUE,TRUE,TRUE,TRUE,,,,,,,,,,,,
219,ESTOCADA DEMONIACA,,0/9,0,TRUE,,"Hace 2 daños a la unidad objetivo. Si fuera a morir, condénala en su lugar.",1,FALSE,,,,,,https://i.postimg.cc/fT9YhBJK/ESTOCADA-DEMONIACA-copia.webp,https://i.postimg.cc/bv0z17sr/ARTE-ALTERNATIVO-2-COPIA.webp,https://i.postimg.cc/tJ6yC8Q9/ENBOSCADA-DEMONIACA-COPIA.webp,https://i.postimg.cc/k5pgnK3g/estocada-juez-copia.webp,,,,,,,,,"{'idExpansion': 4, 'nombreExpansion': 'TRONO COMPARTIDO', 'fechaLanzamiento': '2024-05-26T04:09:14.000+00:00', 'visibilidad': True}","{'idTipo': 1, 'nombreTipo': 'ACCION'}",,,,"{'idSubTipo': 12, 'nombreSubTipo': 'RAPIDA'}",,"{'idRareza': 2, 'nombreRareza': 'BRONCE'}",,"{'idRareza': 3, 'nombreRareza': 'ORO'}",FALSE,FALSE,FALSE,FALSE,FALSE,FALSE,FALSE,FALSE,FALSE,FALSE,FALSE,,,FALSE,FALSE,FALSE,FALSE,FALSE,FALSE,FALSE,FALSE,FALSE,,FALSE,FALSE,FALSE,FALSE,TRUE,TRUE,TRUE,TRUE,TRUE,TRUE,TRUE,TRUE,TRUE,,,,,,,,,,,,
397,ESTRATEGIAS MARITIMAS,,0/9,1,FALSE,,Elige 2: -Regresa la carta de tesoro objetivo de tu Descarte al campo. -Cada oponente descarta una carta. -Toma el control de la unidad objetivo de coste 2 o menos. -Las unidades aliadas ganan +1/+0 y Temible hasta el final del turno.,4,FALSE,,,,,,https://i.postimg.cc/tJr1hn0d/ESTRATEGIAS-MARITIMAS-copia.webp,,,,,,,,,,,,"{'idExpansion': 5, 'nombreExpansion': 'IMPERIO', 'fechaLanzamiento': '2024-07-04T19:48:17.000+00:00', 'visibilidad': True}","{'idTipo': 1, 'nombreTipo': 'ACCION'}",,"{'idSubTipo': 14, 'nombreSubTipo': 'COMUN'}","{'idSubTipo': 1, 'nombreSubTipo': 'PIRATA'}",,,"{'idRareza': 3, 'nombreRareza': 'ORO'}",,"{'idRareza': 1, 'nombreRareza': 'PLATA'}",FALSE,FALSE,FALSE,FALSE,FALSE,FALSE,FALSE,FALSE,FALSE,FALSE,FALSE,,,FALSE,FALSE,FALSE,FALSE,FALSE,FALSE,FALSE,FALSE,FALSE,,FALSE,FALSE,FALSE,TRUE,TRUE,TRUE,TRUE,TRUE,TRUE,TRUE,TRUE,TRUE,TRUE,,,,,,,,,,,,
227,ESTUDIANTE DE MALDICIONES,,7/9,0.5,TRUE,,"Derrotado: Si controlas un monje, Predicción 2. Siempre que otra unidad entra al campo, pacifícala. Esta habilidad dispara solo una vez por turno.",2,FALSE,,2,4,,,https://i.postimg.cc/ZRGtgj92/ESTUDIANTE_DE_MALDICIONES_COPIA.webp,,,,,,,,,,,"Si varias unidades fueran a entrar al campo al mismo tiempo, el controlador de ""Estudiante de Maldiciones"" elige cuál de esas unidades dispara su habilidad. (ejemplo: si se crean 2 fichas de unidad por una misma acción, el controlador de ""Estudiante de Maldiciones"" elige una de esas fichas para que dispare su habilidad)","{'idExpansion': 4, 'nombreExpansion': 'TRONO COMPARTIDO', 'fechaLanzamiento': '2024-05-26T04:09:14.000+00:00', 'visibilidad': True}","{'idTipo': 28, 'nombreTipo': 'UNIDAD'}",,"{'idSubTipo': 5, 'nombreSubTipo': 'BRUJA'}","{'idSubTipo': 17, 'nombreSubTipo': 'MONJE'}","{'idSubTipo': 13, 'nombreSubTipo': 'REALEZA'}",,"{'idRareza': 1, 'nombreRareza': 'PLATA'}",,"{'idRareza': 2, 'nombreRareza': 'BRONCE'}",FALSE,TRUE,FALSE,FALSE,FALSE,FALSE,FALSE,FALSE,FALSE,FALSE,FALSE,,,FALSE,FALSE,FALSE,FALSE,FALSE,FALSE,TRUE,FALSE,FALSE,,FALSE,FALSE,FALSE,FALSE,TRUE,FALSE,FALSE,TRUE,FALSE,FALSE,FALSE,FALSE,FALSE,,,,,,,,,,,,
341,ESTUDIOSO DE LA MUERTE,,0/9,1,FALSE,,Derrotado: Predicción 2.,1,FALSE,,2,1,,"Suele ser mal visto, pero nunca aprenderás de donde vienes si no te dedicas a comprender la muerte.",https://i.postimg.cc/bNJSqgbm/ESTUDIOSO-DE-LA-MUERTE-copia.webp,,,,,,,,,,,,"{'idExpansion': 5, 'nombreExpansion': 'IMPERIO', 'fechaLanzamiento': '2024-07-04T19:48:17.000+00:00', 'visibilidad': True}","{'idTipo': 28, 'nombreTipo': 'UNIDAD'}",,"{'idSubTipo': 7, 'nombreSubTipo': 'MAGO'}",,,,"{'idRareza': 2, 'nombreRareza': 'BRONCE'}",,"{'idRareza': 3, 'nombreRareza': 'ORO'}",FALSE,TRUE,FALSE,FALSE,FALSE,FALSE,FALSE,FALSE,FALSE,FALSE,FALSE,,,FALSE,FALSE,FALSE,FALSE,FALSE,FALSE,FALSE,FALSE,FALSE,,FALSE,FALSE,FALSE,FALSE,TRUE,TRUE,TRUE,TRUE,TRUE,TRUE,TRUE,TRUE,TRUE,,,,,,,,,,,,
228,ETER RENACIENTE,,1/9,1,FALSE,,"Entra al campo con X contadores +1/+1, siendo X la cantidad de vidas que ganaste este turno.",3,FALSE,,1,2,,,https://i.postimg.cc/L5jKMfLX/ETER_RENACIENTE_COPIA.webp,,,,,,,,,,,,"{'idExpansion': 4, 'nombreExpansion': 'TRONO COMPARTIDO', 'fechaLanzamiento': '2024-05-26T04:09:14.000+00:00', 'visibilidad': True}","{'idTipo': 28, 'nombreTipo': 'UNIDAD'}",,"{'idSubTipo': 17, 'nombreSubTipo': 'MONJE'}","{'idSubTipo': 8, 'nombreSubTipo': 'ELEMENTAL'}",,,"{'idRareza': 3, 'nombreRareza': 'ORO'}",,"{'idRareza': 3, 'nombreRareza': 'ORO'}",FALSE,TRUE,FALSE,FALSE,FALSE,FALSE,FALSE,FALSE,FALSE,FALSE,FALSE,,,FALSE,FALSE,FALSE,FALSE,FALSE,FALSE,FALSE,FALSE,FALSE,,FALSE,FALSE,FALSE,FALSE,TRUE,TRUE,TRUE,TRUE,TRUE,TRUE,TRUE,TRUE,FALSE,,,,,,,,,,,,
499,EXILIADOS A OTRO MUNDO,,7/9,2.25,TRUE,,Condena todas las unidades de fuerza 4 o más.,4,FALSE,2,1,4,,¿Cómo explicarte lo que sintieron los primeros en conocer el Averno? Cuando el eterno Maukhi envío a los primeros mortales allí.,https://i.postimg.cc/43pMPKKS/EXILIADOS_A_OTRO_MUNDO_copia.webp,,,,,,,,,,,,"{'idExpansion': 6, 'nombreExpansion': 'ANCESTROS', 'fechaLanzamiento': '2024-11-19T03:36:06.000+00:00', 'visibilidad': True}","{'idTipo': 1, 'nombreTipo': 'ACCION'}",,"{'idSubTipo': 19, 'nombreSubTipo': 'ENANO'}",,"{'idSubTipo': 12, 'nombreSubTipo': 'RAPIDA'}",,"{'idRareza': 3, 'nombreRareza': 'ORO'}",,"{'idRareza': 2, 'nombreRareza': 'BRONCE'}",FALSE,TRUE,FALSE,FALSE,FALSE,FALSE,TRUE,FALSE,FALSE,FALSE,FALSE,,,FALSE,FALSE,FALSE,FALSE,FALSE,FALSE,FALSE,FALSE,FALSE,,FALSE,FALSE,FALSE,FALSE,TRUE,FALSE,FALSE,TRUE,FALSE,FALSE,FALSE,FALSE,FALSE,,,,,,,,,,,,
500,FABRICADORA DE OPCIONES,,4/9,2.15,TRUE,,"Evasión. Aparición en juego y Disipar 3: Roba una carta, luego descarta una carta.",2,FALSE,2,2,3,,,https://i.postimg.cc/Nj3SR80X/FABRICADORA_DE_OPCIONES_copia.webp,,,,,,,,,,,,"{'idExpansion': 6, 'nombreExpansion': 'ANCESTROS', 'fechaLanzamiento': '2024-11-19T03:36:06.000+00:00', 'visibilidad': True}","{'idTipo': 28, 'nombreTipo': 'UNIDAD'}",,"{'idSubTipo': 20, 'nombreSubTipo': 'DJINN'}",,,,"{'idRareza': 2, 'nombreRareza': 'BRONCE'}",,"{'idRareza': 4, 'nombreRareza': 'DIAMANTE'}",FALSE,TRUE,FALSE,FALSE,FALSE,FALSE,FALSE,FALSE,FALSE,FALSE,TRUE,,,TRUE,FALSE,FALSE,FALSE,FALSE,FALSE,FALSE,FALSE,FALSE,,FALSE,FALSE,FALSE,FALSE,TRUE,TRUE,TRUE,TRUE,FALSE,FALSE,TRUE,FALSE,FALSE,,,,,,,,,,,,
18,"FAJID, REY DESERTOR",,8/9,0.75,TRUE,,"Arrollar. Frenesí. Aparición en juego: Hace 3 puntos de daño a las unidades que no controlas, luego hace 2 puntos de daño al jugador objetivo por cada unidad que murió por esta habilidad.",4,FALSE,,5,5,,,https://i.postimg.cc/YSCLn4YQ/FAJID-REY-DESERTOR.webp,https://i.postimg.cc/zBMpfGbV/Mesa-de-trabajo-25-200x.png,https://i.postimg.cc/1RJDrgLH/fajid.jpg,,,,,,,,,,"{'idExpansion': 2, 'nombreExpansion': 'FUNDAMENTOS', 'fechaLanzamiento': '2024-05-26T04:08:58.000+00:00', 'visibilidad': True}","{'idTipo': 28, 'nombreTipo': 'UNIDAD'}",,"{'idSubTipo': 6, 'nombreSubTipo': 'DESERTOR'}","{'idSubTipo': 13, 'nombreSubTipo': 'REALEZA'}",,,"{'idRareza': 4, 'nombreRareza': 'DIAMANTE'}",,"{'idRareza': 1, 'nombreRareza': 'PLATA'}",FALSE,TRUE,FALSE,FALSE,FALSE,FALSE,FALSE,FALSE,FALSE,FALSE,FALSE,,,FALSE,FALSE,FALSE,FALSE,FALSE,TRUE,TRUE,FALSE,FALSE,,FALSE,FALSE,FALSE,FALSE,FALSE,FALSE,FALSE,TRUE,FALSE,FALSE,FALSE,FALSE,FALSE,,,,,,,,,,,,
145,FANATICO DEL ORO,,1/9,2,TRUE,,1 de Oro: Elige 1: - El jugador objetivo descarta una carta. - Hace 2 puntos de daño al jugador objetivo. Activa solo una vez durante tu turno.,2,FALSE,,1,2,,,https://i.postimg.cc/66HydcM0/FANATICO-DEL-ORO-copia.jpg,https://i.postimg.cc/dtQFjHz1/fanatico-del-oro.webp,https://i.postimg.cc/Z5cyxPBT/FANATICO-DEL-ORO.webp,,,,,,,,,,"{'idExpansion': 3, 'nombreExpansion': 'PACTO SECRETO', 'fechaLanzamiento': '2024-05-26T04:09:09.000+00:00', 'visibilidad': True}","{'idTipo': 28, 'nombreTipo': 'UNIDAD'}",,"{'idSubTipo': 6, 'nombreSubTipo': 'DESERTOR'}","{'idSubTipo': 1, 'nombreSubTipo': 'PIRATA'}",,,"{'idRareza': 1, 'nombreRareza': 'PLATA'}",,"{'idRareza': 3, 'nombreRareza': 'ORO'}",FALSE,TRUE,FALSE,FALSE,FALSE,FALSE,FALSE,FALSE,FALSE,FALSE,FALSE,,,FALSE,FALSE,FALSE,FALSE,FALSE,FALSE,FALSE,FALSE,FALSE,,FALSE,FALSE,FALSE,TRUE,TRUE,TRUE,TRUE,TRUE,TRUE,TRUE,TRUE,TRUE,FALSE,,,,,,,,,,,,
87,FELINO DE LA MONTAÑA,,0/9,1,TRUE,,Sorpresivo. Aparición en juego: Pon dos contadores +1/+1 repartidos entre una o dos unidades objetivo.,2,FALSE,,1,1,,,https://i.postimg.cc/qqMQgbfL/FELINO-DE-LA-MONTA-A-copia.jpg,https://i.postimg.cc/FsP4Wb4x/felino-de-la-monta-a.webp,https://i.postimg.cc/SQB8Sxbp/FELINO-DE-LA-MONTA-A.webp,https://i.postimg.cc/zfzvt9Vz/FELINO-DE-LA-MONTA-A-copia.jpg,,,,,,,,,"{'idExpansion': 3, 'nombreExpansion': 'PACTO SECRETO', 'fechaLanzamiento': '2024-05-26T04:09:09.000+00:00', 'visibilidad': True}","{'idTipo': 28, 'nombreTipo': 'UNIDAD'}",,"{'idSubTipo': 3, 'nombreSubTipo': 'ANIMAL'}",,,,"{'idRareza': 3, 'nombreRareza': 'ORO'}",,"{'idRareza': 1, 'nombreRareza': 'PLATA'}",FALSE,TRUE,FALSE,FALSE,FALSE,FALSE,FALSE,FALSE,FALSE,FALSE,FALSE,,,FALSE,FALSE,FALSE,FALSE,FALSE,FALSE,FALSE,FALSE,FALSE,,FALSE,FALSE,FALSE,FALSE,TRUE,TRUE,TRUE,TRUE,TRUE,TRUE,TRUE,TRUE,TRUE,,,,,,,,,,,,
159,FERVOR DE LA BATALLA,,0/9,0,TRUE,,Agotar: La unidad objetivo gana Frenesí hasta el final del turno.,0,FALSE,0,,,,,https://i.postimg.cc/x8x5mvnS/FERVOR-DE-LA-BATALLA-copia.jpg,https://i.postimg.cc/y8BZRpNQ/FERVOR-DE-LA-BATALLA.webp,,,,,,,,,,,"{'idExpansion': 3, 'nombreExpansion': 'PACTO SECRETO', 'fechaLanzamiento': '2024-05-26T04:09:09.000+00:00', 'visibilidad': True}","{'idTipo': 6, 'nombreTipo': 'TESORO'}",,,,,,"{'idRareza': 1, 'nombreRareza': 'PLATA'}",,"{'idRareza': 1, 'nombreRareza': 'PLATA'}",FALSE,FALSE,FALSE,FALSE,FALSE,FALSE,FALSE,FALSE,FALSE,FALSE,FALSE,,,FALSE,FALSE,FALSE,FALSE,FALSE,FALSE,FALSE,FALSE,FALSE,,FALSE,FALSE,FALSE,FALSE,TRUE,TRUE,TRUE,TRUE,TRUE,TRUE,TRUE,TRUE,TRUE,,,,,,,,,,,,
501,FESTIN DE GIGANTES,,4/9,1,FALSE,,"Aparición en juego: Puedes destruir una unidad aliada. Si lo haces, la unidad objetivo gana +X/+0 hasta el final del turno, siendo X la fuerza de la unidad destruida.",2,FALSE,2,2,3,,,https://i.postimg.cc/0Qx4B8D2/FESTIN_DE_GIGANTES_copia.webp,,,,,,,,,,,,"{'idExpansion': 6, 'nombreExpansion': 'ANCESTROS', 'fechaLanzamiento': '2024-11-19T03:36:06.000+00:00', 'visibilidad': True}","{'idTipo': 6, 'nombreTipo': 'TESORO'}",,,,,,"{'idRareza': 1, 'nombreRareza': 'PLATA'}",,"{'idRareza': 2, 'nombreRareza': 'BRONCE'}",FALSE,TRUE,FALSE,FALSE,FALSE,FALSE,FALSE,FALSE,FALSE,FALSE,FALSE,,,FALSE,FALSE,FALSE,FALSE,FALSE,FALSE,FALSE,FALSE,FALSE,,FALSE,FALSE,FALSE,FALSE,TRUE,TRUE,TRUE,TRUE,FALSE,FALSE,TRUE,FALSE,FALSE,,,,,,,,,,,,
505,FILO DEL OLVIDO,,1/9,1.75,FALSE,,"Durabilidad: 1. Equipar: 2 de oro y 2 vidas. No puedes ganar vidas. La unidad equipada gana ""Derrotado: Cada oponente condena una unidad que controla"".",1,FALSE,,4,-2,,,https://i.postimg.cc/NGdndvMB/FILO_DEL_OLVIDO_copia.webp,,,,,,,,,,,,"{'idExpansion': 6, 'nombreExpansion': 'ANCESTROS', 'fechaLanzamiento': '2024-11-19T03:36:06.000+00:00', 'visibilidad': True}","{'idTipo': 29, 'nombreTipo': 'ARMA'}",,"{'idSubTipo': 19, 'nombreSubTipo': 'ENANO'}",,"{'idSubTipo': 13, 'nombreSubTipo': 'REALEZA'}",,"{'idRareza': 1, 'nombreRareza': 'PLATA'}",,"{'idRareza': 3, 'nombreRareza': 'ORO'}",FALSE,TRUE,FALSE,FALSE,FALSE,FALSE,TRUE,FALSE,FALSE,FALSE,FALSE,,,FALSE,FALSE,FALSE,FALSE,FALSE,FALSE,TRUE,FALSE,FALSE,,FALSE,FALSE,FALSE,FALSE,FALSE,TRUE,TRUE,TRUE,TRUE,TRUE,TRUE,TRUE,TRUE,,,,,,,,,,,,
229,FLOR DE HIEDRA VENENOSA,,0/9,0,TRUE,,Agotar: Pon un contador -1/-1 sobre la unidad objetivo.,2,FALSE,2,,,,,https://i.postimg.cc/vZ794T7x/FLOR-DE-HIEDRA-copia.webp,https://i.postimg.cc/DfJPTGw2/flor-de-hiedra.webp,https://i.postimg.cc/QN7r5Lw3/FLOR_DE_HIEDRA_VENENOSA_COPIA.webp,,,,,,,,,,"{'idExpansion': 4, 'nombreExpansion': 'TRONO COMPARTIDO', 'fechaLanzamiento': '2024-05-26T04:09:14.000+00:00', 'visibilidad': True}","{'idTipo': 6, 'nombreTipo': 'TESORO'}",,,,,,"{'idRareza': 3, 'nombreRareza': 'ORO'}",,"{'idRareza': 1, 'nombreRareza': 'PLATA'}",FALSE,FALSE,FALSE,FALSE,FALSE,FALSE,FALSE,FALSE,FALSE,FALSE,FALSE,,,FALSE,FALSE,FALSE,FALSE,FALSE,FALSE,FALSE,FALSE,FALSE,,FALSE,FALSE,FALSE,FALSE,TRUE,TRUE,TRUE,TRUE,TRUE,TRUE,TRUE,TRUE,TRUE,,,,,,,,,,,,
385,FORJANDO LA VICTORIA,,0/9,1,FALSE,,Crea una ficha de arma daga. Las armas ganan +1/+0 y 1 adicional de Durabilidad hasta el final del turno.,2,FALSE,,,,,,https://i.postimg.cc/j5tCm4tQ/FORJANDO-LA-VICTORIA-copia.webp,,,,,,,,,,,,"{'idExpansion': 5, 'nombreExpansion': 'IMPERIO', 'fechaLanzamiento': '2024-07-04T19:48:17.000+00:00', 'visibilidad': True}","{'idTipo': 1, 'nombreTipo': 'ACCION'}",,"{'idSubTipo': 14, 'nombreSubTipo': 'COMUN'}","{'idSubTipo': 6, 'nombreSubTipo': 'DESERTOR'}",,,"{'idRareza': 1, 'nombreRareza': 'PLATA'}",,"{'idRareza': 2, 'nombreRareza': 'BRONCE'}",FALSE,TRUE,FALSE,FALSE,FALSE,FALSE,FALSE,FALSE,FALSE,FALSE,FALSE,,,FALSE,FALSE,FALSE,FALSE,FALSE,FALSE,FALSE,FALSE,FALSE,,FALSE,FALSE,FALSE,FALSE,TRUE,TRUE,TRUE,TRUE,TRUE,TRUE,TRUE,TRUE,TRUE,,,,,,,,,,,,
356,FORMAR MURO DE ESCUDOS,,1/9,1,FALSE,,Las unidades aliadas ganan Dureza hasta el final del turno.,1,FALSE,,2,2,,,https://i.postimg.cc/8cn5F8Wt/FORMAR-MURO-DE-ESCUDOS-copia.webp,,,,,,,,,,,,"{'idExpansion': 5, 'nombreExpansion': 'IMPERIO', 'fechaLanzamiento': '2024-07-04T19:48:17.000+00:00', 'visibilidad': True}","{'idTipo': 1, 'nombreTipo': 'ACCION'}",,"{'idSubTipo': 2, 'nombreSubTipo': 'SOLDADO'}",,"{'idSubTipo': 12, 'nombreSubTipo': 'RAPIDA'}",,"{'idRareza': 2, 'nombreRareza': 'BRONCE'}",,"{'idRareza': 3, 'nombreRareza': 'ORO'}",FALSE,TRUE,FALSE,FALSE,FALSE,FALSE,FALSE,FALSE,FALSE,FALSE,FALSE,,,FALSE,FALSE,FALSE,FALSE,FALSE,FALSE,FALSE,FALSE,FALSE,,FALSE,FALSE,FALSE,FALSE,TRUE,TRUE,TRUE,TRUE,TRUE,TRUE,TRUE,TRUE,FALSE,,,,,,,,,,,,
62,FOSA DE LA CREACION,,0/9,1.25,FALSE,,"Destruye una bruja que controlas. Si lo haces, busca en tu Reino una carta de unidad bruja de coste 3 o menos y juégala sin pagar su coste. Esa unidad gana un contador +1/+1.",3,FALSE,,,,,,https://i.postimg.cc/BZMMR0Dw/FOSA-DE-LA-CREACION-copia.jpg,https://i.postimg.cc/d1jsyztk/Full-Art-Fosa-de-la-creaci-n-copia.jpg,https://i.postimg.cc/cL2NZs6g/fosa-full-art.webp,https://i.postimg.cc/xTLmcV9N/FOSA-DE-LA-CREACION.webp,,,,,,,,"Al decir ""si lo haces"" implica que debe haber podido hacerse la destrucción de una bruja aliada. Caso contrario, no se seguirá resolviendo el resto del efecto.","{'idExpansion': 3, 'nombreExpansion': 'PACTO SECRETO', 'fechaLanzamiento': '2024-05-26T04:09:09.000+00:00', 'visibilidad': True}","{'idTipo': 1, 'nombreTipo': 'ACCION'}",,"{'idSubTipo': 14, 'nombreSubTipo': 'COMUN'}",,,,"{'idRareza': 3, 'nombreRareza': 'ORO'}",,"{'idRareza': 2, 'nombreRareza': 'BRONCE'}",FALSE,FALSE,FALSE,FALSE,FALSE,FALSE,TRUE,FALSE,FALSE,FALSE,FALSE,,,FALSE,FALSE,FALSE,FALSE,FALSE,FALSE,FALSE,FALSE,FALSE,,FALSE,FALSE,FALSE,FALSE,TRUE,TRUE,TRUE,TRUE,TRUE,TRUE,TRUE,TRUE,TRUE,,,,,,,,,,,,
19,FRENTE DE ATAQUE,,1/9,1,TRUE,,Dureza. (Esta unidad recibe 1 punto menos de daño de cada unidad con la que combate).,1,FALSE,,2,2,,Siempre habrá una oportunidad para dar otra batalla al día siguiente.,https://i.postimg.cc/3rLWfG6m/FRENTE-DE-ATAQUE-copia.webp,https://i.postimg.cc/g0tXfYHQ/FRENTE-DE-ATAQUE.webp,https://i.postimg.cc/KY85rMt1/Mesa-de-trabajo-27-200x.png,https://i.postimg.cc/N0F1rwwT/frente-de-ataque-copia-120.jpg,https://i.postimg.cc/d0NjWV94/Mesa-de-trabajo-26-200x.png,,,,,,,Esta carta es una reedición de 'Frente de ataque' de la colección Fundamentos. Se puede usar legalmente en el Formato Dominación tanto esta carta como las de Fundamentos.,"{'idExpansion': 5, 'nombreExpansion': 'IMPERIO', 'fechaLanzamiento': '2024-07-04T19:48:17.000+00:00', 'visibilidad': True}","{'idTipo': 28, 'nombreTipo': 'UNIDAD'}",,"{'idSubTipo': 2, 'nombreSubTipo': 'SOLDADO'}",,,,"{'idRareza': 2, 'nombreRareza': 'BRONCE'}",,"{'idRareza': 2, 'nombreRareza': 'BRONCE'}",FALSE,TRUE,FALSE,FALSE,FALSE,FALSE,FALSE,FALSE,FALSE,FALSE,FALSE,,,FALSE,FALSE,FALSE,FALSE,FALSE,FALSE,FALSE,FALSE,FALSE,,FALSE,FALSE,FALSE,FALSE,TRUE,TRUE,TRUE,TRUE,TRUE,TRUE,TRUE,TRUE,FALSE,,,,,,,,,,,,
20,FRUTA FRESCA,,0/9,1,TRUE,,Aparición en juego: Ganas 3 vidas.,2,FALSE,2,,,,"Se dice que en alguna época lejana, los eternos crearon objetos con propiedades mágicas. Nadie los ha encontrado aun, pero podrían aparecer en cualquier momento.",https://i.postimg.cc/T1gKLnvv/FRUTA-FRESCA.webp,https://i.postimg.cc/WzcnLfqy/Mesa-de-trabajo-28-200x.png,https://i.postimg.cc/Pxw47kJZ/Mesa-de-trabajo-29-200x.png,https://i.postimg.cc/BQbHYS3G/fruta.jpg,,,,,,,,,"{'idExpansion': 2, 'nombreExpansion': 'FUNDAMENTOS', 'fechaLanzamiento': '2024-05-26T04:08:58.000+00:00', 'visibilidad': True}","{'idTipo': 6, 'nombreTipo': 'TESORO'}",,,,,,"{'idRareza': 2, 'nombreRareza': 'BRONCE'}",,"{'idRareza': 3, 'nombreRareza': 'ORO'}",FALSE,FALSE,FALSE,FALSE,FALSE,FALSE,FALSE,FALSE,FALSE,FALSE,FALSE,,,FALSE,FALSE,FALSE,FALSE,FALSE,FALSE,FALSE,TRUE,FALSE,,FALSE,FALSE,FALSE,FALSE,TRUE,TRUE,TRUE,TRUE,TRUE,TRUE,TRUE,TRUE,TRUE,,,,,,,,,,,,
22,FUEGO A DISCRECION,,0/9,0,TRUE,,Agotar: Hace 2 puntos de daño al jugador objetivo.,3,FALSE,3,,,,,https://i.postimg.cc/pXQ9PQBD/FUEGO-A-DISCRECION.webp,https://i.postimg.cc/qvLrY9SN/Mesa-de-trabajo-30-200x.png,,,,,,,,,,,"{'idExpansion': 2, 'nombreExpansion': 'FUNDAMENTOS', 'fechaLanzamiento': '2024-05-26T04:08:58.000+00:00', 'visibilidad': True}","{'idTipo': 6, 'nombreTipo': 'TESORO'}",,,,,,"{'idRareza': 3, 'nombreRareza': 'ORO'}",,"{'idRareza': 3, 'nombreRareza': 'ORO'}",FALSE,FALSE,FALSE,FALSE,FALSE,FALSE,FALSE,FALSE,FALSE,FALSE,FALSE,,,FALSE,FALSE,FALSE,FALSE,FALSE,FALSE,FALSE,FALSE,FALSE,,FALSE,FALSE,FALSE,FALSE,TRUE,TRUE,TRUE,TRUE,TRUE,TRUE,TRUE,TRUE,TRUE,,,,,,,,,,,,
230,FUEGO RITUAL,,0/9,0,TRUE,,"Aparición en juego: Reaparece hasta una unidad aliada objetivo. (Envía la unidad al Averno, luego regrésala al campo bajo el control del propietario).",2,FALSE,2,,,,,https://i.postimg.cc/jjsfPTvg/FUEGO-RITUAL-copia.webp,https://i.postimg.cc/G3WJhp4v/fuego-ritual.webp,https://i.postimg.cc/28fN7cNB/FUEGO_RITUAL_COPIA.webp,,,,,,,,,,"{'idExpansion': 4, 'nombreExpansion': 'TRONO COMPARTIDO', 'fechaLanzamiento': '2024-05-26T04:09:14.000+00:00', 'visibilidad': True}","{'idTipo': 6, 'nombreTipo': 'TESORO'}",,,,,,"{'idRareza': 3, 'nombreRareza': 'ORO'}",,"{'idRareza': 2, 'nombreRareza': 'BRONCE'}",FALSE,FALSE,FALSE,FALSE,FALSE,FALSE,FALSE,FALSE,FALSE,FALSE,FALSE,,,FALSE,FALSE,FALSE,FALSE,FALSE,FALSE,FALSE,FALSE,FALSE,,FALSE,FALSE,FALSE,FALSE,TRUE,TRUE,TRUE,TRUE,TRUE,TRUE,TRUE,TRUE,TRUE,,,,,,,,,,,,
152,FUENTE DE LOS ETERNOS,,0/9,0,FALSE,,Erosionar: Ganas 2 vidas. Activa solo una vez por turno. Erosión 3.,2,FALSE,,,,,,https://i.postimg.cc/SNJjV95p/FUENTE-DE-LOS-ETERNOS-copia.jpg,https://i.postimg.cc/Hs1cGvbY/FUENTE-DE-LOS-ETERNOS.webp,https://i.postimg.cc/D01DPk08/fuente-tcgcon.jpg,,,,,,,,,,"{'idExpansion': 3, 'nombreExpansion': 'PACTO SECRETO', 'fechaLanzamiento': '2024-05-26T04:09:09.000+00:00', 'visibilidad': True}","{'idTipo': 17, 'nombreTipo': 'MONUMENTO'}",,,,,,"{'idRareza': 2, 'nombreRareza': 'BRONCE'}",,"{'idRareza': 2, 'nombreRareza': 'BRONCE'}",FALSE,FALSE,FALSE,FALSE,FALSE,FALSE,FALSE,FALSE,FALSE,FALSE,FALSE,,,FALSE,FALSE,FALSE,FALSE,FALSE,FALSE,FALSE,FALSE,FALSE,,FALSE,FALSE,FALSE,FALSE,TRUE,TRUE,TRUE,TRUE,TRUE,TRUE,TRUE,TRUE,TRUE,,,,,,,,,,,,
23,FUERZA CAUTIVA,,0/9,0,TRUE,,Agotar: La unidad objetivo no puede atacar ni bloquear hasta la próxima fase final de su controlador.,4,FALSE,4,,,,,https://i.postimg.cc/P5tCJL60/FUERZA-CAUTIVA.webp,https://i.postimg.cc/GmMxhx5X/fuerza-cautiva-copia-60.jpg,,,,,,,,,,"Este efecto debe ser activado antes de la declaración de atacantes si la intención es que la unidad objetivo no pueda atacar, caso contrario si ya se declaró como atacante, no se podrá evitar que esa unidad ataque.","{'idExpansion': 2, 'nombreExpansion': 'FUNDAMENTOS', 'fechaLanzamiento': '2024-05-26T04:08:58.000+00:00', 'visibilidad': True}","{'idTipo': 6, 'nombreTipo': 'TESORO'}",,,,,,"{'idRareza': 2, 'nombreRareza': 'BRONCE'}",,"{'idRareza': 1, 'nombreRareza': 'PLATA'}",FALSE,FALSE,FALSE,FALSE,FALSE,FALSE,FALSE,FALSE,FALSE,FALSE,FALSE,,,FALSE,FALSE,FALSE,FALSE,FALSE,FALSE,FALSE,FALSE,FALSE,,FALSE,FALSE,FALSE,FALSE,TRUE,TRUE,TRUE,TRUE,TRUE,TRUE,TRUE,TRUE,TRUE,,,,,,,,,,,,
173,FUERZA DE CHOQUE,,0/9,3,TRUE,,"Frenesí. Hurto. (Siempre que esta unidad haga daño de combate a un jugador, ese jugador descarta una carta).",1,FALSE,,1,1,,,https://i.postimg.cc/dVT67Zfz/FUERZA-DE-CHOQUE-copia.jpg,https://i.postimg.cc/CxzVWZMp/fuerza-de-choque.webp,https://i.postimg.cc/Zqn0PGzc/FUERZA-DE-CHOQUE.webp,https://i.postimg.cc/T3CQf2B6/METAL-FUERZA-DE-CHOQUE.png,,,,,,,,,"{'idExpansion': 3, 'nombreExpansion': 'PACTO SECRETO', 'fechaLanzamiento': '2024-05-26T04:09:09.000+00:00', 'visibilidad': True}","{'idTipo': 28, 'nombreTipo': 'UNIDAD'}",,"{'idSubTipo': 1, 'nombreSubTipo': 'PIRATA'}",,,,"{'idRareza': 1, 'nombreRareza': 'PLATA'}",,"{'idRareza': 2, 'nombreRareza': 'BRONCE'}",FALSE,TRUE,FALSE,FALSE,FALSE,FALSE,FALSE,FALSE,FALSE,FALSE,FALSE,,,FALSE,FALSE,FALSE,FALSE,FALSE,FALSE,FALSE,FALSE,FALSE,,FALSE,FALSE,TRUE,TRUE,TRUE,TRUE,TRUE,TRUE,TRUE,TRUE,TRUE,TRUE,TRUE,,,,,,,,,,,,
573,FUERZA DEL LINAJE,,4/9,1,FALSE,,Agrupar. Frenesí.,2,FALSE,,1,3,,,https://i.postimg.cc/023BqGD4/FUERZA_DEL_LINAJE_copia.webp,,,,,,,,,,,,"{'idExpansion': 6, 'nombreExpansion': 'ANCESTROS', 'fechaLanzamiento': '2024-11-19T03:36:06.000+00:00', 'visibilidad': True}","{'idTipo': 28, 'nombreTipo': 'UNIDAD'}",,"{'idSubTipo': 19, 'nombreSubTipo': 'ENANO'}",,,,"{'idRareza': 2, 'nombreRareza': 'BRONCE'}",,"{'idRareza': 1, 'nombreRareza': 'PLATA'}",FALSE,TRUE,FALSE,FALSE,FALSE,FALSE,FALSE,FALSE,FALSE,FALSE,FALSE,,,FALSE,FALSE,FALSE,FALSE,FALSE,FALSE,FALSE,FALSE,FALSE,,FALSE,FALSE,FALSE,FALSE,TRUE,TRUE,TRUE,TRUE,FALSE,FALSE,TRUE,FALSE,FALSE,,,,,,,,,,,,
572,FUERZA ESCURRIDIZA,,1/9,2,FALSE,,Resguardo: 1 oro. No puede ser bloqueado por unidades de mayor fuerza. X de oro: Gana +X/+0 hasta el final del turno. Activa solo una vez por turno.,2,FALSE,,2,2,,,https://i.postimg.cc/DymMDpJs/FUERZA_ESCURRIDIZA_copia.webp,,,,,,,,,,,,"{'idExpansion': 6, 'nombreExpansion': 'ANCESTROS', 'fechaLanzamiento': '2024-11-19T03:36:06.000+00:00', 'visibilidad': True}","{'idTipo': 28, 'nombreTipo': 'UNIDAD'}",,"{'idSubTipo': 19, 'nombreSubTipo': 'ENANO'}",,,,"{'idRareza': 2, 'nombreRareza': 'BRONCE'}",,"{'idRareza': 3, 'nombreRareza': 'ORO'}",FALSE,TRUE,FALSE,FALSE,FALSE,FALSE,FALSE,FALSE,FALSE,FALSE,FALSE,,,FALSE,FALSE,FALSE,FALSE,FALSE,FALSE,FALSE,FALSE,FALSE,,TRUE,FALSE,FALSE,FALSE,TRUE,TRUE,TRUE,TRUE,TRUE,TRUE,TRUE,TRUE,FALSE,,,,,,,,,,,,
506,FUNDETESOROS GIGANTE,,5/9,2.2,FALSE,,Vigía. Aparición en juego: Aplasta 1 (dispara solo si fue jugado de tu mano). Derrotado: Aplasta un tesoro agotado rival.,2,FALSE,,4,3,,,https://i.postimg.cc/ncs3TsgG/FUNDETESOROS_GIGANTE_copia.webp,,,,,,,,,,,,"{'idExpansion': 6, 'nombreExpansion': 'ANCESTROS', 'fechaLanzamiento': '2024-11-19T03:36:06.000+00:00', 'visibilidad': True}","{'idTipo': 28, 'nombreTipo': 'UNIDAD'}",,"{'idSubTipo': 18, 'nombreSubTipo': 'GIGANTE'}",,,,"{'idRareza': 2, 'nombreRareza': 'BRONCE'}",,"{'idRareza': 1, 'nombreRareza': 'PLATA'}",FALSE,TRUE,FALSE,FALSE,FALSE,FALSE,FALSE,FALSE,FALSE,FALSE,FALSE,,,FALSE,FALSE,TRUE,TRUE,TRUE,FALSE,FALSE,FALSE,FALSE,,FALSE,FALSE,FALSE,FALSE,FALSE,TRUE,TRUE,TRUE,FALSE,FALSE,TRUE,FALSE,FALSE,,,,,,,,,,,,
507,FUNDIDOR DE ORO DEL COLOSO,,5/9,1.35,FALSE,,Aparición en juego: Pon la primera carta de tu Bóveda en Tesoros Agotados. 1 de oro y Destruir: La unidad objetivo gana Arrollar y Vigía hasta el final del turno.,2,FALSE,,4,3,,,https://i.postimg.cc/R0TdqwJ4/FUNDIDOR_DE_ORO_DEL_COLOSO_copia.webp,,,,,,,,,,,,"{'idExpansion': 6, 'nombreExpansion': 'ANCESTROS', 'fechaLanzamiento': '2024-11-19T03:36:06.000+00:00', 'visibilidad': True}","{'idTipo': 17, 'nombreTipo': 'MONUMENTO'}",,"{'idSubTipo': 18, 'nombreSubTipo': 'GIGANTE'}",,,,"{'idRareza': 1, 'nombreRareza': 'PLATA'}",,"{'idRareza': 4, 'nombreRareza': 'DIAMANTE'}",FALSE,TRUE,FALSE,FALSE,FALSE,FALSE,FALSE,FALSE,FALSE,FALSE,FALSE,,,FALSE,FALSE,TRUE,FALSE,FALSE,TRUE,FALSE,FALSE,FALSE,,FALSE,FALSE,FALSE,FALSE,FALSE,TRUE,TRUE,TRUE,FALSE,FALSE,TRUE,FALSE,FALSE,,,,,,,,,,,,
231,FURIA DE FUEGO,,8/9,1,FALSE,,"(Como coste adicional, destruye otro insecto aliado). Envenena. Derrotado: Drena 2.",3,FALSE,,4,4,,,https://i.postimg.cc/c4c2MdcV/FURIA_DE_FUEGO_COPIA.webp,https://i.postimg.cc/c4f7KN32/furia-de-fuego.webp,https://i.postimg.cc/NMV00FbF/FURIA-DE-FUEGO-copia.jpg,,,,,,,,,,"{'idExpansion': 4, 'nombreExpansion': 'TRONO COMPARTIDO', 'fechaLanzamiento': '2024-05-26T04:09:14.000+00:00', 'visibilidad': True}","{'idTipo': 28, 'nombreTipo': 'UNIDAD'}",,"{'idSubTipo': 16, 'nombreSubTipo': 'INSECTO'}",,,,"{'idRareza': 3, 'nombreRareza': 'ORO'}",,"{'idRareza': 1, 'nombreRareza': 'PLATA'}",FALSE,TRUE,FALSE,FALSE,FALSE,FALSE,FALSE,FALSE,FALSE,FALSE,FALSE,,,FALSE,FALSE,FALSE,FALSE,FALSE,FALSE,FALSE,FALSE,FALSE,,FALSE,FALSE,FALSE,FALSE,FALSE,FALSE,FALSE,TRUE,FALSE,FALSE,FALSE,FALSE,FALSE,,,,,,,,,,,,
232,FURIA VENGADORA,,1/9,1,FALSE,,"Si una unidad fue condenada este turno, entra con dos contadores +1/+1.",1,FALSE,,1,2,,,https://i.postimg.cc/XY7hstHX/FURIA_VENGADORA_COPIA.webp,,,,,,,,,,,"Al decir ""unidad"" a secas, hace referencia a una unidad que estaba en el campo (caso contrario, diría ""carta de unidad"").","{'idExpansion': 4, 'nombreExpansion': 'TRONO COMPARTIDO', 'fechaLanzamiento': '2024-05-26T04:09:14.000+00:00', 'visibilidad': True}","{'idTipo': 28, 'nombreTipo': 'UNIDAD'}",,"{'idSubTipo': 17, 'nombreSubTipo': 'MONJE'}",,,,"{'idRareza': 1, 'nombreRareza': 'PLATA'}",,"{'idRareza': 2, 'nombreRareza': 'BRONCE'}",FALSE,TRUE,FALSE,FALSE,FALSE,FALSE,FALSE,FALSE,FALSE,FALSE,FALSE,,,FALSE,FALSE,FALSE,FALSE,FALSE,FALSE,FALSE,FALSE,FALSE,,FALSE,FALSE,FALSE,FALSE,TRUE,TRUE,TRUE,TRUE,TRUE,TRUE,TRUE,TRUE,FALSE,,,,,,,,,,,,
508,"GAHTE, LINAJE MAGICO",,7/9,1.75,FALSE,,Aparición en juego: Elige 1: -Crea tres fichas enano 1/1. Ganan +1/+0 y Frenesí hasta el final del turno. -Condena las otras unidades de fuerza 4 o más.,5,FALSE,,3,4,,,"https://i.postimg.cc/Bv3Nqm6m/GAHTE,_LINAJE_MAGICO_copia.webp",,,,,,,,,,,,"{'idExpansion': 6, 'nombreExpansion': 'ANCESTROS', 'fechaLanzamiento': '2024-11-19T03:36:06.000+00:00', 'visibilidad': True}","{'idTipo': 28, 'nombreTipo': 'UNIDAD'}",,"{'idSubTipo': 19, 'nombreSubTipo': 'ENANO'}",,"{'idSubTipo': 13, 'nombreSubTipo': 'REALEZA'}",,"{'idRareza': 4, 'nombreRareza': 'DIAMANTE'}",,"{'idRareza': 3, 'nombreRareza': 'ORO'}",FALSE,TRUE,FALSE,FALSE,FALSE,FALSE,TRUE,FALSE,FALSE,FALSE,FALSE,,,FALSE,FALSE,FALSE,FALSE,FALSE,FALSE,TRUE,FALSE,FALSE,,FALSE,FALSE,FALSE,FALSE,TRUE,FALSE,FALSE,TRUE,FALSE,FALSE,FALSE,FALSE,FALSE,,,,,,,,,,,,
342,"GALA, LADRONA DE CORAZONES",,0/9,0.5,FALSE,,Derrotado: Toma el control de la ficha no tesoro objetivo.,2,FALSE,,2,1,,,https://i.postimg.cc/ncCryzb5/GALA-LADRONA-DE-CORAZONES-copia.webp,,,,,,,,,,,,"{'idExpansion': 5, 'nombreExpansion': 'IMPERIO', 'fechaLanzamiento': '2024-07-04T19:48:17.000+00:00', 'visibilidad': True}","{'idTipo': 28, 'nombreTipo': 'UNIDAD'}",,"{'idSubTipo': 1, 'nombreSubTipo': 'PIRATA'}",,"{'idSubTipo': 13, 'nombreSubTipo': 'REALEZA'}",,"{'idRareza': 1, 'nombreRareza': 'PLATA'}",,"{'idRareza': 1, 'nombreRareza': 'PLATA'}",FALSE,TRUE,FALSE,FALSE,FALSE,FALSE,FALSE,FALSE,FALSE,FALSE,FALSE,,,FALSE,FALSE,FALSE,FALSE,FALSE,FALSE,TRUE,FALSE,FALSE,,FALSE,FALSE,FALSE,FALSE,TRUE,TRUE,TRUE,TRUE,TRUE,TRUE,TRUE,TRUE,TRUE,,,,,,,,,,,,
357,GARRA SORPRESIVA,,1/9,2.25,FALSE,,La unidad aliada objetivo lucha con la unidad rival objetivo.,1,FALSE,,2,2,,,https://i.postimg.cc/GhVtdCbp/GARRA-SORPRESIVA-copia.webp,,,,,,,,,,,,"{'idExpansion': 5, 'nombreExpansion': 'IMPERIO', 'fechaLanzamiento': '2024-07-04T19:48:17.000+00:00', 'visibilidad': True}","{'idTipo': 1, 'nombreTipo': 'ACCION'}",,,"{'idSubTipo': 3, 'nombreSubTipo': 'ANIMAL'}","{'idSubTipo': 12, 'nombreSubTipo': 'RAPIDA'}",,"{'idRareza': 2, 'nombreRareza': 'BRONCE'}",,"{'idRareza': 1, 'nombreRareza': 'PLATA'}",FALSE,TRUE,FALSE,FALSE,FALSE,FALSE,TRUE,FALSE,FALSE,FALSE,FALSE,,,FALSE,FALSE,FALSE,FALSE,FALSE,FALSE,FALSE,FALSE,FALSE,,FALSE,FALSE,FALSE,FALSE,TRUE,TRUE,TRUE,TRUE,TRUE,TRUE,TRUE,TRUE,FALSE,,,,,,,,,,,,
84,GARRAS FULMINANTES,,8/9,1,FALSE,,"Temible. Siempre que esta unidad reciba daño, gana un contador +1/+1.",4,FALSE,,4,4,,,https://i.postimg.cc/QMGbcxGV/GARRAS-FULMINANTES-copia.jpg,https://i.postimg.cc/GpftXXc1/GARRAS-FULMINANTES.webp,https://i.postimg.cc/zfzFrzx4/GARRAS-FULMINANTES-copia.jpg,,,,,,,,,"Si recibe daño de varias unidades en combate, como todo el daño se hace al mismo tiempo, dispara una única vez la habilidad de esta carta.","{'idExpansion': 3, 'nombreExpansion': 'PACTO SECRETO', 'fechaLanzamiento': '2024-05-26T04:09:09.000+00:00', 'visibilidad': True}","{'idTipo': 28, 'nombreTipo': 'UNIDAD'}",,"{'idSubTipo': 3, 'nombreSubTipo': 'ANIMAL'}",,,,"{'idRareza': 3, 'nombreRareza': 'ORO'}",,"{'idRareza': 3, 'nombreRareza': 'ORO'}",FALSE,TRUE,FALSE,FALSE,FALSE,FALSE,FALSE,FALSE,FALSE,FALSE,FALSE,,,FALSE,FALSE,FALSE,FALSE,FALSE,FALSE,FALSE,FALSE,FALSE,,FALSE,FALSE,FALSE,FALSE,FALSE,FALSE,FALSE,TRUE,FALSE,FALSE,FALSE,FALSE,FALSE,,,,,,,,,,,,
77,GATITOS DE BRUJA,,0/9,2,TRUE,,"Sorpresivo. Aparición en juego: Si controlas otra bruja o animal, interrumpe la orden de acción objetivo de coste 2 o menos.",1,FALSE,,1,1,,,https://i.postimg.cc/Dzrc6kn6/GATITOS-DE-BRUJA-copia.jpg,https://i.postimg.cc/90xcxZ9c/Full-art-gatitos-de-bruja-copia.jpg,https://i.postimg.cc/HLM1kf7S/gatitos.webp,https://i.postimg.cc/sXRdQwY3/gatitos-full-art.webp,https://i.postimg.cc/pLXdxwrH/GATITOS-DE-BRUJA.webp,https://i.postimg.cc/fLSTkyDj/gatitos-copia.webp,,,,,,,"{'idExpansion': 3, 'nombreExpansion': 'PACTO SECRETO', 'fechaLanzamiento': '2024-05-26T04:09:09.000+00:00', 'visibilidad': True}","{'idTipo': 28, 'nombreTipo': 'UNIDAD'}",,"{'idSubTipo': 3, 'nombreSubTipo': 'ANIMAL'}","{'idSubTipo': 5, 'nombreSubTipo': 'BRUJA'}",,,"{'idRareza': 1, 'nombreRareza': 'PLATA'}",,"{'idRareza': 2, 'nombreRareza': 'BRONCE'}",FALSE,TRUE,FALSE,FALSE,FALSE,TRUE,FALSE,FALSE,FALSE,FALSE,FALSE,,,FALSE,FALSE,FALSE,FALSE,FALSE,FALSE,FALSE,FALSE,FALSE,,FALSE,FALSE,FALSE,FALSE,TRUE,TRUE,TRUE,TRUE,TRUE,TRUE,TRUE,TRUE,TRUE,,,,,,,,,,,,
25,GENERAL DE COMBATE,,4/9,1,FALSE,,"Dureza. Siempre que esta unidad ataque, las otras unidades que controlas ganan Dureza hasta el final del turno.",3,FALSE,,3,3,,,https://i.postimg.cc/QCQMxscX/GENERAL-DE-COMBATE.webp,https://i.postimg.cc/qvp17RMv/General-de-combate-copia-90.jpg,https://i.postimg.cc/T1rcd8zb/general-de-combate-FULL-ART-copias-32.jpg,,,,,,,,,,"{'idExpansion': 2, 'nombreExpansion': 'FUNDAMENTOS', 'fechaLanzamiento': '2024-05-26T04:08:58.000+00:00', 'visibilidad': True}","{'idTipo': 28, 'nombreTipo': 'UNIDAD'}",,"{'idSubTipo': 2, 'nombreSubTipo': 'SOLDADO'}",,,,"{'idRareza': 1, 'nombreRareza': 'PLATA'}",,"{'idRareza': 1, 'nombreRareza': 'PLATA'}",FALSE,TRUE,FALSE,FALSE,FALSE,FALSE,FALSE,FALSE,FALSE,FALSE,FALSE,,,FALSE,FALSE,FALSE,FALSE,FALSE,FALSE,FALSE,FALSE,FALSE,,FALSE,FALSE,FALSE,FALSE,TRUE,TRUE,TRUE,TRUE,FALSE,FALSE,TRUE,FALSE,FALSE,,,,,,,,,,,,
233,GIGANTE CONDENADO,,8/9,2.25,FALSE,,(Sólo puede ser jugado desde el Averno). Arrollar. Resguardo: Condena una carta de tu mano.,3,FALSE,,4,4,,,https://i.postimg.cc/Z57Q2j2H/GIGANTE_CONDENADO_COPIA.webp,https://i.postimg.cc/RZRcRQXT/gigante-condenado.webp,,,,,,,,,,,"{'idExpansion': 4, 'nombreExpansion': 'TRONO COMPARTIDO', 'fechaLanzamiento': '2024-05-26T04:09:14.000+00:00', 'visibilidad': True}","{'idTipo': 28, 'nombreTipo': 'UNIDAD'}",,"{'idSubTipo': 15, 'nombreSubTipo': 'DEMONIO'}",,,,"{'idRareza': 3, 'nombreRareza': 'ORO'}",,"{'idRareza': 2, 'nombreRareza': 'BRONCE'}",FALSE,TRUE,FALSE,FALSE,FALSE,FALSE,FALSE,FALSE,FALSE,FALSE,FALSE,,,FALSE,FALSE,FALSE,FALSE,FALSE,TRUE,FALSE,FALSE,FALSE,,TRUE,FALSE,FALSE,FALSE,FALSE,FALSE,FALSE,TRUE,FALSE,FALSE,FALSE,FALSE,FALSE,,,,,,,,,,,,
509,GIGANTE DEL MARTIRIO,,8/9,2.35,FALSE,,Arrollar. Vigía. Resguardo: 2 de oro y te hace 2 daños.,4,FALSE,,5,4,,¿De dónde habrá salido? ¿Cómo pudieron ser creados? ¿Cuál será su propósito?,https://i.postimg.cc/FRsZS10c/GIGANTE_DEL_MARTIRIO_copia.webp,,,,,,,,,,,,"{'idExpansion': 6, 'nombreExpansion': 'ANCESTROS', 'fechaLanzamiento': '2024-11-19T03:36:06.000+00:00', 'visibilidad': True}","{'idTipo': 28, 'nombreTipo': 'UNIDAD'}",,"{'idSubTipo': 18, 'nombreSubTipo': 'GIGANTE'}",,,,"{'idRareza': 2, 'nombreRareza': 'BRONCE'}",,"{'idRareza': 4, 'nombreRareza': 'DIAMANTE'}",FALSE,TRUE,FALSE,FALSE,FALSE,FALSE,FALSE,FALSE,FALSE,FALSE,FALSE,,,FALSE,FALSE,TRUE,FALSE,FALSE,TRUE,FALSE,FALSE,FALSE,,TRUE,FALSE,FALSE,FALSE,FALSE,FALSE,FALSE,TRUE,FALSE,FALSE,FALSE,FALSE,FALSE,,,,,,,,,,,,
571,GLOTON DE LA FUERZA,,7/9,1,FALSE,,"Siempre que ataque, puedes destruir otra unidad aliada. Si lo haces, gana +X/+0 hasta el final del turno, siendo X la fuerza de la unidad destruida.",2,FALSE,,0,4,,,https://i.postimg.cc/gJSKHdK7/GLOTON_DE_LA_FUERZA_copia.webp,,,,,,,,,,,,"{'idExpansion': 6, 'nombreExpansion': 'ANCESTROS', 'fechaLanzamiento': '2024-11-19T03:36:06.000+00:00', 'visibilidad': True}","{'idTipo': 28, 'nombreTipo': 'UNIDAD'}",,"{'idSubTipo': 18, 'nombreSubTipo': 'GIGANTE'}",,,,"{'idRareza': 2, 'nombreRareza': 'BRONCE'}",,"{'idRareza': 2, 'nombreRareza': 'BRONCE'}",FALSE,TRUE,FALSE,FALSE,FALSE,FALSE,FALSE,FALSE,FALSE,FALSE,FALSE,,,FALSE,FALSE,FALSE,FALSE,FALSE,FALSE,FALSE,FALSE,FALSE,,FALSE,FALSE,FALSE,FALSE,TRUE,FALSE,FALSE,TRUE,FALSE,FALSE,FALSE,FALSE,FALSE,,,,,,,,,,,,
510,GOLEM DE PIEDRA,,4/9,1,TRUE,,"Pedramancia 1. Frenesí. Siempre que ataque, la unidad rival objetivo con igual o mayor fuerza que esta no puede bloquear este turno.",2,FALSE,,3,3,,,https://i.postimg.cc/d3hjWXHV/GOLEM_DE_PIEDRA_copia.webp,,,,,,,,,,,,"{'idExpansion': 6, 'nombreExpansion': 'ANCESTROS', 'fechaLanzamiento': '2024-11-19T03:36:06.000+00:00', 'visibilidad': True}","{'idTipo': 28, 'nombreTipo': 'UNIDAD'}","{'idTipo': 17, 'nombreTipo': 'MONUMENTO'}","{'idSubTipo': 19, 'nombreSubTipo': 'ENANO'}",,,,"{'idRareza': 1, 'nombreRareza': 'PLATA'}",,"{'idRareza': 1, 'nombreRareza': 'PLATA'}",FALSE,TRUE,FALSE,FALSE,FALSE,FALSE,FALSE,FALSE,FALSE,FALSE,FALSE,,,FALSE,FALSE,FALSE,FALSE,FALSE,FALSE,FALSE,FALSE,FALSE,,FALSE,FALSE,FALSE,FALSE,TRUE,TRUE,TRUE,TRUE,FALSE,FALSE,TRUE,FALSE,FALSE,,,,,,,,,,,,
234,GOTA TOXICA,,0/9,0,FALSE,,Envenena la unidad objetivo.,1,FALSE,,,,,,https://i.postimg.cc/QMFz31r3/GOTA_TOXICA_COPIA.webp,https://i.postimg.cc/DwFrLYdZ/gota-toxica.webp,https://i.postimg.cc/bJd0Z6cT/GOTA-TOXICA-copia.jpg,,,,,,,,,,"{'idExpansion': 4, 'nombreExpansion': 'TRONO COMPARTIDO', 'fechaLanzamiento': '2024-05-26T04:09:14.000+00:00', 'visibilidad': True}","{'idTipo': 1, 'nombreTipo': 'ACCION'}",,,"{'idSubTipo': 16, 'nombreSubTipo': 'INSECTO'}","{'idSubTipo': 12, 'nombreSubTipo': 'RAPIDA'}",,"{'idRareza': 2, 'nombreRareza': 'BRONCE'}",,"{'idRareza': 2, 'nombreRareza': 'BRONCE'}",FALSE,FALSE,FALSE,FALSE,FALSE,FALSE,FALSE,FALSE,FALSE,FALSE,FALSE,,,FALSE,FALSE,FALSE,FALSE,FALSE,FALSE,FALSE,FALSE,FALSE,,FALSE,FALSE,FALSE,FALSE,TRUE,TRUE,TRUE,TRUE,TRUE,TRUE,TRUE,TRUE,TRUE,,,,,,,,,,,,
235,"GRADEN, REY CORROMPIDO",,7/9,2.5,FALSE,,"Resguardo: Descarta una carta. Las ordenes de unidad rivales cuestan 1 de oro más. Mientras que un oponente controle una unidad ""Aixa, trono compartido"" o ""Augustus, trono compartido"", gana +2/+2 y Dureza.",4,FALSE,,3,4,,,https://i.postimg.cc/FFyBNhw7/GRADEN_REY_CORROMPIDO_COPIA.webp,https://i.postimg.cc/mrp7xZxz/graden.webp,,,,,,,,,,,"{'idExpansion': 4, 'nombreExpansion': 'TRONO COMPARTIDO', 'fechaLanzamiento': '2024-05-26T04:09:14.000+00:00', 'visibilidad': True}","{'idTipo': 28, 'nombreTipo': 'UNIDAD'}",,"{'idSubTipo': 2, 'nombreSubTipo': 'SOLDADO'}",,"{'idSubTipo': 13, 'nombreSubTipo': 'REALEZA'}",,"{'idRareza': 4, 'nombreRareza': 'DIAMANTE'}",,"{'idRareza': 2, 'nombreRareza': 'BRONCE'}",FALSE,TRUE,FALSE,FALSE,FALSE,FALSE,FALSE,FALSE,FALSE,FALSE,FALSE,,,FALSE,FALSE,FALSE,FALSE,FALSE,FALSE,TRUE,FALSE,FALSE,,TRUE,FALSE,FALSE,TRUE,TRUE,FALSE,FALSE,TRUE,FALSE,FALSE,FALSE,FALSE,FALSE,,,,,,,,,,,,
302,GRIETA AL AVERNO,,0/9,0,TRUE,,"Una vez durante tu turno, puedes erosionar para que el jugador objetivo condene dos cartas de su Reino. Erosión 2.",1,FALSE,,,,,,https://i.postimg.cc/nL0D1WPH/GRIETA-AL-AVERNO-copia.webp,https://i.postimg.cc/nrJSBW9F/GRIETA_AL_AVERNO_COPIA.webp,,,,,,,,,,,"{'idExpansion': 4, 'nombreExpansion': 'TRONO COMPARTIDO', 'fechaLanzamiento': '2024-05-26T04:09:14.000+00:00', 'visibilidad': True}","{'idTipo': 17, 'nombreTipo': 'MONUMENTO'}",,,,,,"{'idRareza': 2, 'nombreRareza': 'BRONCE'}",,"{'idRareza': 2, 'nombreRareza': 'BRONCE'}",FALSE,FALSE,FALSE,FALSE,FALSE,FALSE,FALSE,FALSE,FALSE,FALSE,FALSE,,,FALSE,FALSE,FALSE,FALSE,FALSE,FALSE,FALSE,FALSE,FALSE,,FALSE,FALSE,FALSE,FALSE,TRUE,TRUE,TRUE,TRUE,TRUE,TRUE,TRUE,TRUE,TRUE,,,,,,,,,,,,
375,GRIMORISTA DE LO OSCURO,,4/9,1,TRUE,,Aparición en juego: Crea una ficha libro. 1 de oro y Destruir: La unidad rival objetivo gana -1/-1 por cada ficha libro aliada hasta el final del turno.,2,FALSE,3,2,3,,,https://i.postimg.cc/Qd7tMyMJ/GRIMORISTA-DE-LO-OSCURO-copia.webp,,,,,,,,,,,,"{'idExpansion': 5, 'nombreExpansion': 'IMPERIO', 'fechaLanzamiento': '2024-07-04T19:48:17.000+00:00', 'visibilidad': True}","{'idTipo': 28, 'nombreTipo': 'UNIDAD'}",,"{'idSubTipo': 15, 'nombreSubTipo': 'DEMONIO'}","{'idSubTipo': 7, 'nombreSubTipo': 'MAGO'}",,,"{'idRareza': 1, 'nombreRareza': 'PLATA'}",,"{'idRareza': 1, 'nombreRareza': 'PLATA'}",FALSE,TRUE,FALSE,FALSE,FALSE,FALSE,FALSE,FALSE,FALSE,FALSE,FALSE,,,FALSE,FALSE,FALSE,FALSE,FALSE,FALSE,FALSE,FALSE,FALSE,,FALSE,FALSE,FALSE,FALSE,TRUE,TRUE,TRUE,TRUE,FALSE,FALSE,TRUE,FALSE,FALSE,,,,,,,,,,,,
390,GRITO DE SARGENTO,,8/9,1,FALSE,,Elige 1: -La unidad rival objetivo debe bloquear este turno. -Mueve la unidad aliada objetivo a la Zona de Formación.,1,FALSE,3,4,4,,,https://i.postimg.cc/mrNgY1Cc/GRITO-DE-SARGENTO.webp,,,,,,,,,,,,"{'idExpansion': 5, 'nombreExpansion': 'IMPERIO', 'fechaLanzamiento': '2024-07-04T19:48:17.000+00:00', 'visibilidad': True}","{'idTipo': 1, 'nombreTipo': 'ACCION'}",,,"{'idSubTipo': 2, 'nombreSubTipo': 'SOLDADO'}","{'idSubTipo': 12, 'nombreSubTipo': 'RAPIDA'}",,"{'idRareza': 2, 'nombreRareza': 'BRONCE'}",,"{'idRareza': 2, 'nombreRareza': 'BRONCE'}",FALSE,TRUE,FALSE,FALSE,FALSE,FALSE,FALSE,FALSE,FALSE,FALSE,FALSE,,,FALSE,FALSE,FALSE,FALSE,FALSE,FALSE,FALSE,FALSE,FALSE,,FALSE,FALSE,FALSE,FALSE,FALSE,FALSE,FALSE,TRUE,FALSE,FALSE,FALSE,FALSE,FALSE,,,,,,,,,,,,
511,GRITON DESTRUCTOR,,2/9,3.5,FALSE,,Arrollar. Aparición en juego: Elige 1: -Destruye la unidad rival objetivo de resistencia 1. -Hace 1 daño a cada oponente.,2,FALSE,,4,2,,,https://i.postimg.cc/Wzx6xnC6/GRITON_DESTRUCTOR_copia.webp,,,,,,,,,,,,"{'idExpansion': 6, 'nombreExpansion': 'ANCESTROS', 'fechaLanzamiento': '2024-11-19T03:36:06.000+00:00', 'visibilidad': True}","{'idTipo': 28, 'nombreTipo': 'UNIDAD'}",,"{'idSubTipo': 18, 'nombreSubTipo': 'GIGANTE'}",,,,"{'idRareza': 2, 'nombreRareza': 'BRONCE'}",,"{'idRareza': 2, 'nombreRareza': 'BRONCE'}",TRUE,TRUE,FALSE,FALSE,FALSE,FALSE,TRUE,FALSE,FALSE,FALSE,FALSE,,,FALSE,FALSE,FALSE,FALSE,FALSE,TRUE,FALSE,FALSE,FALSE,,FALSE,FALSE,FALSE,FALSE,FALSE,TRUE,TRUE,TRUE,TRUE,TRUE,TRUE,TRUE,FALSE,,,,,,,,,,,,
120,GRUMETE IRREVERENTE,,0/9,1,FALSE,,Fantasmal. (Esta unidad solo puede ser bloqueada por unidades con fantasmal).,1,FALSE,,1,1,,,https://i.postimg.cc/W3swfW4v/GRUMETE-IRREVERENTE-copia.jpg,https://i.postimg.cc/SKnNYcc1/GRUMETE-IRREVERENTE.webp,https://i.postimg.cc/WpZQvr8T/Grumete-tcgcon.jpg,,,,,,,,,,"{'idExpansion': 3, 'nombreExpansion': 'PACTO SECRETO', 'fechaLanzamiento': '2024-05-26T04:09:09.000+00:00', 'visibilidad': True}","{'idTipo': 28, 'nombreTipo': 'UNIDAD'}",,"{'idSubTipo': 1, 'nombreSubTipo': 'PIRATA'}",,,,"{'idRareza': 2, 'nombreRareza': 'BRONCE'}",,"{'idRareza': 2, 'nombreRareza': 'BRONCE'}",FALSE,TRUE,FALSE,FALSE,FALSE,FALSE,FALSE,FALSE,FALSE,FALSE,FALSE,,,FALSE,FALSE,FALSE,FALSE,FALSE,FALSE,FALSE,FALSE,FALSE,,FALSE,FALSE,FALSE,FALSE,TRUE,TRUE,TRUE,TRUE,TRUE,TRUE,TRUE,TRUE,TRUE,,,,,,,,,,,,
119,GRUPO DE ASALTO,,4/9,2,FALSE,,Hurto. Aparición en juego: Puedes poner en el campo una carta llamada Grupo de asalto de tu mano.,3,FALSE,,2,3,,,https://i.postimg.cc/d0M7h05c/GRUPO-DE-ASALTO-copia.jpg,https://i.postimg.cc/vBLRWfhf/grupo-de-asalto.webp,https://i.postimg.cc/mrKZYhwL/GRUPO-DE-ASALTO.webp,,,,,,,,,,"{'idExpansion': 3, 'nombreExpansion': 'PACTO SECRETO', 'fechaLanzamiento': '2024-05-26T04:09:09.000+00:00', 'visibilidad': True}","{'idTipo': 28, 'nombreTipo': 'UNIDAD'}",,"{'idSubTipo': 1, 'nombreSubTipo': 'PIRATA'}",,,,"{'idRareza': 1, 'nombreRareza': 'PLATA'}",,"{'idRareza': 2, 'nombreRareza': 'BRONCE'}",FALSE,TRUE,FALSE,FALSE,FALSE,FALSE,FALSE,FALSE,FALSE,FALSE,FALSE,,,FALSE,FALSE,FALSE,FALSE,FALSE,FALSE,FALSE,FALSE,FALSE,,FALSE,FALSE,TRUE,FALSE,TRUE,TRUE,TRUE,TRUE,FALSE,FALSE,TRUE,FALSE,FALSE,,,,,,,,,,,,
376,GUARDIA DE ELITE,,8/9,2.1,FALSE,,Dureza. Guardián. Vigía,4,FALSE,3,4,4,,"Nunca se podría dudar de la lealtad y absoluta obediencia de los soldados y guardias de élite de Berin, quienes ni siquiera dudaron en atacar a Aixa cuando se les ordenó.",https://i.postimg.cc/PqkqvQps/GUARDIA-DE-ELITE-copia.webp,,,,,,,,,,,,"{'idExpansion': 5, 'nombreExpansion': 'IMPERIO', 'fechaLanzamiento': '2024-07-04T19:48:17.000+00:00', 'visibilidad': True}","{'idTipo': 28, 'nombreTipo': 'UNIDAD'}",,"{'idSubTipo': 2, 'nombreSubTipo': 'SOLDADO'}",,,,"{'idRareza': 2, 'nombreRareza': 'BRONCE'}",,"{'idRareza': 2, 'nombreRareza': 'BRONCE'}",FALSE,TRUE,FALSE,TRUE,FALSE,FALSE,FALSE,FALSE,FALSE,FALSE,FALSE,,,FALSE,FALSE,TRUE,FALSE,FALSE,FALSE,FALSE,FALSE,FALSE,,FALSE,FALSE,FALSE,FALSE,FALSE,FALSE,FALSE,TRUE,FALSE,FALSE,FALSE,FALSE,FALSE,,,,,,,,,,,,
237,GUARDIAN DE LA VITALIDAD,,7/9,1,FALSE,,"Aparición en juego: Cada jugador gana 2 vidas. Siempre que ganes vidas, por cada tipo de contador en la unidad objetivo, puedes remover o añadir otro.",3,FALSE,,2,4,,,https://i.postimg.cc/1XrCHKDp/GUARDIAN_DE_LA_VITALIDAD_1_COPIA.webp,,,,,,,,,,,,"{'idExpansion': 4, 'nombreExpansion': 'TRONO COMPARTIDO', 'fechaLanzamiento': '2024-05-26T04:09:14.000+00:00', 'visibilidad': True}","{'idTipo': 28, 'nombreTipo': 'UNIDAD'}",,"{'idSubTipo': 17, 'nombreSubTipo': 'MONJE'}",,,,"{'idRareza': 2, 'nombreRareza': 'BRONCE'}",,"{'idRareza': 1, 'nombreRareza': 'PLATA'}",FALSE,TRUE,FALSE,FALSE,FALSE,FALSE,FALSE,FALSE,FALSE,FALSE,FALSE,,,FALSE,FALSE,FALSE,FALSE,FALSE,FALSE,FALSE,FALSE,FALSE,,FALSE,FALSE,FALSE,FALSE,TRUE,FALSE,FALSE,TRUE,FALSE,FALSE,FALSE,FALSE,FALSE,,,,,,,,,,,,
239,GUARDIANA DEL ALTAR,,1/9,2,FALSE,,"Curar. (Palabra clave de efecto estático. Cuando la unidad con curar hace daño, hará que el controlador gane X cantidad de vidas igual a la fuerza de la unidad.)",1,FALSE,,2,2,,,https://i.postimg.cc/3RYPjsfw/Mesa-de-trabajo-37-copia.png,,,,,,,,,,,"Curar es una habilidad estática, es decir, no genera pila.","{'idExpansion': 4, 'nombreExpansion': 'TRONO COMPARTIDO', 'fechaLanzamiento': '2024-05-26T04:09:14.000+00:00', 'visibilidad': True}","{'idTipo': 28, 'nombreTipo': 'UNIDAD'}",,"{'idSubTipo': 17, 'nombreSubTipo': 'MONJE'}",,,,"{'idRareza': 2, 'nombreRareza': 'BRONCE'}",,"{'idRareza': 2, 'nombreRareza': 'BRONCE'}",FALSE,TRUE,FALSE,FALSE,FALSE,FALSE,FALSE,TRUE,FALSE,FALSE,FALSE,,,FALSE,FALSE,FALSE,FALSE,FALSE,FALSE,FALSE,FALSE,FALSE,,FALSE,FALSE,FALSE,FALSE,TRUE,TRUE,TRUE,TRUE,TRUE,TRUE,TRUE,TRUE,FALSE,,,,,,,,,,,,
172,GUARDIANA DEL MAR,,1/9,1,FALSE,,Sorpresivo. (Puedes jugar esta carta como si fuera una acción rápida). Derrotado: Ganas 2 vidas.,1,FALSE,,1,2,,,https://i.postimg.cc/L5XBmJfQ/GUARDIANA-DEL-MAR-copia.jpg,https://i.postimg.cc/RhBMY8y2/GUARDIANA-DEL-MAR.webp,,,,,,,,,,La unidad es una 1/2.,"{'idExpansion': 3, 'nombreExpansion': 'PACTO SECRETO', 'fechaLanzamiento': '2024-05-26T04:09:09.000+00:00', 'visibilidad': True}","{'idTipo': 28, 'nombreTipo': 'UNIDAD'}",,"{'idSubTipo': 5, 'nombreSubTipo': 'BRUJA'}",,,,"{'idRareza': 2, 'nombreRareza': 'BRONCE'}",,"{'idRareza': 1, 'nombreRareza': 'PLATA'}",FALSE,TRUE,FALSE,FALSE,FALSE,FALSE,FALSE,FALSE,FALSE,FALSE,FALSE,,,FALSE,FALSE,FALSE,FALSE,FALSE,FALSE,FALSE,FALSE,FALSE,,FALSE,FALSE,FALSE,FALSE,TRUE,TRUE,TRUE,TRUE,TRUE,TRUE,TRUE,TRUE,FALSE,,,,,,,,,,,,
104,GUARDIANES DE LA MURALLA,,7/9,1,FALSE,,Centinela. (Esta unidad no puede atacar).,1,FALSE,,1,4,,"En el desierto de Hamrra es difícil visualizar a la distancia. Las tormentas de arena te hacen ver cosas que realmente no están allí. Por eso, es importante mantener la guardia.",https://i.postimg.cc/3rSFnZ5s/GUARDIANES-DE-LA-MURALLA-copia.jpg,https://i.postimg.cc/j24sYcr2/GUARDIANES-DE-LA-MURALLA.webp,,,,,,,,,,,"{'idExpansion': 3, 'nombreExpansion': 'PACTO SECRETO', 'fechaLanzamiento': '2024-05-26T04:09:09.000+00:00', 'visibilidad': True}","{'idTipo': 28, 'nombreTipo': 'UNIDAD'}",,"{'idSubTipo': 6, 'nombreSubTipo': 'DESERTOR'}",,,,"{'idRareza': 2, 'nombreRareza': 'BRONCE'}",,"{'idRareza': 1, 'nombreRareza': 'PLATA'}",FALSE,TRUE,FALSE,FALSE,FALSE,FALSE,FALSE,FALSE,FALSE,FALSE,FALSE,,,FALSE,FALSE,FALSE,FALSE,FALSE,FALSE,FALSE,FALSE,FALSE,,FALSE,FALSE,FALSE,FALSE,TRUE,FALSE,FALSE,TRUE,FALSE,FALSE,FALSE,FALSE,FALSE,,,,,,,,,,,,
512,GUERRERO DE LOS PORTALES,,3/9,2.25,FALSE,,"Mientras tenga la mayor fuerza en el campo, gana Indestructible. Derrotado: Condena la unidad rival objetivo con mayor fuerza que esta.",4,FALSE,,4,2,,,https://i.postimg.cc/59r3H4yY/GUERRERO_DE_LOS_PORTALES_copia.webp,,,,,,,,,,,,"{'idExpansion': 6, 'nombreExpansion': 'ANCESTROS', 'fechaLanzamiento': '2024-11-19T03:36:06.000+00:00', 'visibilidad': True}","{'idTipo': 28, 'nombreTipo': 'UNIDAD'}",,"{'idSubTipo': 19, 'nombreSubTipo': 'ENANO'}",,,,"{'idRareza': 1, 'nombreRareza': 'PLATA'}",,"{'idRareza': 3, 'nombreRareza': 'ORO'}",FALSE,TRUE,FALSE,FALSE,FALSE,FALSE,TRUE,FALSE,FALSE,FALSE,FALSE,,,FALSE,FALSE,FALSE,FALSE,FALSE,FALSE,FALSE,FALSE,FALSE,,FALSE,FALSE,FALSE,FALSE,FALSE,TRUE,TRUE,FALSE,TRUE,TRUE,TRUE,TRUE,FALSE,,,,,,,,,,,,
240,GUIA ESPIRITUAL DEL OJO,,1/9,1,FALSE,,Derrotado: Reaparece el monje aliado objetivo.,1,FALSE,,2,2,,,https://i.postimg.cc/hPK3GHqM/GUIA_ESPIRITUAL_DEL_OJO_COPIA.webp,,,,,,,,,,,,"{'idExpansion': 4, 'nombreExpansion': 'TRONO COMPARTIDO', 'fechaLanzamiento': '2024-05-26T04:09:14.000+00:00', 'visibilidad': True}","{'idTipo': 28, 'nombreTipo': 'UNIDAD'}",,"{'idSubTipo': 17, 'nombreSubTipo': 'MONJE'}",,,,"{'idRareza': 2, 'nombreRareza': 'BRONCE'}",,"{'idRareza': 2, 'nombreRareza': 'BRONCE'}",FALSE,TRUE,FALSE,FALSE,FALSE,FALSE,FALSE,FALSE,FALSE,FALSE,FALSE,,,FALSE,FALSE,FALSE,FALSE,FALSE,FALSE,FALSE,FALSE,FALSE,,FALSE,FALSE,FALSE,FALSE,TRUE,TRUE,TRUE,TRUE,TRUE,TRUE,TRUE,TRUE,FALSE,,,,,,,,,,,,
350,HABIL LANCERO FRENETICO,,1/9,2,FALSE,,Resguardo: 1 oro. Gana +1/+1 y Frenesí mientras esté equipado.,2,FALSE,2,3,2,,,https://i.postimg.cc/85pPtkmZ/HABIL-LANCERO-FRENETICO-copia.webp,https://i.postimg.cc/rpsjmXLt/METAL-HABIL-LANCERO-FRENETICO.png,,,,,,,,,,,"{'idExpansion': 5, 'nombreExpansion': 'IMPERIO', 'fechaLanzamiento': '2024-07-04T19:48:17.000+00:00', 'visibilidad': True}","{'idTipo': 28, 'nombreTipo': 'UNIDAD'}",,"{'idSubTipo': 6, 'nombreSubTipo': 'DESERTOR'}",,,,"{'idRareza': 1, 'nombreRareza': 'PLATA'}",,"{'idRareza': 3, 'nombreRareza': 'ORO'}",FALSE,TRUE,FALSE,FALSE,FALSE,FALSE,FALSE,FALSE,FALSE,FALSE,FALSE,,,FALSE,FALSE,FALSE,FALSE,FALSE,FALSE,FALSE,FALSE,FALSE,,TRUE,FALSE,FALSE,FALSE,TRUE,TRUE,TRUE,TRUE,TRUE,TRUE,TRUE,TRUE,FALSE,,,,,,,,,,,,
241,HADARIPOSA,,4/9,1,FALSE,,"Siempre que pongas un contador -1/-1, Predicción 1. Los otros insectos aliados ganan +0/+1.",2,FALSE,,2,3,,,https://i.postimg.cc/Hs3v8BYm/HADARIPOSA_COPIA.webp,https://i.postimg.cc/cJLf5gzG/hadariposa.webp,,,,,,,,,,,"{'idExpansion': 4, 'nombreExpansion': 'TRONO COMPARTIDO', 'fechaLanzamiento': '2024-05-26T04:09:14.000+00:00', 'visibilidad': True}","{'idTipo': 28, 'nombreTipo': 'UNIDAD'}",,"{'idSubTipo': 16, 'nombreSubTipo': 'INSECTO'}","{'idSubTipo': 5, 'nombreSubTipo': 'BRUJA'}",,,"{'idRareza': 1, 'nombreRareza': 'PLATA'}",,"{'idRareza': 1, 'nombreRareza': 'PLATA'}",FALSE,TRUE,FALSE,FALSE,FALSE,FALSE,FALSE,FALSE,FALSE,FALSE,FALSE,,,FALSE,FALSE,FALSE,FALSE,FALSE,FALSE,FALSE,FALSE,FALSE,,FALSE,FALSE,FALSE,FALSE,TRUE,TRUE,TRUE,TRUE,FALSE,FALSE,TRUE,FALSE,FALSE,,,,,,,,,,,,
513,"HAITEN, ILUSIONISTA DE CUERPOS",,8/9,1.5,FALSE,,"Aparición en juego: Crea una copia de una ficha aliada. Siempre que otra unidad aliada de fuerza 5 o más entra al campo, roba una carta. Dispara solo una vez por turno.",5,FALSE,,5,5,,,"https://i.postimg.cc/02JCDTKt/HAITEN,_ILUSIONISTA_DE_CUERPOS_copia.webp",,,,,,,,,,,,"{'idExpansion': 6, 'nombreExpansion': 'ANCESTROS', 'fechaLanzamiento': '2024-11-19T03:36:06.000+00:00', 'visibilidad': True}","{'idTipo': 28, 'nombreTipo': 'UNIDAD'}",,"{'idSubTipo': 8, 'nombreSubTipo': 'ELEMENTAL'}",,"{'idSubTipo': 13, 'nombreSubTipo': 'REALEZA'}",,"{'idRareza': 3, 'nombreRareza': 'ORO'}",,"{'idRareza': 2, 'nombreRareza': 'BRONCE'}",FALSE,TRUE,FALSE,FALSE,FALSE,FALSE,FALSE,FALSE,FALSE,FALSE,TRUE,,,FALSE,FALSE,FALSE,FALSE,FALSE,FALSE,TRUE,FALSE,FALSE,,FALSE,FALSE,FALSE,FALSE,FALSE,FALSE,FALSE,TRUE,FALSE,FALSE,FALSE,FALSE,FALSE,,,,,,,,,,,,
26,"HAMIRA, LA PRINCESA",,4/9,1,TRUE,,Destruir: Cancela el efecto disparado en juego objetivo.,1,FALSE,,1,3,,,https://i.postimg.cc/qBsBKJCr/HAMIRA-LA-PRINCESA.webp,https://i.postimg.cc/8C1bmP7n/Mesa-de-trabajo-35-200x.png,,,,,,,,,,,"{'idExpansion': 2, 'nombreExpansion': 'FUNDAMENTOS', 'fechaLanzamiento': '2024-05-26T04:08:58.000+00:00', 'visibilidad': True}","{'idTipo': 28, 'nombreTipo': 'UNIDAD'}",,"{'idSubTipo': 6, 'nombreSubTipo': 'DESERTOR'}",,,,"{'idRareza': 2, 'nombreRareza': 'BRONCE'}",,"{'idRareza': 3, 'nombreRareza': 'ORO'}",FALSE,TRUE,FALSE,FALSE,FALSE,FALSE,FALSE,FALSE,FALSE,FALSE,FALSE,,,FALSE,FALSE,FALSE,FALSE,FALSE,FALSE,FALSE,FALSE,FALSE,,FALSE,FALSE,FALSE,FALSE,TRUE,TRUE,TRUE,TRUE,FALSE,FALSE,TRUE,FALSE,FALSE,,,,,,,,,,,,
413,"HAMIRA, REINA VENGATIVA",,1/9,0.5,TRUE,,"Oler sangre: Gana 2+2. Siempre que sea objetivo de una orden u efecto rival, hace 1 daño a cada unidad rival.",2,FALSE,,2,2,,,"https://i.postimg.cc/NFVss6qn/HAMIRA,_REINA_VENGATIVA_copia.webp",,,,,,,,,,,,"{'idExpansion': 5, 'nombreExpansion': 'IMPERIO', 'fechaLanzamiento': '2024-07-04T19:48:17.000+00:00', 'visibilidad': True}","{'idTipo': 28, 'nombreTipo': 'UNIDAD'}",,"{'idSubTipo': 6, 'nombreSubTipo': 'DESERTOR'}",,"{'idSubTipo': 13, 'nombreSubTipo': 'REALEZA'}",,"{'idRareza': 3, 'nombreRareza': 'ORO'}",,"{'idRareza': 3, 'nombreRareza': 'ORO'}",FALSE,TRUE,FALSE,FALSE,FALSE,FALSE,FALSE,FALSE,FALSE,FALSE,FALSE,,,FALSE,FALSE,FALSE,FALSE,FALSE,FALSE,TRUE,FALSE,FALSE,,FALSE,FALSE,FALSE,FALSE,TRUE,TRUE,TRUE,TRUE,TRUE,TRUE,TRUE,TRUE,FALSE,,,,,,,,,,,,
102,HECHICERA DE SANGRE,,8/9,1,FALSE,,"Predicción 2. Si controlas al menos otras dos brujas, gana Indestructible. Al principio de tu turno, los oponentes pierden 2 vidas.",4,FALSE,,2,4,,,https://i.postimg.cc/Wbd6KJsh/HECHICERA-DE-SANGRE-copia.jpg,https://i.postimg.cc/zvDJS0Vd/Full-art-hechicera-de-sangre-copia.jpg,https://i.postimg.cc/Y0bJP7JS/hechicera-de-sangre.webp,https://i.postimg.cc/rs8BgsZb/hechicera-de-sangre-full-art.webp,https://i.postimg.cc/X7xV2s8D/HECHICERA-DE-SANGRE.webp,,,,,,,Hechicera de sangre tiene indestructible solo mientras controles otras dos brujas.,"{'idExpansion': 3, 'nombreExpansion': 'PACTO SECRETO', 'fechaLanzamiento': '2024-05-26T04:09:09.000+00:00', 'visibilidad': True}","{'idTipo': 28, 'nombreTipo': 'UNIDAD'}",,"{'idSubTipo': 5, 'nombreSubTipo': 'BRUJA'}",,,,"{'idRareza': 1, 'nombreRareza': 'PLATA'}",,"{'idRareza': 1, 'nombreRareza': 'PLATA'}",FALSE,TRUE,FALSE,FALSE,FALSE,FALSE,FALSE,FALSE,FALSE,FALSE,FALSE,,,FALSE,FALSE,FALSE,FALSE,FALSE,FALSE,FALSE,FALSE,FALSE,,FALSE,FALSE,FALSE,FALSE,TRUE,FALSE,FALSE,FALSE,FALSE,FALSE,FALSE,FALSE,FALSE,,,,,,,,,,,,
95,HECHICERA ELEMENTAL,,4/9,1,TRUE,,"Siempre que juegues una orden, hace 1 punto de daño a los  oponentes.",2,FALSE,,2,3,,,https://i.postimg.cc/zBDTkydD/HECHICERA-ELEMENTAL-copia.jpg,https://i.postimg.cc/HWzDn0VC/hechicera-elemental.webp,https://i.postimg.cc/dtj2CmRK/Hechicera-elemental-ARTE-ALTERNATIVO.webp,https://i.postimg.cc/YCst7jT6/HECHICERA-ELEMENTAL.webp,,,,,,,,,"{'idExpansion': 3, 'nombreExpansion': 'PACTO SECRETO', 'fechaLanzamiento': '2024-05-26T04:09:09.000+00:00', 'visibilidad': True}","{'idTipo': 28, 'nombreTipo': 'UNIDAD'}",,"{'idSubTipo': 5, 'nombreSubTipo': 'BRUJA'}",,,,"{'idRareza': 2, 'nombreRareza': 'BRONCE'}",,"{'idRareza': 1, 'nombreRareza': 'PLATA'}",FALSE,TRUE,FALSE,FALSE,FALSE,FALSE,FALSE,FALSE,FALSE,FALSE,FALSE,,,FALSE,FALSE,FALSE,FALSE,FALSE,FALSE,FALSE,FALSE,FALSE,,FALSE,FALSE,FALSE,FALSE,TRUE,TRUE,TRUE,TRUE,FALSE,FALSE,TRUE,FALSE,FALSE,,,,,,,,,,,,
398,HECHIZO DE LA PENURIA,,0/9,1,FALSE,,1 de oro y Destruir: Cada oponente descarta una carta. Activa solo durante tu fase central.,3,FALSE,3,,,,,https://i.postimg.cc/MZrKmSMY/HECHIZO-DE-LA-PENURIA-copia.webp,,,,,,,,,,,,"{'idExpansion': 5, 'nombreExpansion': 'IMPERIO', 'fechaLanzamiento': '2024-07-04T19:48:17.000+00:00', 'visibilidad': True}","{'idTipo': 6, 'nombreTipo': 'TESORO'}",,,,,,"{'idRareza': 3, 'nombreRareza': 'ORO'}",,"{'idRareza': 1, 'nombreRareza': 'PLATA'}",FALSE,FALSE,FALSE,FALSE,FALSE,FALSE,FALSE,FALSE,FALSE,FALSE,FALSE,,,FALSE,FALSE,FALSE,FALSE,FALSE,FALSE,FALSE,FALSE,FALSE,,FALSE,FALSE,FALSE,TRUE,TRUE,TRUE,TRUE,TRUE,TRUE,TRUE,TRUE,TRUE,TRUE,,,,,,,,,,,,
320,HECHIZOS PREPARADOS,,0/9,1.15,FALSE,,Elige 2: -Hace 4 daños a la unidad rival objetivo. -Crea una ficha libro. -Regresa la unidad objetivo de coste 3 o menos a la mano. -La unidad objetivo gana Evasión hasta el final del turno.,3,FALSE,,,,,,https://i.postimg.cc/HsqYF9tc/HECHIZOS-PREPARADOS-copia.webp,,,,,,,,,,,,"{'idExpansion': 5, 'nombreExpansion': 'IMPERIO', 'fechaLanzamiento': '2024-07-04T19:48:17.000+00:00', 'visibilidad': True}","{'idTipo': 1, 'nombreTipo': 'ACCION'}",,,"{'idSubTipo': 7, 'nombreSubTipo': 'MAGO'}","{'idSubTipo': 12, 'nombreSubTipo': 'RAPIDA'}",,"{'idRareza': 3, 'nombreRareza': 'ORO'}",,"{'idRareza': 2, 'nombreRareza': 'BRONCE'}",FALSE,TRUE,FALSE,FALSE,FALSE,FALSE,FALSE,FALSE,FALSE,FALSE,FALSE,,,TRUE,FALSE,FALSE,FALSE,FALSE,FALSE,FALSE,FALSE,FALSE,,FALSE,FALSE,FALSE,FALSE,TRUE,TRUE,TRUE,TRUE,TRUE,TRUE,TRUE,TRUE,TRUE,,,,,,,,,,,,
377,HERALDO ARMADO,,1/9,1,FALSE,,"Frenesí. Aparición en juego: Puedes destruir otra unidad aliada no ficha. Si lo haces, crea dos fichas de arma daga.",3,FALSE,3,3,2,,,https://i.postimg.cc/BQLZhV2f/HERALDO-ARMADO-copia.webp,,,,,,,,,,,,"{'idExpansion': 5, 'nombreExpansion': 'IMPERIO', 'fechaLanzamiento': '2024-07-04T19:48:17.000+00:00', 'visibilidad': True}","{'idTipo': 28, 'nombreTipo': 'UNIDAD'}",,"{'idSubTipo': 6, 'nombreSubTipo': 'DESERTOR'}",,,,"{'idRareza': 1, 'nombreRareza': 'PLATA'}",,"{'idRareza': 2, 'nombreRareza': 'BRONCE'}",FALSE,TRUE,FALSE,FALSE,FALSE,FALSE,FALSE,FALSE,FALSE,FALSE,FALSE,,,FALSE,FALSE,FALSE,FALSE,FALSE,FALSE,FALSE,FALSE,FALSE,,FALSE,FALSE,FALSE,FALSE,TRUE,TRUE,TRUE,TRUE,TRUE,TRUE,TRUE,TRUE,FALSE,,,,,,,,,,,,
116,HERMANAS SIRENE,,1/9,2,FALSE,,Atracción. Hurto. Aparición en juego: Toma el control de otra unidad objetivo hasta el final del turno. Esa unidad gana Frenesí.,4,FALSE,,2,2,,,https://i.postimg.cc/Kz9BpmVP/HERMANAS-SIRENE-copia.jpg,https://i.postimg.cc/XJM3ZmjX/HERMANAS-SIRENE.webp,,,,,,,,,,,"{'idExpansion': 3, 'nombreExpansion': 'PACTO SECRETO', 'fechaLanzamiento': '2024-05-26T04:09:09.000+00:00', 'visibilidad': True}","{'idTipo': 28, 'nombreTipo': 'UNIDAD'}",,"{'idSubTipo': 1, 'nombreSubTipo': 'PIRATA'}",,,,"{'idRareza': 1, 'nombreRareza': 'PLATA'}",,"{'idRareza': 1, 'nombreRareza': 'PLATA'}",FALSE,TRUE,FALSE,FALSE,FALSE,FALSE,FALSE,FALSE,FALSE,FALSE,FALSE,,,FALSE,FALSE,FALSE,FALSE,FALSE,FALSE,FALSE,FALSE,FALSE,,FALSE,FALSE,TRUE,FALSE,TRUE,TRUE,TRUE,TRUE,TRUE,TRUE,TRUE,TRUE,FALSE,,,,,,,,,,,,
115,HERMANAS VENENO,,1/9,1,FALSE,,"Aparición en juego: El oponente objetivo toma el control de esta unidad. Siempre que robes una carta, o una unidad que controles muera, pierdes 1 vida.",2,FALSE,,0,2,,,https://i.postimg.cc/JnMGQ2wT/HERMANAS-VENENO-copia.jpg,https://i.postimg.cc/fbSDRDh6/HERMANAS-VENENO.webp,,,,,,,,,,,"{'idExpansion': 3, 'nombreExpansion': 'PACTO SECRETO', 'fechaLanzamiento': '2024-05-26T04:09:09.000+00:00', 'visibilidad': True}","{'idTipo': 28, 'nombreTipo': 'UNIDAD'}",,"{'idSubTipo': 5, 'nombreSubTipo': 'BRUJA'}",,,,"{'idRareza': 1, 'nombreRareza': 'PLATA'}",,"{'idRareza': 1, 'nombreRareza': 'PLATA'}",FALSE,TRUE,FALSE,FALSE,FALSE,FALSE,FALSE,FALSE,FALSE,FALSE,FALSE,,,FALSE,FALSE,FALSE,FALSE,FALSE,FALSE,FALSE,FALSE,FALSE,,FALSE,FALSE,FALSE,FALSE,TRUE,TRUE,TRUE,TRUE,TRUE,TRUE,TRUE,TRUE,FALSE,,,,,,,,,,,,
243,HERMANO CORRECTOR,,1/9,1,TRUE,,Derrotado: Naturaliza el tesoro objetivo. (El permanente naturalizado pierde todas las habilidades).,1,FALSE,,2,2,,,https://i.postimg.cc/d13TN9bG/HERMANO-CORRECTOR-copia.webp,https://i.postimg.cc/KzKBmXF9/hermano-corrector.webp,https://i.postimg.cc/W1H9Xzqf/HERMANO_CORRECTOR_COPIA.webp,,,,,,,,,,"{'idExpansion': 4, 'nombreExpansion': 'TRONO COMPARTIDO', 'fechaLanzamiento': '2024-05-26T04:09:14.000+00:00', 'visibilidad': True}","{'idTipo': 28, 'nombreTipo': 'UNIDAD'}",,"{'idSubTipo': 8, 'nombreSubTipo': 'ELEMENTAL'}",,,,"{'idRareza': 2, 'nombreRareza': 'BRONCE'}",,"{'idRareza': 2, 'nombreRareza': 'BRONCE'}",FALSE,TRUE,FALSE,FALSE,FALSE,FALSE,FALSE,FALSE,FALSE,FALSE,FALSE,,,FALSE,FALSE,FALSE,FALSE,FALSE,FALSE,FALSE,FALSE,FALSE,,FALSE,FALSE,FALSE,FALSE,TRUE,TRUE,TRUE,TRUE,TRUE,TRUE,TRUE,TRUE,FALSE,,,,,,,,,,,,
244,HERMANO CREADOR,,0/9,2,TRUE,,Derrotado: Crea una ficha de tesoro.,1,FALSE,,2,1,,"El fuego alimenta mi imaginación. Es capaz de gran destrucción, pero también fuente inagotable de creación, y por lo tanto, vida.",https://i.postimg.cc/JnFHfk8v/HERMANO-CREADOR-copia.webp,https://i.postimg.cc/pTg8T0LP/hermano-creador.webp,https://i.postimg.cc/cJHB0gnG/ethernal-hermano-creador.webp,https://i.postimg.cc/vBR0wKzr/HERMANO_CREADOR_COPIA.webp,,,,,,,,,"{'idExpansion': 4, 'nombreExpansion': 'TRONO COMPARTIDO', 'fechaLanzamiento': '2024-05-26T04:09:14.000+00:00', 'visibilidad': True}","{'idTipo': 28, 'nombreTipo': 'UNIDAD'}",,"{'idSubTipo': 8, 'nombreSubTipo': 'ELEMENTAL'}",,,,"{'idRareza': 2, 'nombreRareza': 'BRONCE'}",,"{'idRareza': 2, 'nombreRareza': 'BRONCE'}",FALSE,TRUE,FALSE,FALSE,FALSE,FALSE,FALSE,FALSE,FALSE,FALSE,FALSE,,,FALSE,FALSE,FALSE,FALSE,FALSE,FALSE,FALSE,FALSE,FALSE,,FALSE,TRUE,FALSE,FALSE,TRUE,TRUE,TRUE,TRUE,TRUE,TRUE,TRUE,TRUE,TRUE,,,,,,,,,,,,
242,HERMANO DISEÑADOR,,1/9,1,TRUE,,Aparición en juego: Mira las primeras dos cartas de tu Bóveda. Pon cualquier cantidad en el tope y el resto en el fondo.,1,FALSE,,2,2,,,https://i.postimg.cc/L8XCtL51/HEMANO_DISEÑADOR_COPIA.webp,https://i.postimg.cc/D0LGbqSL/hermano-dise-ador.webp,,,,,,,,,,,"{'idExpansion': 4, 'nombreExpansion': 'TRONO COMPARTIDO', 'fechaLanzamiento': '2024-05-26T04:09:14.000+00:00', 'visibilidad': True}","{'idTipo': 28, 'nombreTipo': 'UNIDAD'}",,"{'idSubTipo': 8, 'nombreSubTipo': 'ELEMENTAL'}",,,,"{'idRareza': 1, 'nombreRareza': 'PLATA'}",,"{'idRareza': 1, 'nombreRareza': 'PLATA'}",FALSE,TRUE,FALSE,FALSE,FALSE,FALSE,FALSE,FALSE,FALSE,FALSE,FALSE,,,FALSE,FALSE,FALSE,FALSE,FALSE,FALSE,FALSE,FALSE,FALSE,,FALSE,FALSE,FALSE,FALSE,TRUE,TRUE,TRUE,TRUE,TRUE,TRUE,TRUE,TRUE,FALSE,,,,,,,,,,,,
514,HERMANOS BIRIBIRI,,0/9,1,FALSE,,Aparición en juego: Crea una ficha enano 1/1.,1,FALSE,,1,1,,"Es difícil entender esas relaciones de hermanos donde permanentemente se pelean entre sí, y a su vez se quieren incondicionalmente.",https://i.postimg.cc/L8K3Txzm/HERMANOS_BIRIBIRI_copia.webp,,,,,,,,,,,,"{'idExpansion': 6, 'nombreExpansion': 'ANCESTROS', 'fechaLanzamiento': '2024-11-19T03:36:06.000+00:00', 'visibilidad': True}","{'idTipo': 28, 'nombreTipo': 'UNIDAD'}",,"{'idSubTipo': 19, 'nombreSubTipo': 'ENANO'}",,,,"{'idRareza': 1, 'nombreRareza': 'PLATA'}",,"{'idRareza': 3, 'nombreRareza': 'ORO'}",FALSE,TRUE,FALSE,FALSE,FALSE,FALSE,FALSE,FALSE,FALSE,FALSE,FALSE,,,FALSE,FALSE,FALSE,FALSE,FALSE,FALSE,FALSE,FALSE,FALSE,,FALSE,FALSE,FALSE,FALSE,TRUE,TRUE,TRUE,TRUE,TRUE,TRUE,TRUE,TRUE,TRUE,,,,,,,,,,,,
515,HEROE DE LA TROPA,,1/9,1,FALSE,,Agrupar.,1,FALSE,,2,2,,,https://i.postimg.cc/P5WzF14Y/HEROE_DE_LA_TROPA_copia.webp,,,,,,,,,,,"Al atacar, puedes mover a la Zona de Combate unidades aliadas del mismo subtipo que esta, que puedan atacar, para sumar sus fuerzas a la de esta unidad hasta el final del turno.","{'idExpansion': 6, 'nombreExpansion': 'ANCESTROS', 'fechaLanzamiento': '2024-11-19T03:36:06.000+00:00', 'visibilidad': True}","{'idTipo': 28, 'nombreTipo': 'UNIDAD'}",,"{'idSubTipo': 19, 'nombreSubTipo': 'ENANO'}",,,,"{'idRareza': 2, 'nombreRareza': 'BRONCE'}",,"{'idRareza': 1, 'nombreRareza': 'PLATA'}",FALSE,TRUE,FALSE,FALSE,FALSE,FALSE,FALSE,FALSE,FALSE,FALSE,FALSE,,,FALSE,FALSE,FALSE,FALSE,FALSE,FALSE,FALSE,FALSE,FALSE,,FALSE,FALSE,FALSE,FALSE,TRUE,TRUE,TRUE,TRUE,TRUE,TRUE,TRUE,TRUE,FALSE,,,,,,,,,,,,
321,HEROINA SIN NOMBRE,,9/9,3.25,FALSE,,"Resguardo: 1 Oro. Cuesta 1 oro menos por cada soldado que atacó este turno. El coste no puede ser menor que 1. Aparición en juego: Gana Indestructible hasta el final del turno, luego lucha contra la unidad rival objetivo.",8,FALSE,,5,5,,,https://i.postimg.cc/XJY49Hnh/HEROINA-SIN-NOMBRE-copia.webp,https://i.postimg.cc/ydSTmmx1/METAL-HEROINA-SIN-NOMBRE.png,,,,,,,,,,,"{'idExpansion': 5, 'nombreExpansion': 'IMPERIO', 'fechaLanzamiento': '2024-07-04T19:48:17.000+00:00', 'visibilidad': True}","{'idTipo': 28, 'nombreTipo': 'UNIDAD'}",,"{'idSubTipo': 2, 'nombreSubTipo': 'SOLDADO'}",,,,"{'idRareza': 2, 'nombreRareza': 'BRONCE'}",,"{'idRareza': 2, 'nombreRareza': 'BRONCE'}",FALSE,TRUE,FALSE,FALSE,FALSE,FALSE,TRUE,FALSE,FALSE,FALSE,FALSE,,,FALSE,FALSE,FALSE,FALSE,FALSE,FALSE,FALSE,FALSE,FALSE,,TRUE,FALSE,FALSE,FALSE,FALSE,FALSE,FALSE,FALSE,FALSE,FALSE,FALSE,FALSE,FALSE,,,,,,,,,,,,
27,HERRERO DE BATALLA,,1/9,1,FALSE,,"Siempre que otro soldado entre al campo de batalla bajo tu control, esa unidad gana un contador +1/+1. ",2,FALSE,,1,2,,,https://i.postimg.cc/wvhzD2M2/HERRERO-DE-BATALLA.webp,https://i.postimg.cc/VLZPwXTj/hererro-de-batalla-copia-108.jpg,https://i.postimg.cc/Vk3yrmzv/Mesa-de-trabajo-36-200x.png,https://i.postimg.cc/TYsmBz25/herrero-as.jpg,https://i.postimg.cc/wT1R5w5q/herrero.jpg,,,,,,,,"{'idExpansion': 2, 'nombreExpansion': 'FUNDAMENTOS', 'fechaLanzamiento': '2024-05-26T04:08:58.000+00:00', 'visibilidad': True}","{'idTipo': 28, 'nombreTipo': 'UNIDAD'}",,"{'idSubTipo': 2, 'nombreSubTipo': 'SOLDADO'}",,,,"{'idRareza': 1, 'nombreRareza': 'PLATA'}",,"{'idRareza': 2, 'nombreRareza': 'BRONCE'}",FALSE,TRUE,FALSE,FALSE,FALSE,FALSE,FALSE,FALSE,FALSE,FALSE,FALSE,,,FALSE,FALSE,FALSE,FALSE,FALSE,FALSE,FALSE,FALSE,FALSE,,FALSE,FALSE,FALSE,FALSE,TRUE,TRUE,TRUE,TRUE,TRUE,TRUE,TRUE,TRUE,FALSE,,,,,,,,,,,,
160,HUEVO DE DRAGON,,0/9,2.15,TRUE,,"Al inicio de tu turno, puedes poner un contador de incubación sobre este tesoro. Cuando tenga 3 contadores de incubación, destruyelo y crea una ficha dragón 3/3 con Evasión y Frenesí y ""Cuando muere, mezcla una carta llamada Huevo de dragón de tu Descarte en tu Bóveda"".",2,FALSE,2,,,,,https://i.postimg.cc/Hxzjv9dT/HUEVO-DE-DRAGON-copia.jpg,https://i.postimg.cc/d3wY6CTY/HUEVO-DE-DRAGON.webp,,,,,,,,,,"El efecto de Cuando tenga 3 contadores puede cancelarse y el tesoro no se destruye.  Si cuando va a colocar el 3°, el tesoro es agotado, no podrá disparar el otro efecto ya que se considera sin efectos. Si se cancela el segundo trigger, al principio del siguiente turno se puede elegir no colocar el cuarto contador, para chequear nuevamente que tiene 3 y así volver a disparar el trigger de crear la ficha.","{'idExpansion': 3, 'nombreExpansion': 'PACTO SECRETO', 'fechaLanzamiento': '2024-05-26T04:09:09.000+00:00', 'visibilidad': True}","{'idTipo': 6, 'nombreTipo': 'TESORO'}",,,,,,"{'idRareza': 3, 'nombreRareza': 'ORO'}",,"{'idRareza': 1, 'nombreRareza': 'PLATA'}",FALSE,TRUE,FALSE,FALSE,FALSE,FALSE,FALSE,FALSE,FALSE,FALSE,FALSE,,,TRUE,FALSE,FALSE,FALSE,FALSE,FALSE,FALSE,FALSE,FALSE,,FALSE,TRUE,FALSE,FALSE,TRUE,TRUE,TRUE,TRUE,TRUE,TRUE,TRUE,TRUE,TRUE,,,,,,,,,,,,
245,HUEVOS DE PANTANO,,0/9,1,TRUE,,"Al inicio de tu turno, puedes poner un contador de incubación sobre este tesoro. Cuando tenga tres, destrúyelo y crea dos fichas de insecto 3/2.",1,FALSE,1,,,,,https://i.postimg.cc/FKkTqvjF/HUEVOS_DE_PANTANO_COPIA.webp,https://i.postimg.cc/hPVLQzwH/HUEVOS-DE-PANTANO-copia.jpg,,,,,,,,,,"Si el efecto disparado de ""cuando tres contadores..."" fuera cancelado (y por lo tanto no pudo crearse las ficha ni destruirse el tesoro), al siguiente turno es posible elegir no colocar el cuarto contador, por lo que se hará un chequeo nuevamente de que tiene tres contadores, por lo que volverá a disparar para crear las fichas y destruir el tesoro.","{'idExpansion': 4, 'nombreExpansion': 'TRONO COMPARTIDO', 'fechaLanzamiento': '2024-05-26T04:09:14.000+00:00', 'visibilidad': True}","{'idTipo': 6, 'nombreTipo': 'TESORO'}",,,,,,"{'idRareza': 1, 'nombreRareza': 'PLATA'}",,"{'idRareza': 4, 'nombreRareza': 'DIAMANTE'}",FALSE,FALSE,FALSE,FALSE,FALSE,FALSE,FALSE,FALSE,FALSE,FALSE,FALSE,,,FALSE,FALSE,FALSE,FALSE,FALSE,FALSE,FALSE,FALSE,FALSE,,FALSE,TRUE,FALSE,FALSE,TRUE,TRUE,TRUE,TRUE,TRUE,TRUE,TRUE,TRUE,TRUE,,,,,,,,,,,,
516,HUSCARLE IMPARABLE,,7/9,1.25,FALSE,,"Agrupar. Frenesí. Mientras tenga 7 de fuerza o más, gana Arrollar.",4,FALSE,,1,4,,"Creerás que estoy solo, pero decenas de los mios están siempre conmigo en la batalla.",https://i.postimg.cc/25CFp3cJ/HUSCARLE_IMPARABLE_copia.webp,,,,,,,,,,,,"{'idExpansion': 6, 'nombreExpansion': 'ANCESTROS', 'fechaLanzamiento': '2024-11-19T03:36:06.000+00:00', 'visibilidad': True}","{'idTipo': 28, 'nombreTipo': 'UNIDAD'}",,"{'idSubTipo': 19, 'nombreSubTipo': 'ENANO'}",,,,"{'idRareza': 2, 'nombreRareza': 'BRONCE'}",,"{'idRareza': 2, 'nombreRareza': 'BRONCE'}",FALSE,TRUE,FALSE,FALSE,FALSE,FALSE,FALSE,FALSE,FALSE,FALSE,FALSE,,,FALSE,FALSE,FALSE,FALSE,FALSE,TRUE,FALSE,FALSE,FALSE,,FALSE,FALSE,FALSE,FALSE,TRUE,FALSE,FALSE,TRUE,FALSE,FALSE,FALSE,FALSE,FALSE,,,,,,,,,,,,
378,IMPLACABLE ASESINO FUGAZ,,5/9,2,FALSE,,"Frenesí. Temible. Gana +1/+1 por cada arma equipada a esta unidad. Siempre que esta unidad destruya una unidad rival en combate, hace 2 daños a cada oponente.",4,FALSE,3,4,3,,,https://i.postimg.cc/DZpF6rZz/IMPLACABLE-ASESINO-FUGAZ-copia.webp,,,,,,,,,,,,"{'idExpansion': 5, 'nombreExpansion': 'IMPERIO', 'fechaLanzamiento': '2024-07-04T19:48:17.000+00:00', 'visibilidad': True}","{'idTipo': 28, 'nombreTipo': 'UNIDAD'}",,"{'idSubTipo': 6, 'nombreSubTipo': 'DESERTOR'}",,,,"{'idRareza': 2, 'nombreRareza': 'BRONCE'}",,"{'idRareza': 3, 'nombreRareza': 'ORO'}",TRUE,TRUE,FALSE,FALSE,FALSE,FALSE,FALSE,FALSE,FALSE,FALSE,FALSE,,,FALSE,FALSE,FALSE,FALSE,FALSE,FALSE,FALSE,FALSE,FALSE,,FALSE,FALSE,FALSE,FALSE,FALSE,TRUE,TRUE,TRUE,FALSE,FALSE,TRUE,FALSE,FALSE,,,,,,,,,,,,
246,INCUBADORA ASESINA,,8/9,1,FALSE,,"Envenena. Aparición en juego: Crea dos fichas insecto 1/1 con ""Derrotado: Envenena la unidad objetivo"".",4,FALSE,,4,4,,,https://i.postimg.cc/sxsKvZb1/INCUBADORA_ASESINA_COPIA.webp,https://i.postimg.cc/wB4LYhys/INCUBADORA-ASESINA-copia.jpg,,,,,,,,,,,"{'idExpansion': 4, 'nombreExpansion': 'TRONO COMPARTIDO', 'fechaLanzamiento': '2024-05-26T04:09:14.000+00:00', 'visibilidad': True}","{'idTipo': 28, 'nombreTipo': 'UNIDAD'}",,"{'idSubTipo': 16, 'nombreSubTipo': 'INSECTO'}",,,,"{'idRareza': 1, 'nombreRareza': 'PLATA'}",,"{'idRareza': 2, 'nombreRareza': 'BRONCE'}",FALSE,TRUE,FALSE,FALSE,FALSE,FALSE,FALSE,FALSE,FALSE,FALSE,FALSE,,,FALSE,FALSE,FALSE,FALSE,FALSE,FALSE,FALSE,FALSE,FALSE,,FALSE,FALSE,FALSE,FALSE,FALSE,FALSE,FALSE,TRUE,FALSE,FALSE,FALSE,FALSE,FALSE,,,,,,,,,,,,
247,INCUBADORA DEL ENJAMBRE,,1/9,0.5,TRUE,,"Los otros insectos aliados ganan +1/+0. Siempre que un insecto aliado que no sea ficha muera, crea una ficha insecto 1/1 con ""Derrotado: Envenena la unidad objetivo"".",3,FALSE,,2,2,,,https://i.postimg.cc/KjffL8yf/INCUBADORA_DEL_ENJAMBRE_COPIA.webp,https://i.postimg.cc/PJt36r1L/incubadora-del-enjambre.webp,https://i.postimg.cc/tJ033Bm9/ethernal-incubadora-del-enjambre.webp,https://i.postimg.cc/pT98Wpzc/INCUBADORA-DEL-ENJAMBRE-copia.jpg,,,,,,,,,"{'idExpansion': 4, 'nombreExpansion': 'TRONO COMPARTIDO', 'fechaLanzamiento': '2024-05-26T04:09:14.000+00:00', 'visibilidad': True}","{'idTipo': 28, 'nombreTipo': 'UNIDAD'}",,"{'idSubTipo': 16, 'nombreSubTipo': 'INSECTO'}",,"{'idSubTipo': 13, 'nombreSubTipo': 'REALEZA'}",,"{'idRareza': 4, 'nombreRareza': 'DIAMANTE'}",,"{'idRareza': 2, 'nombreRareza': 'BRONCE'}",FALSE,TRUE,FALSE,FALSE,FALSE,FALSE,FALSE,FALSE,FALSE,FALSE,FALSE,,,FALSE,FALSE,FALSE,FALSE,FALSE,FALSE,TRUE,FALSE,FALSE,,FALSE,FALSE,FALSE,FALSE,TRUE,TRUE,TRUE,TRUE,TRUE,TRUE,TRUE,TRUE,FALSE,,,,,,,,,,,,
358,INSPIRACION DEL EMPERADOR,,1/9,2,FALSE,,Los soldados aliados ganan Guardián hasta el final del turno y un contador +1/+1. Las unidades rivales deben bloquear este turno.,4,FALSE,,2,2,,,https://i.postimg.cc/L5qSbJY3/INSPIRACION-DEL-EMPERADOR-copia.webp,,,,,,,,,,,,"{'idExpansion': 5, 'nombreExpansion': 'IMPERIO', 'fechaLanzamiento': '2024-07-04T19:48:17.000+00:00', 'visibilidad': True}","{'idTipo': 1, 'nombreTipo': 'ACCION'}",,"{'idSubTipo': 14, 'nombreSubTipo': 'COMUN'}","{'idSubTipo': 2, 'nombreSubTipo': 'SOLDADO'}",,,"{'idRareza': 2, 'nombreRareza': 'BRONCE'}",,"{'idRareza': 1, 'nombreRareza': 'PLATA'}",FALSE,TRUE,FALSE,TRUE,FALSE,FALSE,FALSE,FALSE,FALSE,FALSE,FALSE,,,FALSE,FALSE,FALSE,FALSE,FALSE,FALSE,FALSE,FALSE,FALSE,,FALSE,FALSE,FALSE,FALSE,TRUE,TRUE,TRUE,TRUE,TRUE,TRUE,TRUE,TRUE,FALSE,,,,,,,,,,,,
344,INSPIRADOR DE LAS TROPAS,,1/9,2,FALSE,,"Apoyo. Resguardo: 1 oro. Siempre que otro soldado aliado ataque, esa unidad gana +1/+1 hasta el final del turno.",3,FALSE,,2,2,,,https://i.postimg.cc/0jLvR97R/INSPIRADOR-DE-LAS-TROPAS-copia.webp,,,,,,,,,,,,"{'idExpansion': 5, 'nombreExpansion': 'IMPERIO', 'fechaLanzamiento': '2024-07-04T19:48:17.000+00:00', 'visibilidad': True}","{'idTipo': 28, 'nombreTipo': 'UNIDAD'}",,"{'idSubTipo': 2, 'nombreSubTipo': 'SOLDADO'}",,,,"{'idRareza': 3, 'nombreRareza': 'ORO'}",,"{'idRareza': 1, 'nombreRareza': 'PLATA'}",FALSE,TRUE,FALSE,FALSE,FALSE,FALSE,FALSE,FALSE,FALSE,FALSE,FALSE,,,FALSE,FALSE,FALSE,FALSE,FALSE,FALSE,FALSE,FALSE,FALSE,,TRUE,FALSE,FALSE,FALSE,TRUE,TRUE,TRUE,TRUE,TRUE,TRUE,TRUE,TRUE,FALSE,,,,,,,,,,,,
248,INSTIGADOR DE LA MORAL,,4/9,2,FALSE,,Guardián. Aparición en juego: El monje objetivo gana un contador +1/+1.,2,FALSE,,1,3,,,https://i.postimg.cc/C1jmh4PW/INSTIGADOR_DE_LA_MORAL_COPIA.webp,,,,,,,,,,,,"{'idExpansion': 4, 'nombreExpansion': 'TRONO COMPARTIDO', 'fechaLanzamiento': '2024-05-26T04:09:14.000+00:00', 'visibilidad': True}","{'idTipo': 28, 'nombreTipo': 'UNIDAD'}",,"{'idSubTipo': 17, 'nombreSubTipo': 'MONJE'}",,,,"{'idRareza': 2, 'nombreRareza': 'BRONCE'}",,"{'idRareza': 1, 'nombreRareza': 'PLATA'}",FALSE,TRUE,FALSE,TRUE,FALSE,FALSE,FALSE,FALSE,FALSE,FALSE,FALSE,,,FALSE,FALSE,FALSE,FALSE,FALSE,FALSE,FALSE,FALSE,FALSE,,FALSE,FALSE,FALSE,FALSE,TRUE,TRUE,TRUE,TRUE,FALSE,FALSE,TRUE,FALSE,FALSE,,,,,,,,,,,,
322,INSTIGADOR IMPERIAL,,4/9,2,FALSE,,Guardián. Aparición en juego: La unidad rival objetivo debe bloquear este turno.,2,FALSE,,3,3,,,https://i.postimg.cc/J4km3BW1/INSTIGADOR-IMPERIAL-copia.webp,,,,,,,,,,,,"{'idExpansion': 5, 'nombreExpansion': 'IMPERIO', 'fechaLanzamiento': '2024-07-04T19:48:17.000+00:00', 'visibilidad': True}","{'idTipo': 28, 'nombreTipo': 'UNIDAD'}",,"{'idSubTipo': 2, 'nombreSubTipo': 'SOLDADO'}",,,,"{'idRareza': 2, 'nombreRareza': 'BRONCE'}",,"{'idRareza': 1, 'nombreRareza': 'PLATA'}",FALSE,TRUE,FALSE,TRUE,FALSE,FALSE,FALSE,FALSE,FALSE,FALSE,FALSE,,,FALSE,FALSE,FALSE,FALSE,FALSE,FALSE,FALSE,FALSE,FALSE,,FALSE,FALSE,FALSE,FALSE,TRUE,TRUE,TRUE,TRUE,FALSE,FALSE,TRUE,FALSE,FALSE,,,,,,,,,,,,
345,INSTRUCTOR DE FUTURAS TROPAS,,4/9,2,FALSE,,"Aparición en juego: Reparte dos contadores +1/+1 entre los otros soldados aliados. Siempre que uno o más soldados aliados no ficha ataquen, puedes descartar una carta. Si lo haces, roba una carta.",4,FALSE,,3,3,,,https://i.postimg.cc/kgPCTXnW/INSTRUCTOR-DE-FUTURAS-TROPAS-copia.webp,,,,,,,,,,,,"{'idExpansion': 5, 'nombreExpansion': 'IMPERIO', 'fechaLanzamiento': '2024-07-04T19:48:17.000+00:00', 'visibilidad': True}","{'idTipo': 28, 'nombreTipo': 'UNIDAD'}",,"{'idSubTipo': 2, 'nombreSubTipo': 'SOLDADO'}",,,,"{'idRareza': 1, 'nombreRareza': 'PLATA'}",,"{'idRareza': 2, 'nombreRareza': 'BRONCE'}",FALSE,TRUE,FALSE,FALSE,FALSE,FALSE,FALSE,FALSE,FALSE,FALSE,TRUE,,,FALSE,FALSE,FALSE,FALSE,FALSE,FALSE,FALSE,FALSE,FALSE,,FALSE,FALSE,FALSE,FALSE,TRUE,TRUE,TRUE,TRUE,FALSE,FALSE,TRUE,FALSE,FALSE,,,,,,,,,,,,
423,INSTRUCTOR DE LA DESTRUCCION,,2/9,2.15,FALSE,,Evasión. Sorpresivo. Resguardo: 2 de oro. Cuesta 1 menos por la cantidad de Predicción que has hecho este turno. Aparición en juego: Hace 2 daños a cada unidad no mago.,7,FALSE,,4,2,,,https://i.postimg.cc/rp8kLnRm/INSTRUCTOR-DE-LA-DESTRUCCION-copia.webp,,,,,,,,,,,,"{'idExpansion': 5, 'nombreExpansion': 'IMPERIO', 'fechaLanzamiento': '2024-07-04T19:48:17.000+00:00', 'visibilidad': True}","{'idTipo': 28, 'nombreTipo': 'UNIDAD'}",,"{'idSubTipo': 7, 'nombreSubTipo': 'MAGO'}",,,,"{'idRareza': 1, 'nombreRareza': 'PLATA'}",,"{'idRareza': 2, 'nombreRareza': 'BRONCE'}",FALSE,TRUE,FALSE,FALSE,FALSE,FALSE,FALSE,FALSE,FALSE,FALSE,FALSE,,,TRUE,FALSE,FALSE,FALSE,FALSE,FALSE,FALSE,FALSE,FALSE,,TRUE,FALSE,FALSE,FALSE,FALSE,TRUE,TRUE,TRUE,TRUE,TRUE,TRUE,TRUE,FALSE,,,,,,,,,,,,
323,INSTRUCTOR DE LEVITACION,,1/9,1.15,FALSE,,"Evasión. Aparición en juego: Mira la primera carta de tu Reino y puedes mostrarla. Siempre que muestres una carta de coste 4 o más por este efecto, hace 5 daños a la unidad rival objetivo.",3,FALSE,,2,2,,,https://i.postimg.cc/DzBKfr1c/INSTRUCTOR-DE-LEVITACION-copia.webp,,,,,,,,,,,,"{'idExpansion': 5, 'nombreExpansion': 'IMPERIO', 'fechaLanzamiento': '2024-07-04T19:48:17.000+00:00', 'visibilidad': True}","{'idTipo': 28, 'nombreTipo': 'UNIDAD'}",,"{'idSubTipo': 7, 'nombreSubTipo': 'MAGO'}",,,,"{'idRareza': 1, 'nombreRareza': 'PLATA'}",,"{'idRareza': 5, 'nombreRareza': 'ESMERALDA'}",FALSE,TRUE,FALSE,FALSE,FALSE,FALSE,FALSE,FALSE,FALSE,FALSE,FALSE,,,TRUE,FALSE,FALSE,FALSE,FALSE,FALSE,FALSE,FALSE,FALSE,,FALSE,FALSE,FALSE,FALSE,TRUE,TRUE,TRUE,TRUE,TRUE,TRUE,TRUE,TRUE,FALSE,,,,,,,,,,,,
249,INSTRUCTOR DE NOVICIOS,,4/9,2,FALSE,,Aparición en juego: Crea una ficha monje 1/1 con Curar.,2,FALSE,,2,3,,,https://i.postimg.cc/xj3tBtbm/INSTRUCTOR_NOVICIOS_COPIA.webp,,,,,,,,,,,,"{'idExpansion': 4, 'nombreExpansion': 'TRONO COMPARTIDO', 'fechaLanzamiento': '2024-05-26T04:09:14.000+00:00', 'visibilidad': True}","{'idTipo': 28, 'nombreTipo': 'UNIDAD'}",,"{'idSubTipo': 17, 'nombreSubTipo': 'MONJE'}",,,,"{'idRareza': 1, 'nombreRareza': 'PLATA'}",,"{'idRareza': 2, 'nombreRareza': 'BRONCE'}",FALSE,TRUE,FALSE,FALSE,FALSE,FALSE,FALSE,TRUE,FALSE,FALSE,FALSE,,,FALSE,FALSE,FALSE,FALSE,FALSE,FALSE,FALSE,FALSE,FALSE,,FALSE,FALSE,FALSE,FALSE,TRUE,TRUE,TRUE,TRUE,FALSE,FALSE,TRUE,FALSE,FALSE,,,,,,,,,,,,
28,INVIERNO ATROZ,,0/9,0,TRUE,,Agotar: Las unidades del jugador objetivo ganan -1/-0 hasta el final del turno.,3,FALSE,3,,,,,https://i.postimg.cc/hvsq5G97/INVIERNO-ATROZ.webp,https://i.postimg.cc/bvTTX9VP/Mesa-de-trabajo-37-200x.png,https://i.postimg.cc/bJwRqS4t/Mesa-de-trabajo-38-200x.png,https://i.postimg.cc/zDtRRsg2/invierno-full-art.jpg,,,,,,,,,"{'idExpansion': 2, 'nombreExpansion': 'FUNDAMENTOS', 'fechaLanzamiento': '2024-05-26T04:08:58.000+00:00', 'visibilidad': True}","{'idTipo': 6, 'nombreTipo': 'TESORO'}",,,,,,"{'idRareza': 2, 'nombreRareza': 'BRONCE'}",,"{'idRareza': 1, 'nombreRareza': 'PLATA'}",FALSE,FALSE,FALSE,FALSE,FALSE,FALSE,FALSE,FALSE,FALSE,FALSE,FALSE,,,FALSE,FALSE,FALSE,FALSE,FALSE,FALSE,FALSE,FALSE,FALSE,,FALSE,FALSE,FALSE,FALSE,TRUE,TRUE,TRUE,TRUE,TRUE,TRUE,TRUE,TRUE,TRUE,,,,,,,,,,,,
414,INVOCACION DE LA TORMENTA,,0/9,0.15,TRUE,,Hace 2 daños a cada unidad. Hasta una unidad objetivo gana Evasión hasta el final del turno.,2,FALSE,,,,,,https://i.postimg.cc/zBvYyyjY/INVOCACION_DE_LA_TORMENTA_copia.webp,https://i.postimg.cc/FKwf3wSc/FULL-ART-INVOCACION-DE-LA-TORMENTA.webp,,,,,,,,,,,"{'idExpansion': 5, 'nombreExpansion': 'IMPERIO', 'fechaLanzamiento': '2024-07-04T19:48:17.000+00:00', 'visibilidad': True}","{'idTipo': 1, 'nombreTipo': 'ACCION'}",,"{'idSubTipo': 14, 'nombreSubTipo': 'COMUN'}","{'idSubTipo': 7, 'nombreSubTipo': 'MAGO'}",,,"{'idRareza': 2, 'nombreRareza': 'BRONCE'}",,"{'idRareza': 1, 'nombreRareza': 'PLATA'}",FALSE,FALSE,FALSE,FALSE,FALSE,FALSE,FALSE,FALSE,FALSE,FALSE,FALSE,,,TRUE,FALSE,FALSE,FALSE,FALSE,FALSE,FALSE,FALSE,FALSE,,FALSE,FALSE,FALSE,FALSE,TRUE,TRUE,TRUE,TRUE,TRUE,TRUE,TRUE,TRUE,TRUE,,,,,,,,,,,,
126,"IRIS, ECOS ETERNOS",,8/9,1.5,TRUE,,"Renacer 4. Sorpresivo. Aparición en juego: Interrumpe la orden de unidad objetivo.  Los oponentes no pueden buscar cartas a menos que paguen 4 vidas. Al principio de tu turno, pierdes 2 vidas.",3,TRUE,,4,6,,,https://i.postimg.cc/PrvYKsMD/IRIS-ECOS-ETERNOS-copia.jpg,https://i.postimg.cc/qRX5S5hv/ethernaliris.webp,https://i.postimg.cc/L8wF7wZv/IRIS-ECOS-ETERNOS.webp,,,,,,,,,LA CARTA ESTÁ PROHIBIDA EN FORMATO DOMINACIÓN.,"{'idExpansion': 3, 'nombreExpansion': 'PACTO SECRETO', 'fechaLanzamiento': '2024-05-26T04:09:09.000+00:00', 'visibilidad': True}","{'idTipo': 28, 'nombreTipo': 'UNIDAD'}",,"{'idSubTipo': 11, 'nombreSubTipo': 'ETERNO'}","{'idSubTipo': 11, 'nombreSubTipo': 'ETERNO'}","{'idSubTipo': 13, 'nombreSubTipo': 'REALEZA'}",,"{'idRareza': 5, 'nombreRareza': 'ESMERALDA'}",,"{'idRareza': 1, 'nombreRareza': 'PLATA'}",FALSE,TRUE,FALSE,FALSE,FALSE,TRUE,FALSE,FALSE,FALSE,FALSE,FALSE,,,FALSE,FALSE,FALSE,FALSE,FALSE,FALSE,TRUE,FALSE,FALSE,,FALSE,FALSE,FALSE,FALSE,FALSE,FALSE,FALSE,TRUE,FALSE,FALSE,FALSE,FALSE,FALSE,,,,,,,,,,,,
63,JAULA DE PAJAROS,,0/9,0.15,FALSE,,Las unidades pierden la habilidad de Evasión hasta el final del turno.,1,FALSE,,,,,,https://i.postimg.cc/DwVsMjCM/JAULA-DE-PAJAROS-copia.jpg,https://i.postimg.cc/J75mnp94/JAULA-DE-PAJAROS.webp,,,,,,,,,,,"{'idExpansion': 3, 'nombreExpansion': 'PACTO SECRETO', 'fechaLanzamiento': '2024-05-26T04:09:09.000+00:00', 'visibilidad': True}","{'idTipo': 1, 'nombreTipo': 'ACCION'}",,,,"{'idSubTipo': 12, 'nombreSubTipo': 'RAPIDA'}",,"{'idRareza': 2, 'nombreRareza': 'BRONCE'}",,"{'idRareza': 1, 'nombreRareza': 'PLATA'}",FALSE,FALSE,FALSE,FALSE,FALSE,FALSE,FALSE,FALSE,FALSE,FALSE,FALSE,,,TRUE,FALSE,FALSE,FALSE,FALSE,FALSE,FALSE,FALSE,FALSE,,FALSE,FALSE,FALSE,FALSE,TRUE,TRUE,TRUE,TRUE,TRUE,TRUE,TRUE,TRUE,TRUE,,,,,,,,,,,,
146,"JAV, LA TRAIDORA",,1/9,1,FALSE,,"Frenesí. Siempre que otra unidad con Frenesí entre al campo de batalla bajo tu control, esa unidad gana un contador +1/+1.",3,FALSE,,3,2,,,https://i.postimg.cc/W1MrLGCb/JAV-LA-TRAIDORA-copia.jpg,https://i.postimg.cc/QNSNxGyv/Full-art-Jav-la-traidora-copia.jpg,https://i.postimg.cc/qv9WSjZ2/jav.webp,https://i.postimg.cc/nLBNJB6g/jav-full-art.webp,https://i.postimg.cc/MKsS0v6C/JAV-LA-TRAIDORA.webp,,,,,,,"Si la unidad que entra al campo obtiene frenesí por el efecto estático de otra unidad (el caso por ejemplo de Rojo Fugaz), se considera que entra con frenesí, por lo tanto dispara el efecto de Jav.","{'idExpansion': 3, 'nombreExpansion': 'PACTO SECRETO', 'fechaLanzamiento': '2024-05-26T04:09:09.000+00:00', 'visibilidad': True}","{'idTipo': 28, 'nombreTipo': 'UNIDAD'}",,"{'idSubTipo': 2, 'nombreSubTipo': 'SOLDADO'}","{'idSubTipo': 6, 'nombreSubTipo': 'DESERTOR'}",,,"{'idRareza': 1, 'nombreRareza': 'PLATA'}",,"{'idRareza': 2, 'nombreRareza': 'BRONCE'}",FALSE,TRUE,FALSE,FALSE,FALSE,FALSE,FALSE,FALSE,FALSE,FALSE,FALSE,,,FALSE,FALSE,FALSE,FALSE,FALSE,FALSE,FALSE,FALSE,FALSE,,FALSE,FALSE,FALSE,FALSE,TRUE,TRUE,TRUE,TRUE,TRUE,TRUE,TRUE,TRUE,FALSE,,,,,,,,,,,,
346,JINETE DE BESTIAS,,4/9,2.25,FALSE,,"Aparición en juego: Lucha con la unidad rival objetivo. Siempre que gane un combate, crea una ficha soldado 1/1.",3,FALSE,,3,3,,,https://i.postimg.cc/Gts0j6VM/JINETE-DE-BESTIAS-copia.webp,https://i.postimg.cc/WzvhfrX1/FULL-ART-JINETE-DE-BESTIAS.webp,,,,,,,,,,,"{'idExpansion': 5, 'nombreExpansion': 'IMPERIO', 'fechaLanzamiento': '2024-07-04T19:48:17.000+00:00', 'visibilidad': True}","{'idTipo': 28, 'nombreTipo': 'UNIDAD'}",,"{'idSubTipo': 3, 'nombreSubTipo': 'ANIMAL'}","{'idSubTipo': 2, 'nombreSubTipo': 'SOLDADO'}",,,"{'idRareza': 1, 'nombreRareza': 'PLATA'}",,"{'idRareza': 2, 'nombreRareza': 'BRONCE'}",FALSE,TRUE,FALSE,FALSE,FALSE,FALSE,TRUE,FALSE,FALSE,FALSE,FALSE,,,FALSE,FALSE,FALSE,FALSE,FALSE,FALSE,FALSE,FALSE,FALSE,,FALSE,FALSE,FALSE,FALSE,TRUE,TRUE,TRUE,TRUE,FALSE,FALSE,TRUE,FALSE,FALSE,,,,,,,,,,,,
113,"JUDIT, LA CAUTIVA",,7/9,1,FALSE,,"Atracción. Siempre que reciba daño, hace esa misma cantidad de daño al jugador objetivo.",3,FALSE,,1,4,,,https://i.postimg.cc/pdRj29MQ/JUDIT-LA-CAUTIVA-copia.jpg,https://i.postimg.cc/pXVvnDHQ/JUDIT-LA-CAUTIVA.webp,,,,,,,,,,,"{'idExpansion': 3, 'nombreExpansion': 'PACTO SECRETO', 'fechaLanzamiento': '2024-05-26T04:09:09.000+00:00', 'visibilidad': True}","{'idTipo': 28, 'nombreTipo': 'UNIDAD'}",,"{'idSubTipo': 5, 'nombreSubTipo': 'BRUJA'}",,,,"{'idRareza': 1, 'nombreRareza': 'PLATA'}",,"{'idRareza': 3, 'nombreRareza': 'ORO'}",FALSE,TRUE,FALSE,FALSE,FALSE,FALSE,FALSE,FALSE,FALSE,FALSE,FALSE,,,FALSE,FALSE,FALSE,FALSE,FALSE,FALSE,FALSE,FALSE,FALSE,,FALSE,FALSE,FALSE,FALSE,TRUE,FALSE,FALSE,TRUE,FALSE,FALSE,FALSE,FALSE,FALSE,,,,,,,,,,,,
250,JUEZ DE LA CORTE DEL TEMPLO,,8/9,2.25,FALSE,,"Aparición en juego: Condena X otras unidades aliadas objetivo de coste 3 o menos, siendo X la cantidad de monjes aliados. Regresa esas unidades al campo al inicio de tu próxima fase final.",5,FALSE,,4,5,,,https://i.postimg.cc/hP4pnT95/JUEZ_DE_LA_CORTE_DEL_TEMPLO_COPIA.webp,,,,,,,,,,,El valor de X será la cantidad de monjes aliados al momento de disparar el efecto.,"{'idExpansion': 4, 'nombreExpansion': 'TRONO COMPARTIDO', 'fechaLanzamiento': '2024-05-26T04:09:14.000+00:00', 'visibilidad': True}","{'idTipo': 28, 'nombreTipo': 'UNIDAD'}",,"{'idSubTipo': 17, 'nombreSubTipo': 'MONJE'}",,,,"{'idRareza': 1, 'nombreRareza': 'PLATA'}",,"{'idRareza': 4, 'nombreRareza': 'DIAMANTE'}",FALSE,TRUE,FALSE,FALSE,FALSE,FALSE,TRUE,FALSE,FALSE,FALSE,FALSE,,,FALSE,FALSE,FALSE,FALSE,FALSE,FALSE,FALSE,FALSE,FALSE,,FALSE,FALSE,FALSE,FALSE,FALSE,FALSE,FALSE,TRUE,FALSE,FALSE,FALSE,FALSE,FALSE,,,,,,,,,,,,
251,JUEZ INJUSTO,,0/9,2.25,FALSE,,"Derrotado: Sentencia la unidad objetivo. (La unidad sentenciada gana ""Al comienzo de tu próxima fase final, destruye esta unidad"").",1,FALSE,,2,1,,,https://i.postimg.cc/YqX8C0Rq/JUEZ_INJUSTO_COPIA.webp,,,,,,,,,,,,"{'idExpansion': 4, 'nombreExpansion': 'TRONO COMPARTIDO', 'fechaLanzamiento': '2024-05-26T04:09:14.000+00:00', 'visibilidad': True}","{'idTipo': 28, 'nombreTipo': 'UNIDAD'}",,"{'idSubTipo': 15, 'nombreSubTipo': 'DEMONIO'}",,,,"{'idRareza': 2, 'nombreRareza': 'BRONCE'}",,"{'idRareza': 4, 'nombreRareza': 'DIAMANTE'}",FALSE,TRUE,FALSE,FALSE,FALSE,FALSE,TRUE,FALSE,FALSE,FALSE,FALSE,,,FALSE,FALSE,FALSE,FALSE,FALSE,FALSE,FALSE,FALSE,FALSE,,FALSE,FALSE,FALSE,FALSE,TRUE,TRUE,TRUE,TRUE,TRUE,TRUE,TRUE,TRUE,TRUE,,,,,,,,,,,,
517,"JUHAN, GENIO COMUNAL",,1/9,2,FALSE,,"Al inicio de tu fase final, elige 1 que no fue elegida aún: -Gana un contador +1/+1. -Roba una carta, luego descarta una carta. -Ganas 2 vidas.",1,FALSE,,1,2,,,"https://i.postimg.cc/W4Smsjx4/JUHAN,_GENIO_COMUNAL_copia.webp",,,,,,,,,,,,"{'idExpansion': 6, 'nombreExpansion': 'ANCESTROS', 'fechaLanzamiento': '2024-11-19T03:36:06.000+00:00', 'visibilidad': True}","{'idTipo': 28, 'nombreTipo': 'UNIDAD'}",,"{'idSubTipo': 20, 'nombreSubTipo': 'DJINN'}",,,,"{'idRareza': 2, 'nombreRareza': 'BRONCE'}",,"{'idRareza': 3, 'nombreRareza': 'ORO'}",FALSE,TRUE,FALSE,FALSE,FALSE,FALSE,FALSE,FALSE,FALSE,FALSE,TRUE,,,FALSE,FALSE,FALSE,FALSE,FALSE,FALSE,FALSE,FALSE,FALSE,,FALSE,FALSE,FALSE,FALSE,TRUE,TRUE,TRUE,TRUE,TRUE,TRUE,TRUE,TRUE,FALSE,,,,,,,,,,,,
518,"KAOL, MEDITANTE DE LA FUERZA",,4/9,3.5,FALSE,,"Resguardo: 1 de oro. Aparición en juego: Ganas 3 vidas. Siempre que ganes 3 o más vidas, las unidades aliadas ganan +1/+1 y Guardián hasta el final del turno. Dispara solo una vez por turno.",3,FALSE,,3,3,,,"https://i.postimg.cc/FRRyR8QV/KAOL,_MEDITANTE_DE_LA_FUERZA_copia.webp",,,,,,,,,,,,"{'idExpansion': 6, 'nombreExpansion': 'ANCESTROS', 'fechaLanzamiento': '2024-11-19T03:36:06.000+00:00', 'visibilidad': True}","{'idTipo': 28, 'nombreTipo': 'UNIDAD'}",,"{'idSubTipo': 17, 'nombreSubTipo': 'MONJE'}",,"{'idSubTipo': 13, 'nombreSubTipo': 'REALEZA'}",,"{'idRareza': 3, 'nombreRareza': 'ORO'}",,"{'idRareza': 5, 'nombreRareza': 'ESMERALDA'}",FALSE,TRUE,FALSE,TRUE,FALSE,FALSE,FALSE,FALSE,FALSE,FALSE,FALSE,,,FALSE,FALSE,FALSE,FALSE,FALSE,FALSE,TRUE,TRUE,FALSE,,TRUE,FALSE,FALSE,FALSE,TRUE,TRUE,TRUE,TRUE,FALSE,FALSE,TRUE,FALSE,FALSE,,,,,,,,,,,,
324,"KENDAL, CONSTRUCTOR DE EJERCITOS",,8/9,1.5,TRUE,,"Resguardo: 1 oro y haz 1 daño a una unidad aliada. Siempre que una o más unidades rivales reciban daño que no sea de combate, pon en el campo la carta de unidad desertor objetivo de coste 2 o menos de tu Descarte. Destruyela al final del turno. Esta habilidad dispara solo una vez por turno.",4,FALSE,,4,4,,,https://i.postimg.cc/jCVp3ZrR/KENDAL-CONSTRUCTOR-DE-EJERCITOS-copia.webp,,,,,,,,,,,,"{'idExpansion': 5, 'nombreExpansion': 'IMPERIO', 'fechaLanzamiento': '2024-07-04T19:48:17.000+00:00', 'visibilidad': True}","{'idTipo': 28, 'nombreTipo': 'UNIDAD'}",,"{'idSubTipo': 6, 'nombreSubTipo': 'DESERTOR'}",,"{'idSubTipo': 13, 'nombreSubTipo': 'REALEZA'}",,"{'idRareza': 4, 'nombreRareza': 'DIAMANTE'}",,"{'idRareza': 3, 'nombreRareza': 'ORO'}",FALSE,TRUE,FALSE,FALSE,FALSE,FALSE,FALSE,FALSE,FALSE,FALSE,FALSE,,,FALSE,FALSE,FALSE,FALSE,FALSE,FALSE,TRUE,FALSE,FALSE,,TRUE,FALSE,FALSE,FALSE,FALSE,FALSE,FALSE,TRUE,FALSE,FALSE,FALSE,FALSE,FALSE,,,,,,,,,,,,
106,"KENDAL, LIDER DEL SINDICATO ASESINO",,5/9,1,TRUE,,"Frenesí. Siempre que esta unidad ataque, crea una ficha desertor asesino 1/1 atacando.",3,FALSE,,4,3,,,https://i.postimg.cc/VNgC5Yzx/KENDAL-LIDER-DEL-SINDICATO-ASESINO-copia.jpg,https://i.postimg.cc/nzxgcMxz/kendal.webp,https://i.postimg.cc/SxJpgkjJ/KENDAL-LIDER-DEL-SINDICATO-ASESINO.webp,https://i.postimg.cc/bYkTd94L/METAL-KENDAL-LIDER-DEL-SINDICATO-ASESINO.png,,,,,,,,,"{'idExpansion': 3, 'nombreExpansion': 'PACTO SECRETO', 'fechaLanzamiento': '2024-05-26T04:09:09.000+00:00', 'visibilidad': True}","{'idTipo': 28, 'nombreTipo': 'UNIDAD'}",,"{'idSubTipo': 6, 'nombreSubTipo': 'DESERTOR'}",,,,"{'idRareza': 4, 'nombreRareza': 'DIAMANTE'}",,"{'idRareza': 3, 'nombreRareza': 'ORO'}",FALSE,TRUE,FALSE,FALSE,FALSE,FALSE,FALSE,FALSE,FALSE,FALSE,FALSE,,,FALSE,FALSE,FALSE,FALSE,FALSE,FALSE,FALSE,FALSE,FALSE,,FALSE,FALSE,FALSE,FALSE,FALSE,TRUE,TRUE,TRUE,FALSE,FALSE,TRUE,FALSE,FALSE,,,,,,,,,,,,
379,"KORNAN, MASCOTA DEL EMPERADOR",,4/9,1.75,FALSE,,Arrollar. Resguardo: 1 de oro. Aparición en juego y siempre que ataque: Los animales aliados ganan Apoyo hasta el final del turno.,4,FALSE,3,3,3,,,https://i.postimg.cc/bJ5ckqCD/KORNAN-MASCOTA-DEL-EMPERADOR-copia.webp,,,,,,,,,,,,"{'idExpansion': 5, 'nombreExpansion': 'IMPERIO', 'fechaLanzamiento': '2024-07-04T19:48:17.000+00:00', 'visibilidad': True}","{'idTipo': 28, 'nombreTipo': 'UNIDAD'}",,"{'idSubTipo': 3, 'nombreSubTipo': 'ANIMAL'}","{'idSubTipo': 2, 'nombreSubTipo': 'SOLDADO'}","{'idSubTipo': 13, 'nombreSubTipo': 'REALEZA'}",,"{'idRareza': 3, 'nombreRareza': 'ORO'}",,"{'idRareza': 2, 'nombreRareza': 'BRONCE'}",FALSE,TRUE,FALSE,FALSE,FALSE,FALSE,FALSE,FALSE,FALSE,FALSE,FALSE,,,FALSE,FALSE,FALSE,FALSE,FALSE,TRUE,TRUE,FALSE,FALSE,,TRUE,FALSE,FALSE,FALSE,TRUE,TRUE,TRUE,TRUE,FALSE,FALSE,TRUE,FALSE,FALSE,,,,,,,,,,,,
252,"KYLE, LEYENDA VIVIENTE",,1/9,1.75,FALSE,,"Si esta unidad fuera a dejar el campo, condénala en su lugar. Si lo haces, condena la unidad rival objetivo. Siempre que una unidad rival entre al campo desde el Averno, puedes pagar 4 oros. Si lo haces, regresa esta unidad del Averno al campo.",4,FALSE,,2,2,,,https://i.postimg.cc/ZKP3bxth/kyle.webp,,,,,,,,,,,"La habilidad disparará con ""Kyle, leyenda viviente"" en el Averno, sin importar de qué forma iba a dejar el campo originalmente (como destruir, reaparecer, volver a la mano).  Si esta unidad fuera objetivo de reaparecer, sería reemplazado por su habilidad, quedándose únicamente condenada.","{'idExpansion': 4, 'nombreExpansion': 'TRONO COMPARTIDO', 'fechaLanzamiento': '2024-05-26T04:09:14.000+00:00', 'visibilidad': True}","{'idTipo': 28, 'nombreTipo': 'UNIDAD'}",,"{'idSubTipo': 7, 'nombreSubTipo': 'MAGO'}","{'idSubTipo': 17, 'nombreSubTipo': 'MONJE'}","{'idSubTipo': 13, 'nombreSubTipo': 'REALEZA'}",,"{'idRareza': 5, 'nombreRareza': 'ESMERALDA'}",,"{'idRareza': 2, 'nombreRareza': 'BRONCE'}",FALSE,TRUE,FALSE,FALSE,FALSE,FALSE,TRUE,FALSE,FALSE,FALSE,FALSE,,,FALSE,FALSE,FALSE,FALSE,FALSE,FALSE,TRUE,FALSE,FALSE,,FALSE,FALSE,FALSE,FALSE,TRUE,TRUE,TRUE,TRUE,TRUE,TRUE,TRUE,TRUE,FALSE,,,,,,,,,,,,
564,LA ELECCION DE BALDUR,,4/9,1,TRUE,,Elige 1: -Los enanos aliados ganan un contador +1/+1. -Regresa la carta de unidad objetivo de fuerza 1 o menos de tu Descarte o Averno a tu mano.,2,FALSE,,1,3,,,https://i.postimg.cc/vBNW6hYF/LA_ELECCION_DE_BALDUR_copia.webp,,,,,,,,,,,,"{'idExpansion': 6, 'nombreExpansion': 'ANCESTROS', 'fechaLanzamiento': '2024-11-19T03:36:06.000+00:00', 'visibilidad': True}","{'idTipo': 1, 'nombreTipo': 'ACCION'}",,"{'idSubTipo': 19, 'nombreSubTipo': 'ENANO'}",,"{'idSubTipo': 12, 'nombreSubTipo': 'RAPIDA'}",,"{'idRareza': 2, 'nombreRareza': 'BRONCE'}",,"{'idRareza': 2, 'nombreRareza': 'BRONCE'}",FALSE,TRUE,FALSE,FALSE,FALSE,FALSE,FALSE,FALSE,FALSE,FALSE,FALSE,,,FALSE,FALSE,FALSE,FALSE,FALSE,FALSE,FALSE,FALSE,FALSE,,FALSE,FALSE,FALSE,FALSE,TRUE,TRUE,TRUE,TRUE,FALSE,FALSE,TRUE,FALSE,FALSE,,,,,,,,,,,,
133,LA SUBOFICIAL,,5/9,2,FALSE,,Frenesí. Hurto. Aparición en juego: Mira las primeras tres cartas de tu Reino. Puedes mostrar una carta de unidad pirata entre ellas y ponerla en tu mano. Pon el resto en el fondo.,4,FALSE,,4,3,,,https://i.postimg.cc/DZzbXtZ8/LA-SUBOFICIAL-copia.jpg,https://i.postimg.cc/B6G9ZFpK/LA-SUBOFICIAL.webp,,,,,,,,,,,"{'idExpansion': 3, 'nombreExpansion': 'PACTO SECRETO', 'fechaLanzamiento': '2024-05-26T04:09:09.000+00:00', 'visibilidad': True}","{'idTipo': 28, 'nombreTipo': 'UNIDAD'}",,"{'idSubTipo': 1, 'nombreSubTipo': 'PIRATA'}",,,,"{'idRareza': 3, 'nombreRareza': 'ORO'}",,"{'idRareza': 3, 'nombreRareza': 'ORO'}",FALSE,TRUE,FALSE,FALSE,FALSE,FALSE,FALSE,FALSE,FALSE,FALSE,FALSE,,,FALSE,FALSE,FALSE,FALSE,FALSE,FALSE,FALSE,FALSE,FALSE,,FALSE,FALSE,TRUE,FALSE,FALSE,TRUE,TRUE,TRUE,FALSE,FALSE,TRUE,FALSE,FALSE,,,,,,,,,,,,
519,LA TRIADA DE DESEOS,,4/9,3,FALSE,,"Cuando juegues esta orden, roba 3 cartas. Predicción Bóveda 3, luego revela un tesoro. Ganas 3 vidas.",7,FALSE,,3,3,,,https://i.postimg.cc/3N02jGNy/LA_TRIADA_DE_DESEOS_copia.webp,,,,,,,,,,,,"{'idExpansion': 6, 'nombreExpansion': 'ANCESTROS', 'fechaLanzamiento': '2024-11-19T03:36:06.000+00:00', 'visibilidad': True}","{'idTipo': 1, 'nombreTipo': 'ACCION'}",,"{'idSubTipo': 20, 'nombreSubTipo': 'DJINN'}",,"{'idSubTipo': 12, 'nombreSubTipo': 'RAPIDA'}",,"{'idRareza': 3, 'nombreRareza': 'ORO'}",,"{'idRareza': 2, 'nombreRareza': 'BRONCE'}",FALSE,TRUE,FALSE,FALSE,FALSE,FALSE,FALSE,FALSE,FALSE,FALSE,TRUE,,,FALSE,FALSE,FALSE,FALSE,FALSE,FALSE,FALSE,TRUE,FALSE,,FALSE,FALSE,FALSE,FALSE,TRUE,TRUE,TRUE,TRUE,FALSE,FALSE,TRUE,FALSE,FALSE,,,,,,,,,,,,
565,LAMPARA PERDIDA,,4/9,2.15,FALSE,,"Aparición en juego y ""4 de oro y Destruir"": Elige 2: -Crea una ficha djinn 2/3 con Evasión. -Roba una carta, luego descarta una carta. -Ganas 2 vidas.",2,FALSE,,1,3,,,https://i.postimg.cc/LhdLxsgx/LAMPARA_PERDIDA_copia.webp,,,,,,,,,,,La ficha djinn 2/3 tiene Evasión.,"{'idExpansion': 6, 'nombreExpansion': 'ANCESTROS', 'fechaLanzamiento': '2024-11-19T03:36:06.000+00:00', 'visibilidad': True}","{'idTipo': 17, 'nombreTipo': 'MONUMENTO'}",,"{'idSubTipo': 20, 'nombreSubTipo': 'DJINN'}",,,,"{'idRareza': 2, 'nombreRareza': 'BRONCE'}",,"{'idRareza': 3, 'nombreRareza': 'ORO'}",FALSE,TRUE,FALSE,FALSE,FALSE,FALSE,FALSE,FALSE,FALSE,FALSE,TRUE,,,TRUE,FALSE,FALSE,FALSE,FALSE,FALSE,FALSE,FALSE,FALSE,,FALSE,FALSE,FALSE,FALSE,TRUE,TRUE,TRUE,TRUE,FALSE,FALSE,TRUE,FALSE,FALSE,,,,,,,,,,,,
566,LAMPARA QUEBRADIZA,,1/9,1.15,FALSE,,Derrotado: Crea una ficha djinn 2/3 con Evasión.,1,FALSE,,0,2,,,https://i.postimg.cc/PfC7VF8D/LAMPARA_QUEBRADIZA_copia.webp,,,,,,,,,,,,"{'idExpansion': 6, 'nombreExpansion': 'ANCESTROS', 'fechaLanzamiento': '2024-11-19T03:36:06.000+00:00', 'visibilidad': True}","{'idTipo': 28, 'nombreTipo': 'UNIDAD'}",,"{'idSubTipo': 20, 'nombreSubTipo': 'DJINN'}",,,,"{'idRareza': 2, 'nombreRareza': 'BRONCE'}",,"{'idRareza': 3, 'nombreRareza': 'ORO'}",FALSE,TRUE,FALSE,FALSE,FALSE,FALSE,FALSE,FALSE,FALSE,FALSE,FALSE,,,TRUE,FALSE,FALSE,FALSE,FALSE,FALSE,FALSE,FALSE,FALSE,,FALSE,FALSE,FALSE,FALSE,TRUE,TRUE,TRUE,TRUE,TRUE,TRUE,TRUE,TRUE,FALSE,,,,,,,,,,,,
399,LANCERO VENGATIVO,,1/9,2.25,FALSE,,Derrotado: Destruye la unidad rival objetivo que recibió daño este turno.,1,FALSE,,1,2,,,https://i.postimg.cc/59HjGyMr/LANCERO-VENGATIVO-copia.webp,,,,,,,,,,,,"{'idExpansion': 5, 'nombreExpansion': 'IMPERIO', 'fechaLanzamiento': '2024-07-04T19:48:17.000+00:00', 'visibilidad': True}","{'idTipo': 28, 'nombreTipo': 'UNIDAD'}",,"{'idSubTipo': 6, 'nombreSubTipo': 'DESERTOR'}",,,,"{'idRareza': 2, 'nombreRareza': 'BRONCE'}",,"{'idRareza': 2, 'nombreRareza': 'BRONCE'}",FALSE,TRUE,FALSE,FALSE,FALSE,FALSE,TRUE,FALSE,FALSE,FALSE,FALSE,,,FALSE,FALSE,FALSE,FALSE,FALSE,FALSE,FALSE,FALSE,FALSE,,FALSE,FALSE,FALSE,FALSE,TRUE,TRUE,TRUE,TRUE,TRUE,TRUE,TRUE,TRUE,FALSE,,,,,,,,,,,,
253,LANGORPION,,1/9,2.25,FALSE,,Aparición en juego: Cada jugador destruye una unidad que controla.,3,FALSE,,3,2,,,https://i.postimg.cc/132HDdbk/LANGORPION_COPIA.webp,https://i.postimg.cc/nz6mCp1F/LANGORPION-copia.jpg,,,,,,,,,,Las unidades a destruir se eligen una vez la habilidad resuelve.,"{'idExpansion': 4, 'nombreExpansion': 'TRONO COMPARTIDO', 'fechaLanzamiento': '2024-05-26T04:09:14.000+00:00', 'visibilidad': True}","{'idTipo': 28, 'nombreTipo': 'UNIDAD'}",,"{'idSubTipo': 16, 'nombreSubTipo': 'INSECTO'}",,,,"{'idRareza': 2, 'nombreRareza': 'BRONCE'}",,"{'idRareza': 1, 'nombreRareza': 'PLATA'}",FALSE,TRUE,FALSE,FALSE,FALSE,FALSE,TRUE,FALSE,FALSE,FALSE,FALSE,,,FALSE,FALSE,FALSE,FALSE,FALSE,FALSE,FALSE,FALSE,FALSE,,FALSE,FALSE,FALSE,FALSE,TRUE,TRUE,TRUE,TRUE,TRUE,TRUE,TRUE,TRUE,FALSE,,,,,,,,,,,,
254,"LARIK, ENVIADA DE LA CORONA",,4/9,2,FALSE,,"Aparición en juego: Crea dos fichas monje 1/1 con Curar. Siempre que una o más fichas aliadas ataquen, pacifica la unidad objetivo.",4,FALSE,,3,3,,,https://i.postimg.cc/hjq15dDM/LARIK_ENVIADA_DE_LA_CORONA_COPIA.webp,https://i.postimg.cc/8k6M3VZc/larik.webp,,,,,,,,,,,"{'idExpansion': 4, 'nombreExpansion': 'TRONO COMPARTIDO', 'fechaLanzamiento': '2024-05-26T04:09:14.000+00:00', 'visibilidad': True}","{'idTipo': 28, 'nombreTipo': 'UNIDAD'}",,"{'idSubTipo': 2, 'nombreSubTipo': 'SOLDADO'}","{'idSubTipo': 17, 'nombreSubTipo': 'MONJE'}",,,"{'idRareza': 2, 'nombreRareza': 'BRONCE'}",,"{'idRareza': 1, 'nombreRareza': 'PLATA'}",FALSE,TRUE,FALSE,FALSE,FALSE,FALSE,FALSE,TRUE,FALSE,FALSE,FALSE,,,FALSE,FALSE,FALSE,FALSE,FALSE,FALSE,FALSE,FALSE,FALSE,,FALSE,FALSE,FALSE,FALSE,TRUE,TRUE,TRUE,TRUE,FALSE,FALSE,TRUE,FALSE,FALSE,,,,,,,,,,,,
151,LAS MINAS DE RAFET,,0/9,2,FALSE,,"Al principio de tu turno, erosiona y crea una ficha de tesoro con  “Agotar: Genera 1 de Oro y destruye este tesoro”. Erosión 2.",2,FALSE,,,,,,https://i.postimg.cc/B6wPcMLN/LAS-MINAS-DE-RAFET-copia.jpg,https://i.postimg.cc/rp42Lj1T/LAS-MINAS-DE-RAFET.webp,,,,,,,,,,,"{'idExpansion': 3, 'nombreExpansion': 'PACTO SECRETO', 'fechaLanzamiento': '2024-05-26T04:09:09.000+00:00', 'visibilidad': True}","{'idTipo': 17, 'nombreTipo': 'MONUMENTO'}",,,,,,"{'idRareza': 3, 'nombreRareza': 'ORO'}",,"{'idRareza': 1, 'nombreRareza': 'PLATA'}",FALSE,TRUE,FALSE,FALSE,FALSE,FALSE,FALSE,FALSE,FALSE,FALSE,FALSE,,,FALSE,FALSE,FALSE,FALSE,FALSE,FALSE,FALSE,FALSE,FALSE,,FALSE,TRUE,FALSE,FALSE,TRUE,TRUE,TRUE,TRUE,TRUE,TRUE,TRUE,TRUE,TRUE,,,,,,,,,,,,
520,LEYENDA DE LOS 7 VALIENTES,,4/9,1,FALSE,,"Crea siete fichas enano 1/1. Ganan +1/+0, Agrupar y Frenesí hasta el final del turno. Puedes buscar en tu Reino una carta llamada ""Catalina, primera arcana"" y ponerla en el tope.",7,FALSE,,3,3,,,https://i.postimg.cc/sfbNk9pN/LEYENDA_DE_LOS_7_VALIENTES_copia.webp,,,,,,,,,,,,"{'idExpansion': 6, 'nombreExpansion': 'ANCESTROS', 'fechaLanzamiento': '2024-11-19T03:36:06.000+00:00', 'visibilidad': True}","{'idTipo': 1, 'nombreTipo': 'ACCION'}",,"{'idSubTipo': 14, 'nombreSubTipo': 'COMUN'}","{'idSubTipo': 19, 'nombreSubTipo': 'ENANO'}",,,"{'idRareza': 2, 'nombreRareza': 'BRONCE'}",,"{'idRareza': 1, 'nombreRareza': 'PLATA'}",FALSE,TRUE,FALSE,FALSE,FALSE,FALSE,FALSE,FALSE,FALSE,FALSE,FALSE,,,FALSE,FALSE,FALSE,FALSE,FALSE,FALSE,FALSE,FALSE,FALSE,,FALSE,FALSE,FALSE,FALSE,TRUE,TRUE,TRUE,TRUE,FALSE,FALSE,TRUE,FALSE,FALSE,,,,,,,,,,,,
255,LIBROS DEL JUEZ INJUSTO,,0/9,0,FALSE,,Destruir: Sentencia la unidad objetivo.,2,FALSE,2,,,,Miles de nombres aparecen en las páginas del antiguo libro. ¿Qué cuentas pendientes tendrán con el sombrío demonio?,https://i.postimg.cc/tTtNQ47b/LIBROS_DEL_JUEZ_INJUSTO_COPIA.webp,https://i.postimg.cc/kGKbSzjx/LIBROS-DEL-JUEZ-INJUSTO-copia.jpg,,,,,,,,,,,"{'idExpansion': 4, 'nombreExpansion': 'TRONO COMPARTIDO', 'fechaLanzamiento': '2024-05-26T04:09:14.000+00:00', 'visibilidad': True}","{'idTipo': 6, 'nombreTipo': 'TESORO'}",,,,,,"{'idRareza': 3, 'nombreRareza': 'ORO'}",,"{'idRareza': 3, 'nombreRareza': 'ORO'}",FALSE,FALSE,FALSE,FALSE,FALSE,FALSE,FALSE,FALSE,FALSE,FALSE,FALSE,,,FALSE,FALSE,FALSE,FALSE,FALSE,FALSE,FALSE,FALSE,FALSE,,FALSE,FALSE,FALSE,FALSE,TRUE,TRUE,TRUE,TRUE,TRUE,TRUE,TRUE,TRUE,TRUE,,,,,,,,,,,,
256,LIDER DE LA MANADA,,4/9,2.25,TRUE,,"Ataca cada turno si puede. Siempre que ataque, lucha con la unidad rival objetivo, luego pierdes vidas igual al daño recibido de esta forma.",2,FALSE,,3,3,,,https://i.postimg.cc/T1dqRvWD/LIDER_DE_LA_MANADA_COPIA.webp,https://i.postimg.cc/fTQmQgPK/lider-de-la-manada.webp,https://i.postimg.cc/y6Z923Vk/LIDER-DE-LA-MANADA-copia.jpg,,,,,,,,,"Si algún efecto o habilidad no le permitiera atacar, no atacará. (ejemplo: pacificar por ataque)","{'idExpansion': 4, 'nombreExpansion': 'TRONO COMPARTIDO', 'fechaLanzamiento': '2024-05-26T04:09:14.000+00:00', 'visibilidad': True}","{'idTipo': 28, 'nombreTipo': 'UNIDAD'}",,"{'idSubTipo': 3, 'nombreSubTipo': 'ANIMAL'}",,,,"{'idRareza': 3, 'nombreRareza': 'ORO'}",,"{'idRareza': 4, 'nombreRareza': 'DIAMANTE'}",FALSE,TRUE,FALSE,FALSE,FALSE,FALSE,TRUE,FALSE,FALSE,FALSE,FALSE,,,FALSE,FALSE,FALSE,FALSE,FALSE,FALSE,FALSE,FALSE,FALSE,,FALSE,FALSE,FALSE,FALSE,TRUE,TRUE,TRUE,TRUE,FALSE,FALSE,TRUE,FALSE,FALSE,,,,,,,,,,,,
257,LIDER DE LA PLEBE INFERNAL,,8/9,1.25,FALSE,,Arrollar. Aparición en juego: Crea una ficha demonio 2/2.,4,FALSE,,4,4,,,https://i.postimg.cc/4yWvy2zF/LIDER_DE_LA_PLEBE_INFERNAL_COPIA.webp,,,,,,,,,,,,"{'idExpansion': 4, 'nombreExpansion': 'TRONO COMPARTIDO', 'fechaLanzamiento': '2024-05-26T04:09:14.000+00:00', 'visibilidad': True}","{'idTipo': 28, 'nombreTipo': 'UNIDAD'}",,"{'idSubTipo': 15, 'nombreSubTipo': 'DEMONIO'}",,,,"{'idRareza': 2, 'nombreRareza': 'BRONCE'}",,"{'idRareza': 3, 'nombreRareza': 'ORO'}",FALSE,TRUE,FALSE,FALSE,FALSE,FALSE,FALSE,FALSE,FALSE,FALSE,FALSE,,,FALSE,FALSE,FALSE,FALSE,FALSE,TRUE,FALSE,FALSE,FALSE,,FALSE,FALSE,FALSE,FALSE,FALSE,FALSE,FALSE,TRUE,FALSE,FALSE,FALSE,FALSE,FALSE,,,,,,,,,,,,
521,LIDER DEL CLAN TRAFICANTE,,1/9,1,TRUE,,"Frenesí. Aparición en juego: Crea una ficha de arma daga equipada en una unidad aliada. Siempre que una unidad equipada aliada no ficha muere, crea dos fichas enano 1/1. Dispara solo una vez por turno.",2,FALSE,,1,2,,,https://i.postimg.cc/dtdxwk6t/LIDER_DEL_CLAN_TRAFICANTE_copia.webp,,,,,,,,,,,,"{'idExpansion': 6, 'nombreExpansion': 'ANCESTROS', 'fechaLanzamiento': '2024-11-19T03:36:06.000+00:00', 'visibilidad': True}","{'idTipo': 28, 'nombreTipo': 'UNIDAD'}",,"{'idSubTipo': 6, 'nombreSubTipo': 'DESERTOR'}","{'idSubTipo': 19, 'nombreSubTipo': 'ENANO'}",,,"{'idRareza': 1, 'nombreRareza': 'PLATA'}",,"{'idRareza': 2, 'nombreRareza': 'BRONCE'}",FALSE,TRUE,FALSE,FALSE,FALSE,FALSE,FALSE,FALSE,FALSE,FALSE,FALSE,,,FALSE,FALSE,FALSE,FALSE,FALSE,FALSE,FALSE,FALSE,FALSE,,FALSE,FALSE,FALSE,FALSE,TRUE,TRUE,TRUE,TRUE,TRUE,TRUE,TRUE,TRUE,FALSE,,,,,,,,,,,,
258,LIDER DEL ENJAMBRE,,1/9,2.25,FALSE,,"Aparición en juego: Los insectos aliados ganan +1/+0, ""1 de oro: Destruye esta unidad"" y ""Derrotado: Drena 1"". Hasta el final del turno.",4,FALSE,,3,2,,,https://i.postimg.cc/QNmJfCRk/LIDER_DEL_ENJAMBRE_COPIA.webp,,,,,,,,,,,,"{'idExpansion': 4, 'nombreExpansion': 'TRONO COMPARTIDO', 'fechaLanzamiento': '2024-05-26T04:09:14.000+00:00', 'visibilidad': True}","{'idTipo': 28, 'nombreTipo': 'UNIDAD'}",,"{'idSubTipo': 16, 'nombreSubTipo': 'INSECTO'}",,,,"{'idRareza': 1, 'nombreRareza': 'PLATA'}",,"{'idRareza': 4, 'nombreRareza': 'DIAMANTE'}",FALSE,TRUE,FALSE,FALSE,FALSE,FALSE,TRUE,FALSE,FALSE,FALSE,FALSE,,,FALSE,FALSE,FALSE,FALSE,FALSE,FALSE,FALSE,FALSE,FALSE,,FALSE,FALSE,FALSE,FALSE,TRUE,TRUE,TRUE,TRUE,TRUE,TRUE,TRUE,TRUE,FALSE,,,,,,,,,,,,
400,LIDER MOTIVADOR,,4/9,1,FALSE,,"Aparición en juego: Puedes destruir otro desertor aliado. Si lo haces, hace 1 daño a cada unidad rival. Oler sangre: Los otros desertores aliados ganan +1/+0 y Temible.",3,FALSE,,3,3,,,https://i.postimg.cc/QNRVrD8d/LIDER-MOTIVADOR-copia.webp,https://i.postimg.cc/CxLfgGYZ/ETHERNAL-LIDER-MOTIVADOR.webp,https://i.postimg.cc/kGvBr4pF/FULL-ART-LIDER-MOTIVADOR.webp,https://i.postimg.cc/R0W1m7c7/METAL-LIDER-MOTIVADOR.png,,,,,,,,,"{'idExpansion': 5, 'nombreExpansion': 'IMPERIO', 'fechaLanzamiento': '2024-07-04T19:48:17.000+00:00', 'visibilidad': True}","{'idTipo': 28, 'nombreTipo': 'UNIDAD'}",,"{'idSubTipo': 6, 'nombreSubTipo': 'DESERTOR'}",,,,"{'idRareza': 1, 'nombreRareza': 'PLATA'}",,"{'idRareza': 3, 'nombreRareza': 'ORO'}",FALSE,TRUE,FALSE,FALSE,FALSE,FALSE,FALSE,FALSE,FALSE,FALSE,FALSE,,,FALSE,FALSE,FALSE,FALSE,FALSE,FALSE,FALSE,FALSE,FALSE,,FALSE,FALSE,FALSE,FALSE,TRUE,TRUE,TRUE,TRUE,FALSE,FALSE,TRUE,FALSE,FALSE,,,,,,,,,,,,
30,LLAVE MAESTRA,,0/9,1,TRUE,,"Una vez durante tu turno, puedes descartar una carta para robar una carta.",5,FALSE,5,,,,,https://i.postimg.cc/D029LKtf/LLAVE-MAESTRA.webp,https://i.postimg.cc/PJ2JTPsP/Mesa-de-trabajo-39-200x.png,https://i.postimg.cc/NFgF3Rn3/Mesa-de-trabajo-40-200x.png,https://i.postimg.cc/wTnywDFh/llave.jpg,,,,,,,,"Contemplando que los tesoros ya no pueden activar ninguna habilidad estando agotados, la aclaración que se tenía previamente de ""si este tesoro se encuentra en tu reserva"", fue removido.","{'idExpansion': 2, 'nombreExpansion': 'FUNDAMENTOS', 'fechaLanzamiento': '2024-05-26T04:08:58.000+00:00', 'visibilidad': True}","{'idTipo': 6, 'nombreTipo': 'TESORO'}",,,,,,"{'idRareza': 1, 'nombreRareza': 'PLATA'}",,"{'idRareza': 3, 'nombreRareza': 'ORO'}",FALSE,FALSE,FALSE,FALSE,FALSE,FALSE,FALSE,FALSE,FALSE,FALSE,TRUE,,,FALSE,FALSE,FALSE,FALSE,FALSE,FALSE,FALSE,FALSE,FALSE,,FALSE,FALSE,FALSE,FALSE,TRUE,TRUE,TRUE,TRUE,TRUE,TRUE,TRUE,TRUE,TRUE,,,,,,,,,,,,
161,LLUVIA DE ORO,,0/9,0,TRUE,,Destruir: Genera 2 de Oro.,4,FALSE,4,,,,"Los mitos fundacionales de Berin relatan que, en las vísperas de su creación, fueron bendecidos con oro y riquezas  por los eternos.",https://i.postimg.cc/sxQQn75z/LLUVIA-DE-ORO-copia.jpg,https://i.postimg.cc/3RZ6y7rZ/lluvia-de-oro.webp,https://i.postimg.cc/rFG4w6RT/LLUVIA-DE-ORO-copia.jpg,https://i.postimg.cc/WzXQ7HvG/LLUVIA-DE-ORO.webp,,,,,,,,"Solo puede destruirse para pagar una carta o un coste de activación inmediatamente (es decir, no puede destruirse solo porqué sí). Si se utiliza para pagar algo de coste 1, el oro restante se pierde.","{'idExpansion': 3, 'nombreExpansion': 'PACTO SECRETO', 'fechaLanzamiento': '2024-05-26T04:09:09.000+00:00', 'visibilidad': True}","{'idTipo': 6, 'nombreTipo': 'TESORO'}",,,,,,"{'idRareza': 3, 'nombreRareza': 'ORO'}",,"{'idRareza': 1, 'nombreRareza': 'PLATA'}",FALSE,FALSE,FALSE,FALSE,FALSE,FALSE,FALSE,FALSE,FALSE,FALSE,FALSE,,,FALSE,FALSE,FALSE,FALSE,FALSE,FALSE,FALSE,FALSE,FALSE,,FALSE,FALSE,FALSE,FALSE,TRUE,TRUE,TRUE,TRUE,TRUE,TRUE,TRUE,TRUE,TRUE,,,,,,,,,,,,
359,"LUCANDRA, MAESTRA DE LO ARCANO",,8/9,1.5,TRUE,,"Siempre que un oponente juegue su primera orden cada turno, interrúmpela a menos que pague 1 de oro. Derrotado: La próxima vez que fueras a predecir este turno, roba una carta en su lugar.",4,FALSE,,4,5,,,https://i.postimg.cc/65nqWPqL/LUCANDRA-MAESTRA-DE-LO-ARCANO-copia.webp,https://i.postimg.cc/9XqrQ8f5/REGIONAL-LUCANDRA-copia.webp,,,,,,,,,,,"{'idExpansion': 5, 'nombreExpansion': 'IMPERIO', 'fechaLanzamiento': '2024-07-04T19:48:17.000+00:00', 'visibilidad': True}","{'idTipo': 28, 'nombreTipo': 'UNIDAD'}",,"{'idSubTipo': 7, 'nombreSubTipo': 'MAGO'}",,"{'idSubTipo': 13, 'nombreSubTipo': 'REALEZA'}",,"{'idRareza': 4, 'nombreRareza': 'DIAMANTE'}",,"{'idRareza': 3, 'nombreRareza': 'ORO'}",FALSE,TRUE,FALSE,FALSE,FALSE,FALSE,FALSE,FALSE,FALSE,FALSE,TRUE,,,FALSE,FALSE,FALSE,FALSE,FALSE,FALSE,TRUE,FALSE,FALSE,,FALSE,FALSE,FALSE,FALSE,FALSE,FALSE,FALSE,TRUE,FALSE,FALSE,FALSE,FALSE,FALSE,,,,,,,,,,,,
259,LUCHADOR DEL TEMPLO,,4/9,1,FALSE,,"Siempre que ganes vidas, gana un contador +1/+1.",2,FALSE,,2,3,,Poco se sabe de los poderes que se transfieren a través de los años arduos de entrenamiento que se tienen en el credo del Ojo.,https://i.postimg.cc/vHmLkMyR/LUCHADOR_DEL_TEMPLO_COPIA.webp,https://i.postimg.cc/GpfZ8zjt/FULL_ART_LUCHADOR_DEL_EMPLO_COPIA.webp,https://i.postimg.cc/g2YhnLmL/luchador-del-templo.webp,,,,,,,,,"Si varias fuentes aliadas fueran a ganar vidas al mismo tiempo, la habilidad dispara una vez por cada una (ejemplo: si ganamos vidas por 3 unidades diferentes con Curar en un mismo combate, la habilidad disparará 3 veces)","{'idExpansion': 4, 'nombreExpansion': 'TRONO COMPARTIDO', 'fechaLanzamiento': '2024-05-26T04:09:14.000+00:00', 'visibilidad': True}","{'idTipo': 28, 'nombreTipo': 'UNIDAD'}",,"{'idSubTipo': 17, 'nombreSubTipo': 'MONJE'}",,,,"{'idRareza': 3, 'nombreRareza': 'ORO'}",,"{'idRareza': 1, 'nombreRareza': 'PLATA'}",FALSE,TRUE,FALSE,FALSE,FALSE,FALSE,FALSE,FALSE,FALSE,FALSE,FALSE,,,FALSE,FALSE,FALSE,FALSE,FALSE,FALSE,FALSE,FALSE,FALSE,,FALSE,FALSE,FALSE,FALSE,TRUE,TRUE,TRUE,TRUE,FALSE,FALSE,TRUE,FALSE,FALSE,,,,,,,,,,,,
417,LUCHADOR DEL VALLE,,7/9,2.15,FALSE,,Curar. Evasión.,4,FALSE,,3,5,,,https://i.postimg.cc/L5LbZGnr/lucha.jpg,,,,,,,,,,,"Curar es una habilidad estática, no genera pila.","{'idExpansion': 5, 'nombreExpansion': 'IMPERIO', 'fechaLanzamiento': '2024-07-04T19:48:17.000+00:00', 'visibilidad': True}","{'idTipo': 28, 'nombreTipo': 'UNIDAD'}",,"{'idSubTipo': 7, 'nombreSubTipo': 'MAGO'}","{'idSubTipo': 17, 'nombreSubTipo': 'MONJE'}",,,"{'idRareza': 2, 'nombreRareza': 'BRONCE'}",,"{'idRareza': 3, 'nombreRareza': 'ORO'}",FALSE,TRUE,FALSE,FALSE,FALSE,FALSE,FALSE,TRUE,FALSE,FALSE,FALSE,,,TRUE,FALSE,FALSE,FALSE,FALSE,FALSE,FALSE,FALSE,FALSE,,FALSE,FALSE,FALSE,FALSE,TRUE,FALSE,FALSE,TRUE,FALSE,FALSE,FALSE,FALSE,FALSE,,,,,,,,,,,,
260,"LUZION, FURIA DEL AVERNO",,7/9,0.5,FALSE,,"Atracción. Aparición en juego: Sentencia otra unidad objetivo. Pierdes 2 vidas. Si entró al campo desde el Averno, sentencia hasta otras unidades objetivo y ganas 2 vidas en su lugar.",3,FALSE,,3,4,,,https://i.postimg.cc/BnL5ZgtM/LUZION_FURIA_DEL_AVERNO_COPIA.webp,https://i.postimg.cc/FKzJxtf9/luzion.webp,,,,,,,,,,,"{'idExpansion': 4, 'nombreExpansion': 'TRONO COMPARTIDO', 'fechaLanzamiento': '2024-05-26T04:09:14.000+00:00', 'visibilidad': True}","{'idTipo': 28, 'nombreTipo': 'UNIDAD'}",,"{'idSubTipo': 15, 'nombreSubTipo': 'DEMONIO'}",,"{'idSubTipo': 13, 'nombreSubTipo': 'REALEZA'}",,"{'idRareza': 4, 'nombreRareza': 'DIAMANTE'}",,"{'idRareza': 3, 'nombreRareza': 'ORO'}",FALSE,TRUE,FALSE,FALSE,FALSE,FALSE,FALSE,FALSE,FALSE,FALSE,FALSE,,,FALSE,FALSE,FALSE,FALSE,FALSE,FALSE,TRUE,FALSE,FALSE,,FALSE,FALSE,FALSE,FALSE,TRUE,FALSE,FALSE,TRUE,FALSE,FALSE,FALSE,FALSE,FALSE,,,,,,,,,,,,
112,MADAME SYRA,,8/9,1,TRUE,,"Aparición en juego: Puedes destruir una bruja que controlas. Cuando destruyes una bruja por este efecto, puedes tomar el control de la unidad objetivo que no controlas.",5,FALSE,,4,5,,,https://i.postimg.cc/prw93rBF/MADAME-SYRA-copia.jpg,https://i.postimg.cc/44PkZm9Y/MADAME-SYRA.webp,,,,,,,,,,,"{'idExpansion': 3, 'nombreExpansion': 'PACTO SECRETO', 'fechaLanzamiento': '2024-05-26T04:09:09.000+00:00', 'visibilidad': True}","{'idTipo': 28, 'nombreTipo': 'UNIDAD'}",,"{'idSubTipo': 5, 'nombreSubTipo': 'BRUJA'}",,,,"{'idRareza': 3, 'nombreRareza': 'ORO'}",,"{'idRareza': 1, 'nombreRareza': 'PLATA'}",FALSE,TRUE,FALSE,FALSE,FALSE,FALSE,FALSE,FALSE,FALSE,FALSE,FALSE,,,FALSE,FALSE,FALSE,FALSE,FALSE,FALSE,FALSE,FALSE,FALSE,,FALSE,FALSE,FALSE,FALSE,FALSE,FALSE,FALSE,TRUE,FALSE,FALSE,FALSE,FALSE,FALSE,,,,,,,,,,,,
261,MADRE DE DEMONIOS,,1/9,2.25,TRUE,,"Siempre que esta carta sea condenada desde cualquier parte, crea una ficha demonio 2/2. Derrotado: Condena esta unidad.",2,TRUE,,2,2,,,https://i.postimg.cc/2yBLrS86/MADRE-DE-DEMONIOS-copia.webp,https://i.postimg.cc/jqPG2Hnq/FULL_ART_MADRE_DE_DEMONIOS_COPIA.webp,https://i.postimg.cc/qvj3nBvb/madre-de-demonios.webp,https://i.postimg.cc/Wbf6PKpd/MADRE_DE_DEMONIOS_COPIA.webp,,,,,,,,"Si fuera destruida, el ""derrotado"" dispara con la carta aún en el Descarte, y al resolver se envía al Averno.","{'idExpansion': 4, 'nombreExpansion': 'TRONO COMPARTIDO', 'fechaLanzamiento': '2024-05-26T04:09:14.000+00:00', 'visibilidad': True}","{'idTipo': 28, 'nombreTipo': 'UNIDAD'}",,"{'idSubTipo': 15, 'nombreSubTipo': 'DEMONIO'}",,,,"{'idRareza': 3, 'nombreRareza': 'ORO'}",,"{'idRareza': 1, 'nombreRareza': 'PLATA'}",FALSE,TRUE,FALSE,FALSE,FALSE,FALSE,TRUE,FALSE,FALSE,FALSE,FALSE,,,FALSE,FALSE,FALSE,FALSE,FALSE,FALSE,FALSE,FALSE,FALSE,,FALSE,FALSE,FALSE,FALSE,TRUE,TRUE,TRUE,TRUE,TRUE,TRUE,TRUE,TRUE,FALSE,,,,,,,,,,,,
325,MAESTRO DE IMRAN,,1/9,1,TRUE,,Frenesí. Aparición en juego: Hace 1 daño hasta a dos unidades rivales.,2,FALSE,,3,2,,,https://i.postimg.cc/nh1L7QvX/MAESTRO-DE-IMRAN-copia.webp,https://i.postimg.cc/B6F44zBm/MAESTRO-DE-IMRAN-copia.webp,,,,,,,,,,,"{'idExpansion': 5, 'nombreExpansion': 'IMPERIO', 'fechaLanzamiento': '2024-07-04T19:48:17.000+00:00', 'visibilidad': True}","{'idTipo': 28, 'nombreTipo': 'UNIDAD'}",,"{'idSubTipo': 6, 'nombreSubTipo': 'DESERTOR'}",,,,"{'idRareza': 1, 'nombreRareza': 'PLATA'}",,"{'idRareza': 1, 'nombreRareza': 'PLATA'}",FALSE,TRUE,FALSE,FALSE,FALSE,FALSE,FALSE,FALSE,FALSE,FALSE,FALSE,,,FALSE,FALSE,FALSE,FALSE,FALSE,FALSE,FALSE,FALSE,FALSE,,FALSE,FALSE,FALSE,FALSE,TRUE,TRUE,TRUE,TRUE,TRUE,TRUE,TRUE,TRUE,FALSE,,,,,,,,,,,,
416,MAESTRO DE LA CORONA,,0/9,1.5,TRUE,,"Resguardo: 1 de oro. Siempre que otra unidad realeza aliada entre al campo, esa unidad gana un contador +1/+1.",1,FALSE,1,1,1,,,https://i.postimg.cc/TPY3cY9C/MAESTRO_DE_LA_CORONA_copia.webp,,,,,,,,,,,,"{'idExpansion': 5, 'nombreExpansion': 'IMPERIO', 'fechaLanzamiento': '2024-07-04T19:48:17.000+00:00', 'visibilidad': True}","{'idTipo': 28, 'nombreTipo': 'UNIDAD'}",,"{'idSubTipo': 2, 'nombreSubTipo': 'SOLDADO'}",,"{'idSubTipo': 13, 'nombreSubTipo': 'REALEZA'}",,"{'idRareza': 3, 'nombreRareza': 'ORO'}",,"{'idRareza': 1, 'nombreRareza': 'PLATA'}",FALSE,TRUE,FALSE,FALSE,FALSE,FALSE,FALSE,FALSE,FALSE,FALSE,FALSE,,,FALSE,FALSE,FALSE,FALSE,FALSE,FALSE,TRUE,FALSE,FALSE,,TRUE,FALSE,FALSE,FALSE,TRUE,TRUE,TRUE,TRUE,TRUE,TRUE,TRUE,TRUE,TRUE,,,,,,,,,,,,
401,MAESTRO DEL CONTROL,,8/9,2,FALSE,,"Sorpresivo. Aparición en juego: Mira la primera carta de tu Reino y puedes mostrarla. Siempre que muestres por este efecto, elige 1 o ambas: -Hace daño igual al coste mostrado a cada unidad. -Interrumpe la orden de coste igual o menor al coste mostrado.",6,FALSE,,4,7,,,https://i.postimg.cc/3RkrPSzG/MAESTRO-DEL-CONTROL-copia.webp,https://i.postimg.cc/T2Vy573L/FULL-ART-MAESTRO-DEL-CONTROL.webp,,,,,,,,,,,"{'idExpansion': 5, 'nombreExpansion': 'IMPERIO', 'fechaLanzamiento': '2024-07-04T19:48:17.000+00:00', 'visibilidad': True}","{'idTipo': 28, 'nombreTipo': 'UNIDAD'}",,"{'idSubTipo': 7, 'nombreSubTipo': 'MAGO'}",,,,"{'idRareza': 1, 'nombreRareza': 'PLATA'}",,"{'idRareza': 1, 'nombreRareza': 'PLATA'}",FALSE,TRUE,FALSE,FALSE,FALSE,TRUE,FALSE,FALSE,FALSE,FALSE,FALSE,,,FALSE,FALSE,FALSE,FALSE,FALSE,FALSE,FALSE,FALSE,FALSE,,FALSE,FALSE,FALSE,FALSE,FALSE,FALSE,FALSE,TRUE,FALSE,FALSE,FALSE,FALSE,FALSE,,,,,,,,,,,,
262,MAGISTRADO INFERNAL,,1/9,2.25,TRUE,,"Aparición en juego: Condena dos cartas de tu Reino, luego pon el campo una carta de unidad de tu Averno de coste 2 o menos. Si es un demonio, cada jugador condena una carta de su mano.",3,FALSE,,2,2,,,https://i.postimg.cc/23Rb6NVx/MAGISTRADO-INFERNAL-copia.webp,https://i.postimg.cc/HLN8ZS5b/magistrado-infernal.webp,https://i.postimg.cc/y8MmDZZB/MAGISTRADO_INFERNAL_COPIA.webp,https://i.postimg.cc/yNt7qKcJ/MAGISTRADO-INFERNAL-copia.webp,,,,,,,,"Las 2 cartas del Reino se condenan antes de tener que elegir una unidad del Averno. La habilidad no hace objetivo, por lo que no hay que elegir una unidad para mandar la habilidad a la pila. Si se ha puesto un demonio por este efecto, cada jugador condenará una carta de su mano (esto no es otro trigger).","{'idExpansion': 4, 'nombreExpansion': 'TRONO COMPARTIDO', 'fechaLanzamiento': '2024-05-26T04:09:14.000+00:00', 'visibilidad': True}","{'idTipo': 28, 'nombreTipo': 'UNIDAD'}",,"{'idSubTipo': 15, 'nombreSubTipo': 'DEMONIO'}",,,,"{'idRareza': 3, 'nombreRareza': 'ORO'}",,"{'idRareza': 1, 'nombreRareza': 'PLATA'}",FALSE,TRUE,FALSE,FALSE,FALSE,FALSE,TRUE,FALSE,FALSE,FALSE,FALSE,,,FALSE,FALSE,FALSE,FALSE,FALSE,FALSE,FALSE,FALSE,FALSE,,FALSE,FALSE,FALSE,FALSE,TRUE,TRUE,TRUE,TRUE,TRUE,TRUE,TRUE,TRUE,FALSE,,,,,,,,,,,,
139,MAGO DE LA CORONA,,7/9,2,FALSE,,Atracción. Centinela. 3 de Oro: Interrumpe la orden de unidad objetivo.,4,FALSE,,3,6,,,https://i.postimg.cc/y6tSDpz8/MAGO-DE-LA-CORONA-copia.jpg,https://i.postimg.cc/Nf0h0B6p/MAGO-DE-LA-CORONA.webp,,,,,,,,,,,"{'idExpansion': 3, 'nombreExpansion': 'PACTO SECRETO', 'fechaLanzamiento': '2024-05-26T04:09:09.000+00:00', 'visibilidad': True}","{'idTipo': 28, 'nombreTipo': 'UNIDAD'}",,"{'idSubTipo': 2, 'nombreSubTipo': 'SOLDADO'}","{'idSubTipo': 7, 'nombreSubTipo': 'MAGO'}",,,"{'idRareza': 3, 'nombreRareza': 'ORO'}",,"{'idRareza': 1, 'nombreRareza': 'PLATA'}",FALSE,TRUE,FALSE,FALSE,FALSE,TRUE,FALSE,FALSE,FALSE,FALSE,FALSE,,,FALSE,FALSE,FALSE,FALSE,FALSE,FALSE,FALSE,FALSE,FALSE,,FALSE,FALSE,FALSE,FALSE,TRUE,FALSE,FALSE,TRUE,FALSE,FALSE,FALSE,FALSE,FALSE,,,,,,,,,,,,
263,"MALAKHAR, LA INFAME",,7/9,3.4,TRUE,,"Evasión. Guardián. Aparición en juego: Condena hasta dos cartas de unidad objetivo de un Descarte. Una vez por turno, puedes jugar una carta de unidad demonio de tu Averno.",4,FALSE,,3,5,,,https://i.postimg.cc/G3BXHP4B/MALAKHAR-LA-INFAME-copia.webp,https://i.postimg.cc/fbRdfzVr/gota-malakhar.png,https://i.postimg.cc/JhjbZzNX/MALAKHAR_LA_INFAME_COPIA.webp,,,,,,,,,No genera pila ni es cancelable la habilidad de poder jugar un demonio del averno.,"{'idExpansion': 4, 'nombreExpansion': 'TRONO COMPARTIDO', 'fechaLanzamiento': '2024-05-26T04:09:14.000+00:00', 'visibilidad': True}","{'idTipo': 28, 'nombreTipo': 'UNIDAD'}",,"{'idSubTipo': 15, 'nombreSubTipo': 'DEMONIO'}",,,,"{'idRareza': 1, 'nombreRareza': 'PLATA'}",,"{'idRareza': 3, 'nombreRareza': 'ORO'}",FALSE,TRUE,FALSE,TRUE,FALSE,FALSE,TRUE,FALSE,FALSE,FALSE,FALSE,,,TRUE,FALSE,FALSE,FALSE,FALSE,FALSE,FALSE,FALSE,FALSE,,FALSE,FALSE,FALSE,FALSE,TRUE,FALSE,FALSE,TRUE,FALSE,FALSE,FALSE,FALSE,FALSE,,,,,,,,,,,,
424,MALEFICIO DE LA MISERIA,,2/9,1,TRUE,,Agotar: Los oponentes no pueden ganar vidas este turno.,0,FALSE,0,4,2,,,https://i.postimg.cc/q7bMDVD0/MALEFICIO_DE_LA_MISERIA_copia.webp,,,,,,,,,,,,"{'idExpansion': 5, 'nombreExpansion': 'IMPERIO', 'fechaLanzamiento': '2024-07-04T19:48:17.000+00:00', 'visibilidad': True}","{'idTipo': 6, 'nombreTipo': 'TESORO'}",,,,,,"{'idRareza': 1, 'nombreRareza': 'PLATA'}",,"{'idRareza': 4, 'nombreRareza': 'DIAMANTE'}",FALSE,TRUE,FALSE,FALSE,FALSE,FALSE,FALSE,FALSE,FALSE,FALSE,FALSE,,,FALSE,FALSE,FALSE,FALSE,FALSE,FALSE,FALSE,FALSE,FALSE,,FALSE,FALSE,FALSE,FALSE,FALSE,TRUE,TRUE,TRUE,TRUE,TRUE,TRUE,TRUE,FALSE,,,,,,,,,,,,
86,MANADA FELINA,,4/9,1,TRUE,,Sorpresivo. (Puedes jugar esta carta como si fuera una acción rápida). Aparición en juego: Crea dos fichas animal 1/1.,3,FALSE,,3,3,,,https://i.postimg.cc/DyG4LQ2d/MANADA-FELINA-copia.jpg,https://i.postimg.cc/j2d1P9LY/manada-felina.webp,https://i.postimg.cc/vZQV1P5V/MANADA-FELINA-copia.jpg,https://i.postimg.cc/pLg3kjg6/MANADA-FELINA.webp,,,,,,,,,"{'idExpansion': 3, 'nombreExpansion': 'PACTO SECRETO', 'fechaLanzamiento': '2024-05-26T04:09:09.000+00:00', 'visibilidad': True}","{'idTipo': 28, 'nombreTipo': 'UNIDAD'}",,"{'idSubTipo': 3, 'nombreSubTipo': 'ANIMAL'}",,,,"{'idRareza': 1, 'nombreRareza': 'PLATA'}",,"{'idRareza': 1, 'nombreRareza': 'PLATA'}",FALSE,TRUE,FALSE,FALSE,FALSE,FALSE,FALSE,FALSE,FALSE,FALSE,FALSE,,,FALSE,FALSE,FALSE,FALSE,FALSE,FALSE,FALSE,FALSE,FALSE,,FALSE,FALSE,FALSE,FALSE,TRUE,TRUE,TRUE,TRUE,FALSE,FALSE,TRUE,FALSE,FALSE,,,,,,,,,,,,
522,MANIFESTADOR DE ABUNDANCIA,,7/9,1.1,TRUE,,Aparición en juego: Mira las primeras tres cartas de tu Bóveda. Puedes mostrar hasta dos tesoros genéricos y ponerlos en Tesoros Agotados. Pon el resto en el fondo. Aplasta 1.,3,FALSE,,2,4,,,https://i.postimg.cc/y8Hrd1ph/MANIFESTADOR_DE_ABUNDANCIA_copia.webp,,,,,,,,,,,,"{'idExpansion': 6, 'nombreExpansion': 'ANCESTROS', 'fechaLanzamiento': '2024-11-19T03:36:06.000+00:00', 'visibilidad': True}","{'idTipo': 28, 'nombreTipo': 'UNIDAD'}",,"{'idSubTipo': 8, 'nombreSubTipo': 'ELEMENTAL'}","{'idSubTipo': 18, 'nombreSubTipo': 'GIGANTE'}",,,"{'idRareza': 1, 'nombreRareza': 'PLATA'}",,"{'idRareza': 3, 'nombreRareza': 'ORO'}",FALSE,TRUE,FALSE,FALSE,FALSE,FALSE,FALSE,FALSE,FALSE,FALSE,FALSE,,,FALSE,FALSE,FALSE,TRUE,FALSE,FALSE,FALSE,FALSE,FALSE,,FALSE,FALSE,FALSE,FALSE,TRUE,FALSE,FALSE,TRUE,FALSE,FALSE,FALSE,FALSE,FALSE,,,,,,,,,,,,
264,MANIPULADOR DE PORTALES,,7/9,2.25,FALSE,,Aparición en juego: Condena otra unidad objetivo hasta que esta unidad deje el campo.,3,FALSE,,3,4,,,https://i.postimg.cc/qR02LHw5/MANIPULADOR_DE_PORTALES_COPIA.webp,,,,,,,,,,,"Si esta unidad dejara el campo antes de que su habilidad resuelva, no llegará a condenar la unidad objetivo.","{'idExpansion': 4, 'nombreExpansion': 'TRONO COMPARTIDO', 'fechaLanzamiento': '2024-05-26T04:09:14.000+00:00', 'visibilidad': True}","{'idTipo': 28, 'nombreTipo': 'UNIDAD'}",,"{'idSubTipo': 17, 'nombreSubTipo': 'MONJE'}",,,,"{'idRareza': 1, 'nombreRareza': 'PLATA'}",,"{'idRareza': 1, 'nombreRareza': 'PLATA'}",FALSE,TRUE,FALSE,FALSE,FALSE,FALSE,TRUE,FALSE,FALSE,FALSE,FALSE,,,FALSE,FALSE,FALSE,FALSE,FALSE,FALSE,FALSE,FALSE,FALSE,,FALSE,FALSE,FALSE,FALSE,TRUE,FALSE,FALSE,TRUE,FALSE,FALSE,FALSE,FALSE,FALSE,,,,,,,,,,,,
386,MANIPULADOR ERMITAÑO,,7/9,1,FALSE,,"Siempre que una unidad aliada no ficha entre al campo en un turno oponente, puedes pagar 2 de oro. Si lo haces, regresa esa unidad a la mano. Esta habilidad dispara solo una vez por turno.",2,FALSE,,1,4,,,https://i.postimg.cc/L5f9sq96/MANIPULADOR-ERMITA-O-copia.webp,,,,,,,,,,,,"{'idExpansion': 5, 'nombreExpansion': 'IMPERIO', 'fechaLanzamiento': '2024-07-04T19:48:17.000+00:00', 'visibilidad': True}","{'idTipo': 28, 'nombreTipo': 'UNIDAD'}",,"{'idSubTipo': 7, 'nombreSubTipo': 'MAGO'}",,,,"{'idRareza': 1, 'nombreRareza': 'PLATA'}",,"{'idRareza': 2, 'nombreRareza': 'BRONCE'}",FALSE,TRUE,FALSE,FALSE,FALSE,FALSE,FALSE,FALSE,FALSE,FALSE,FALSE,,,FALSE,FALSE,FALSE,FALSE,FALSE,FALSE,FALSE,FALSE,FALSE,,FALSE,FALSE,FALSE,FALSE,TRUE,FALSE,FALSE,TRUE,FALSE,FALSE,FALSE,FALSE,FALSE,,,,,,,,,,,,
171,MANUSCRITO DEMONIACO,,0/9,0,FALSE,,"Agotar: Hasta el final del turno, cuando una unidad fuera a morir, condénala en su lugar.",1,FALSE,1,,,,,https://i.postimg.cc/wvwTQxQv/MANUSCRITO-DEMONIACO-copia.jpg,https://i.postimg.cc/RhsDRRH6/manuscrito.webp,https://i.postimg.cc/PrVgp9Kh/MANUSCRITO-DEMONIACO.webp,,,,,,,,,,"{'idExpansion': 3, 'nombreExpansion': 'PACTO SECRETO', 'fechaLanzamiento': '2024-05-26T04:09:09.000+00:00', 'visibilidad': True}","{'idTipo': 6, 'nombreTipo': 'TESORO'}",,,,,,"{'idRareza': 1, 'nombreRareza': 'PLATA'}",,"{'idRareza': 3, 'nombreRareza': 'ORO'}",FALSE,FALSE,FALSE,FALSE,FALSE,FALSE,FALSE,FALSE,FALSE,FALSE,FALSE,,,FALSE,FALSE,FALSE,FALSE,FALSE,FALSE,FALSE,FALSE,FALSE,,FALSE,FALSE,FALSE,FALSE,TRUE,TRUE,TRUE,TRUE,TRUE,TRUE,TRUE,TRUE,TRUE,,,,,,,,,,,,
265,MARAVILLA ATERRADORA,,8/9,0.65,FALSE,,Evasión. Aparición en juego: Envenena las otras unidades.,5,FALSE,,5,5,,,https://i.postimg.cc/JnqZYYd4/MARAVILLA_ATERRADORA_COPIA.webp,https://i.postimg.cc/fL0t6xjp/maravilla-aterradora.webp,,,,,,,,,,,"{'idExpansion': 4, 'nombreExpansion': 'TRONO COMPARTIDO', 'fechaLanzamiento': '2024-05-26T04:09:14.000+00:00', 'visibilidad': True}","{'idTipo': 28, 'nombreTipo': 'UNIDAD'}",,"{'idSubTipo': 16, 'nombreSubTipo': 'INSECTO'}",,"{'idSubTipo': 13, 'nombreSubTipo': 'REALEZA'}",,"{'idRareza': 3, 'nombreRareza': 'ORO'}",,"{'idRareza': 4, 'nombreRareza': 'DIAMANTE'}",FALSE,TRUE,FALSE,FALSE,FALSE,FALSE,FALSE,FALSE,FALSE,FALSE,FALSE,,,TRUE,FALSE,FALSE,FALSE,FALSE,FALSE,TRUE,FALSE,FALSE,,FALSE,FALSE,FALSE,FALSE,FALSE,FALSE,FALSE,TRUE,FALSE,FALSE,FALSE,FALSE,FALSE,,,,,,,,,,,,
130,MAREA CORPOREA,,7/9,2,TRUE,,Aparición en juego: Mezcla tres tesoros objetivo de cada jugador en su respectiva Bóveda. Cada jugador gana 3 vidas.,5,FALSE,,3,6,,,https://i.postimg.cc/pLY9125m/MAREA-CORPOREA-copia.jpg,https://i.postimg.cc/vHTjmpJW/marea-corporea.webp,https://i.postimg.cc/526DygGs/ethernalmarea.webp,https://i.postimg.cc/fR36xCgd/MAREA-CORPOREA.webp,https://i.postimg.cc/ZnhZRLf4/MAREA-CORPOREA-copia.webp,,,,,,,"Su efecto puede hacer objetivo a fichas de tesoro. En tal caso, dichas fichas de tesoro desaparecerán al mezclarse (como ocurre con todo token/ficha al salir del juego).","{'idExpansion': 3, 'nombreExpansion': 'PACTO SECRETO', 'fechaLanzamiento': '2024-05-26T04:09:09.000+00:00', 'visibilidad': True}","{'idTipo': 28, 'nombreTipo': 'UNIDAD'}",,"{'idSubTipo': 8, 'nombreSubTipo': 'ELEMENTAL'}",,,,"{'idRareza': 4, 'nombreRareza': 'DIAMANTE'}",,"{'idRareza': 4, 'nombreRareza': 'DIAMANTE'}",FALSE,TRUE,FALSE,FALSE,FALSE,FALSE,FALSE,FALSE,FALSE,FALSE,FALSE,,,FALSE,FALSE,FALSE,FALSE,FALSE,FALSE,FALSE,TRUE,FALSE,,FALSE,FALSE,FALSE,FALSE,TRUE,FALSE,FALSE,TRUE,FALSE,FALSE,FALSE,FALSE,FALSE,,,,,,,,,,,,
168,MASCARA TRIBAL,,0/9,0,TRUE,,Agotar: La unidad objetivo gana Temible hasta el final del turno.,0,FALSE,0,,,,"""Escucho lo que nadie escucha. Veo lo que nadie ve. ¿Será que los hombres merecen recorrer nuestro bosque? Si me acerco sorpresivamente puede que lo sepa... o que mueran del susto"". - Espíritu animal",https://i.postimg.cc/YSrv5JQb/MASCARA-TRIBAL-copia.jpg,https://i.postimg.cc/sDXjMHFx/Full-art-Mascara-tribal-copia.jpg,https://i.postimg.cc/hPYYQ2nN/mascara-full-art.webp,https://i.postimg.cc/NjprR1xP/MASCARA-TRIBAL-copia.jpg,https://i.postimg.cc/g08Q7Jpk/MASCARA-TRIBAL.webp,,,,,,,,"{'idExpansion': 3, 'nombreExpansion': 'PACTO SECRETO', 'fechaLanzamiento': '2024-05-26T04:09:09.000+00:00', 'visibilidad': True}","{'idTipo': 6, 'nombreTipo': 'TESORO'}",,,,,,"{'idRareza': 1, 'nombreRareza': 'PLATA'}",,"{'idRareza': 2, 'nombreRareza': 'BRONCE'}",FALSE,FALSE,FALSE,FALSE,FALSE,FALSE,FALSE,FALSE,FALSE,FALSE,FALSE,,,FALSE,FALSE,FALSE,FALSE,FALSE,FALSE,FALSE,FALSE,FALSE,,FALSE,FALSE,FALSE,FALSE,TRUE,TRUE,TRUE,TRUE,TRUE,TRUE,TRUE,TRUE,TRUE,,,,,,,,,,,,
523,MATERIALIZADORA DE TESOROS,,7/9,2,FALSE,,Aparición en juego y Disipar 2: Crea una ficha de tesoro. Ganas 2 vidas.,3,FALSE,,3,4,,,https://i.postimg.cc/x13pNwBw/MATERIALIZADORA_DE_TESOROS_copia.webp,,,,,,,,,,,,"{'idExpansion': 6, 'nombreExpansion': 'ANCESTROS', 'fechaLanzamiento': '2024-11-19T03:36:06.000+00:00', 'visibilidad': True}","{'idTipo': 28, 'nombreTipo': 'UNIDAD'}",,"{'idSubTipo': 20, 'nombreSubTipo': 'DJINN'}",,,,"{'idRareza': 3, 'nombreRareza': 'ORO'}",,"{'idRareza': 3, 'nombreRareza': 'ORO'}",FALSE,TRUE,FALSE,FALSE,FALSE,FALSE,FALSE,FALSE,FALSE,FALSE,FALSE,,,FALSE,FALSE,FALSE,FALSE,FALSE,FALSE,FALSE,FALSE,FALSE,,FALSE,TRUE,FALSE,FALSE,TRUE,FALSE,FALSE,TRUE,FALSE,FALSE,FALSE,FALSE,FALSE,,,,,,,,,,,,
326,"MATT, CAMPEON PIRATA",,4/9,3,FALSE,,"Resguardo: Descarta una carta. Mientras un oponente no tenga cartas en mano, gana +2/+2 y Temible. ",3,FALSE,,3,3,,"En conmemoración a Matias Pereyra, ganador del ""Conclave de campeones 2023"".",https://i.postimg.cc/fW0TCPcn/MATT-CAMPEON-PIRATA-copia.webp,,,,,,,,,,,,"{'idExpansion': 5, 'nombreExpansion': 'IMPERIO', 'fechaLanzamiento': '2024-07-04T19:48:17.000+00:00', 'visibilidad': True}","{'idTipo': 28, 'nombreTipo': 'UNIDAD'}",,"{'idSubTipo': 1, 'nombreSubTipo': 'PIRATA'}",,,,"{'idRareza': 1, 'nombreRareza': 'PLATA'}",,"{'idRareza': 1, 'nombreRareza': 'PLATA'}",FALSE,TRUE,FALSE,FALSE,FALSE,FALSE,FALSE,FALSE,FALSE,FALSE,FALSE,,,FALSE,FALSE,FALSE,FALSE,FALSE,FALSE,FALSE,FALSE,FALSE,,TRUE,FALSE,FALSE,TRUE,TRUE,TRUE,TRUE,TRUE,FALSE,FALSE,TRUE,FALSE,FALSE,,,,,,,,,,,,
306,"MAURUS, NOBLE CAMPEON",,8/9,2,FALSE,,Guardián. Aparición en juego: Crea tres fichas soldado 1/1. Las otras unidades aliadas ganan Dureza.,6,FALSE,,7,7,,En conmemoración a Mauro Cifuentes 1988-2024,https://i.postimg.cc/ZKtYMLH9/MAURUS-NOBLE-CAMPEON-copia.webp,https://i.postimg.cc/WbsdGGd9/FULL-ART-MAURUS-NOBLE-CAMPEON.webp,https://i.postimg.cc/MKYjNPk2/ETHERNAL-MAURUS-NOBLE-CAMPEON.webp,,,,,,,,,,"{'idExpansion': 5, 'nombreExpansion': 'IMPERIO', 'fechaLanzamiento': '2024-07-04T19:48:17.000+00:00', 'visibilidad': True}","{'idTipo': 28, 'nombreTipo': 'UNIDAD'}",,"{'idSubTipo': 2, 'nombreSubTipo': 'SOLDADO'}",,,,"{'idRareza': 2, 'nombreRareza': 'BRONCE'}",,"{'idRareza': 1, 'nombreRareza': 'PLATA'}",FALSE,TRUE,FALSE,TRUE,FALSE,FALSE,FALSE,FALSE,FALSE,FALSE,FALSE,,,FALSE,FALSE,FALSE,FALSE,FALSE,FALSE,FALSE,FALSE,FALSE,,FALSE,FALSE,FALSE,FALSE,FALSE,FALSE,FALSE,TRUE,FALSE,FALSE,FALSE,FALSE,FALSE,,,,,,,,,,,,
420,"MAXIMUS, EL FORMIDABLE",,8/9,0.5,FALSE,,"Aparición en juego: La unidad rival objetivo debe bloquear este turno. Siempre que un soldado aliado sobreviva a un combate, crea una ficha soldado 1/1.",4,FALSE,,4,4,,,https://i.postimg.cc/L6t4KZQx/MAXIMUS-EL-FORMIDABLE-copia.webp,,,,,,,,,,,"""Sobrevivir a un combate"" refiere a haber contrapuesto fuerza y resistencia con otra unidad, y que nuestra unidad no haya muerto como resultado de ello.","{'idExpansion': 5, 'nombreExpansion': 'IMPERIO', 'fechaLanzamiento': '2024-07-04T19:48:17.000+00:00', 'visibilidad': True}","{'idTipo': 28, 'nombreTipo': 'UNIDAD'}",,"{'idSubTipo': 2, 'nombreSubTipo': 'SOLDADO'}","{'idSubTipo': 2, 'nombreSubTipo': 'SOLDADO'}","{'idSubTipo': 13, 'nombreSubTipo': 'REALEZA'}",,"{'idRareza': 3, 'nombreRareza': 'ORO'}",,"{'idRareza': 2, 'nombreRareza': 'BRONCE'}",FALSE,TRUE,FALSE,FALSE,FALSE,FALSE,FALSE,FALSE,FALSE,FALSE,FALSE,,,FALSE,FALSE,FALSE,FALSE,FALSE,FALSE,TRUE,FALSE,FALSE,,FALSE,FALSE,FALSE,FALSE,FALSE,FALSE,FALSE,TRUE,FALSE,FALSE,FALSE,FALSE,FALSE,,,,,,,,,,,,
31,"MAXIMUS, EL GENERAL",,8/9,0.75,TRUE,,Arrollar. Frenesí. Aparición en juego: Las unidades que controlas ganan dos contadores +1/+1. Las unidades que controlas ganan Arrollar.,5,FALSE,,5,5,,,https://i.postimg.cc/5y7RzQBp/MAXIMUS-EL-GENERAL.webp,https://i.postimg.cc/HkZMQWxw/Mesa-de-trabajo-41-200x.png,https://i.postimg.cc/3xpyVWbz/maximus.jpg,,,,,,,,,"Las unidades que controlas tienen la habilidad de arrollar mientras Maximus, El general está en juego.","{'idExpansion': 2, 'nombreExpansion': 'FUNDAMENTOS', 'fechaLanzamiento': '2024-05-26T04:08:58.000+00:00', 'visibilidad': True}","{'idTipo': 28, 'nombreTipo': 'UNIDAD'}",,"{'idSubTipo': 2, 'nombreSubTipo': 'SOLDADO'}","{'idSubTipo': 13, 'nombreSubTipo': 'REALEZA'}",,,"{'idRareza': 4, 'nombreRareza': 'DIAMANTE'}",,"{'idRareza': 1, 'nombreRareza': 'PLATA'}",FALSE,TRUE,FALSE,FALSE,FALSE,FALSE,FALSE,FALSE,FALSE,FALSE,FALSE,,,FALSE,FALSE,FALSE,FALSE,FALSE,TRUE,TRUE,FALSE,FALSE,,FALSE,FALSE,FALSE,FALSE,FALSE,FALSE,FALSE,TRUE,FALSE,FALSE,FALSE,FALSE,FALSE,,,,,,,,,,,,
327,"MAZU, LA REINA PIRATA",,8/9,1.5,FALSE,,"Resguardo: 1 oro y destruye un tesoro aliado. Las habilidades de tus tesoros disparan dos veces. Al inicio de tu fase final, puedes destruir dos tesoros aliados. Si lo haces, revela dos tesoros.",6,FALSE,,5,5,,,https://i.postimg.cc/vZGYQHpb/MAZU-REINA-PIRATA-copia.webp,https://i.postimg.cc/zGtHXyXx/ETHERNAL-MAZU-REINA-PIRATA.webp,https://i.postimg.cc/C5H0fftD/MAZU-LA-REINA-PIRATA-copia.webp,,,,,,,,,,"{'idExpansion': 5, 'nombreExpansion': 'IMPERIO', 'fechaLanzamiento': '2024-07-04T19:48:17.000+00:00', 'visibilidad': True}","{'idTipo': 28, 'nombreTipo': 'UNIDAD'}",,"{'idSubTipo': 1, 'nombreSubTipo': 'PIRATA'}",,"{'idSubTipo': 13, 'nombreSubTipo': 'REALEZA'}",,"{'idRareza': 4, 'nombreRareza': 'DIAMANTE'}",,"{'idRareza': 2, 'nombreRareza': 'BRONCE'}",FALSE,TRUE,FALSE,FALSE,FALSE,FALSE,FALSE,FALSE,FALSE,FALSE,FALSE,,,FALSE,FALSE,FALSE,FALSE,FALSE,FALSE,TRUE,FALSE,FALSE,,TRUE,FALSE,FALSE,FALSE,FALSE,FALSE,FALSE,TRUE,FALSE,FALSE,FALSE,FALSE,FALSE,,,,,,,,,,,,
266,MECARAÑA PROTECTORA,,4/9,1,FALSE,,"Dureza. Siempre que reciba daño de combate de una unidad, la envenena.",2,FALSE,,0,3,,,https://i.postimg.cc/KjpLxk26/MECARAÑA_PROTECTORA_COPIA.webp,,,,,,,,,,,,"{'idExpansion': 4, 'nombreExpansion': 'TRONO COMPARTIDO', 'fechaLanzamiento': '2024-05-26T04:09:14.000+00:00', 'visibilidad': True}","{'idTipo': 28, 'nombreTipo': 'UNIDAD'}",,"{'idSubTipo': 2, 'nombreSubTipo': 'SOLDADO'}","{'idSubTipo': 16, 'nombreSubTipo': 'INSECTO'}",,,"{'idRareza': 2, 'nombreRareza': 'BRONCE'}",,"{'idRareza': 4, 'nombreRareza': 'DIAMANTE'}",FALSE,TRUE,FALSE,FALSE,FALSE,FALSE,FALSE,FALSE,FALSE,FALSE,FALSE,,,FALSE,FALSE,FALSE,FALSE,FALSE,FALSE,FALSE,FALSE,FALSE,,FALSE,FALSE,FALSE,FALSE,TRUE,TRUE,TRUE,TRUE,FALSE,FALSE,TRUE,FALSE,FALSE,,,,,,,,,,,,
32,MEDICO DE GUERRA,,1/9,1,FALSE,,Las otras unidades que controlas ganan +1/+1.,3,FALSE,,2,2,,,https://i.postimg.cc/vBykws87/MEDICO-DE-GUERRA.webp,https://i.postimg.cc/LXzh0mH0/Mesa-de-trabajo-42-200x.png,https://i.postimg.cc/zv8vs4vD/Mesa-de-trabajo-43-200x.png,https://i.postimg.cc/sXfvMmDR/medico.jpg,https://i.postimg.cc/7Ln5Pd4V/medico-ff.jpg,,,,,,,Las otras (es decir no incluye a esta carta) unidades que controlas tienen +1/+1 mientras Médico de guerra está en juego.,"{'idExpansion': 2, 'nombreExpansion': 'FUNDAMENTOS', 'fechaLanzamiento': '2024-05-26T04:08:58.000+00:00', 'visibilidad': True}","{'idTipo': 28, 'nombreTipo': 'UNIDAD'}",,"{'idSubTipo': 2, 'nombreSubTipo': 'SOLDADO'}",,,,"{'idRareza': 3, 'nombreRareza': 'ORO'}",,"{'idRareza': 2, 'nombreRareza': 'BRONCE'}",FALSE,TRUE,FALSE,FALSE,FALSE,FALSE,FALSE,FALSE,FALSE,FALSE,FALSE,,,FALSE,FALSE,FALSE,FALSE,FALSE,FALSE,FALSE,FALSE,FALSE,,FALSE,FALSE,FALSE,FALSE,TRUE,TRUE,TRUE,TRUE,TRUE,TRUE,TRUE,TRUE,FALSE,,,,,,,,,,,,
33,MENTE ILUMINADA,,1/9,0,TRUE,,Agotar: La unidad objetivo gana Indestructible hasta el final del turno.,4,FALSE,4,,,,,https://i.postimg.cc/C14tFQd3/MENTE-ILUMINADA.webp,https://i.postimg.cc/DwFhB7tN/Mesa-de-trabajo-32.png,https://i.postimg.cc/RC82bvnR/mente-iluminada-copia-60.jpg,https://i.postimg.cc/1zrZLbZz/Mesa-de-trabajo-44-200x.png,https://i.postimg.cc/JzJ8QG6Z/Mesa-de-trabajo-45-200x.png,https://i.postimg.cc/tJYJ5gxS/mente.jpg,https://i.postimg.cc/fLHkmdJS/mente-full-art-ff.jpg,,,,,"Su efecto no puede evitar que una unidad sea destruida al final del turno, como por ejemplo el efecto disparado de ""Azahara, líder de la guardia"".","{'idExpansion': 2, 'nombreExpansion': 'FUNDAMENTOS', 'fechaLanzamiento': '2024-05-26T04:08:58.000+00:00', 'visibilidad': True}","{'idTipo': 6, 'nombreTipo': 'TESORO'}",,,,,,"{'idRareza': 1, 'nombreRareza': 'PLATA'}",,"{'idRareza': 3, 'nombreRareza': 'ORO'}",FALSE,FALSE,FALSE,FALSE,FALSE,FALSE,FALSE,FALSE,FALSE,FALSE,FALSE,,,FALSE,FALSE,FALSE,FALSE,FALSE,FALSE,FALSE,FALSE,FALSE,,FALSE,FALSE,FALSE,FALSE,TRUE,TRUE,TRUE,FALSE,TRUE,TRUE,TRUE,TRUE,TRUE,,,,,,,,,,,,
402,MERCADER DE ARMAS,,0/9,1,FALSE,,Aparición en juego: Crea una ficha de arma daga.,1,FALSE,,2,1,,,https://i.postimg.cc/NjbgLvcT/MERCADER-DE-ARMAS-copia.webp,,,,,,,,,,,,"{'idExpansion': 5, 'nombreExpansion': 'IMPERIO', 'fechaLanzamiento': '2024-07-04T19:48:17.000+00:00', 'visibilidad': True}","{'idTipo': 28, 'nombreTipo': 'UNIDAD'}",,"{'idSubTipo': 6, 'nombreSubTipo': 'DESERTOR'}",,,,"{'idRareza': 1, 'nombreRareza': 'PLATA'}",,"{'idRareza': 2, 'nombreRareza': 'BRONCE'}",FALSE,TRUE,FALSE,FALSE,FALSE,FALSE,FALSE,FALSE,FALSE,FALSE,FALSE,,,FALSE,FALSE,FALSE,FALSE,FALSE,FALSE,FALSE,FALSE,FALSE,,FALSE,FALSE,FALSE,FALSE,TRUE,TRUE,TRUE,TRUE,TRUE,TRUE,TRUE,TRUE,TRUE,,,,,,,,,,,,
34,MIGRACION,,0/9,0,TRUE,,Regresa la unidad objetivo a la mano de su propietario.,1,FALSE,,,,,,https://i.postimg.cc/5yNrjSC6/MIGRACION.webp,https://i.postimg.cc/J0MTwbTd/Mesa-de-trabajo-46.png,https://i.postimg.cc/zBY472H9/migra.jpg,,,,,,,,,,"{'idExpansion': 2, 'nombreExpansion': 'FUNDAMENTOS', 'fechaLanzamiento': '2024-05-26T04:08:58.000+00:00', 'visibilidad': True}","{'idTipo': 1, 'nombreTipo': 'ACCION'}",,,,"{'idSubTipo': 12, 'nombreSubTipo': 'RAPIDA'}",,"{'idRareza': 2, 'nombreRareza': 'BRONCE'}",,"{'idRareza': 2, 'nombreRareza': 'BRONCE'}",FALSE,FALSE,FALSE,FALSE,FALSE,FALSE,FALSE,FALSE,FALSE,FALSE,FALSE,,,FALSE,FALSE,FALSE,FALSE,FALSE,FALSE,FALSE,FALSE,FALSE,,FALSE,FALSE,FALSE,FALSE,TRUE,TRUE,TRUE,TRUE,TRUE,TRUE,TRUE,TRUE,TRUE,,,,,,,,,,,,
267,MINERAL CONDENADO,,4/9,4,TRUE,,Guardián. Aparición en juego: Elige 1: -Crea una ficha de tesoro. -Condena el Descarte del jugador objetivo. -Ganas 3 vidas.,3,FALSE,,3,3,,,https://i.postimg.cc/kMkf8VST/MINERAL-CONDENADO-copia.webp,https://i.postimg.cc/pTn3D80Z/FULL_ART_MINERAL_CONDENADO_COPIA.webp,https://i.postimg.cc/mkfzRtmD/mineral-condenado.webp,https://i.postimg.cc/KzLzyj4j/mineral-condenado.jpg,https://i.postimg.cc/wMjJC5S5/MINERAL_CONDENADO_COPIA.webp,,,,,,,La habilidad debe ir a la pila con la opcion ya elegida.,"{'idExpansion': 4, 'nombreExpansion': 'TRONO COMPARTIDO', 'fechaLanzamiento': '2024-05-26T04:09:14.000+00:00', 'visibilidad': True}","{'idTipo': 28, 'nombreTipo': 'UNIDAD'}",,"{'idSubTipo': 8, 'nombreSubTipo': 'ELEMENTAL'}","{'idSubTipo': 15, 'nombreSubTipo': 'DEMONIO'}",,,"{'idRareza': 1, 'nombreRareza': 'PLATA'}",,"{'idRareza': 4, 'nombreRareza': 'DIAMANTE'}",FALSE,TRUE,FALSE,TRUE,FALSE,FALSE,FALSE,FALSE,FALSE,FALSE,FALSE,,,FALSE,FALSE,FALSE,FALSE,FALSE,FALSE,FALSE,TRUE,FALSE,,FALSE,TRUE,FALSE,FALSE,TRUE,TRUE,TRUE,TRUE,FALSE,FALSE,TRUE,FALSE,FALSE,,,,,,,,,,,,
105,MINERO VOLUNTARIO,,1/9,1,FALSE,,"Si un oponente controla al menos un soldado, esta unidad gana +1/+1. ",1,FALSE,,1,2,,"“Una vida honesta de trabajo es mi deseo,  pero hacer sangrar a soldados de Berin es por lo que respiro"".",https://i.postimg.cc/15dd5653/MINERO-VOLUNTARIO.webp,,,,,,,,,,,,"{'idExpansion': 3, 'nombreExpansion': 'PACTO SECRETO', 'fechaLanzamiento': '2024-05-26T04:09:09.000+00:00', 'visibilidad': True}","{'idTipo': 28, 'nombreTipo': 'UNIDAD'}",,"{'idSubTipo': 6, 'nombreSubTipo': 'DESERTOR'}",,,,"{'idRareza': 2, 'nombreRareza': 'BRONCE'}",,"{'idRareza': 4, 'nombreRareza': 'DIAMANTE'}",FALSE,TRUE,FALSE,FALSE,FALSE,FALSE,FALSE,FALSE,FALSE,FALSE,FALSE,,,FALSE,FALSE,FALSE,FALSE,FALSE,FALSE,FALSE,FALSE,FALSE,,FALSE,FALSE,FALSE,FALSE,TRUE,TRUE,TRUE,TRUE,TRUE,TRUE,TRUE,TRUE,FALSE,,,,,,,,,,,,
268,"MIRK, BORNIANO COLERICO",,8/9,4,TRUE,,Curar. Guardián. Resguardo: 1 de oro. Cuesta 1 menos de oro por cada vida que ganaste este turno. El coste no puede ser menos que 1.,9,FALSE,,4,4,,,https://i.postimg.cc/2j0n4JZ0/MIRK_BORNIANO_COLERICO_COPIA.webp,https://i.postimg.cc/WzGD4Ty7/mirk-borniano-colerico.webp,,,,,,,,,,,"{'idExpansion': 4, 'nombreExpansion': 'TRONO COMPARTIDO', 'fechaLanzamiento': '2024-05-26T04:09:14.000+00:00', 'visibilidad': True}","{'idTipo': 28, 'nombreTipo': 'UNIDAD'}",,"{'idSubTipo': 17, 'nombreSubTipo': 'MONJE'}",,,,"{'idRareza': 4, 'nombreRareza': 'DIAMANTE'}",,"{'idRareza': 3, 'nombreRareza': 'ORO'}",FALSE,TRUE,FALSE,TRUE,FALSE,FALSE,FALSE,TRUE,FALSE,FALSE,FALSE,,,FALSE,FALSE,FALSE,FALSE,FALSE,FALSE,FALSE,FALSE,FALSE,,TRUE,FALSE,FALSE,FALSE,FALSE,FALSE,FALSE,TRUE,FALSE,FALSE,FALSE,FALSE,FALSE,,,,,,,,,,,,
238,MISIONERO DEL OJO,,1/9,2,FALSE,,"Aparición en juego: Si ganaste vidas este turno, el oponente objetivo descarta una carta.",2,FALSE,,2,2,,,https://i.postimg.cc/rp7PFs8t/GUARDIAN_DE_LA_VITALIDAD_COPIA.webp,,,,,,,,,,,,"{'idExpansion': 4, 'nombreExpansion': 'TRONO COMPARTIDO', 'fechaLanzamiento': '2024-05-26T04:09:14.000+00:00', 'visibilidad': True}","{'idTipo': 28, 'nombreTipo': 'UNIDAD'}",,"{'idSubTipo': 1, 'nombreSubTipo': 'PIRATA'}","{'idSubTipo': 17, 'nombreSubTipo': 'MONJE'}",,,"{'idRareza': 2, 'nombreRareza': 'BRONCE'}",,"{'idRareza': 3, 'nombreRareza': 'ORO'}",FALSE,TRUE,FALSE,FALSE,FALSE,FALSE,FALSE,FALSE,FALSE,FALSE,FALSE,,,FALSE,FALSE,FALSE,FALSE,FALSE,FALSE,FALSE,FALSE,FALSE,,FALSE,FALSE,FALSE,TRUE,TRUE,TRUE,TRUE,TRUE,TRUE,TRUE,TRUE,TRUE,FALSE,,,,,,,,,,,,
269,MONTAÑA DE LA INVOCACION,,4/9,0.5,TRUE,,"Aparición en juego: Crea una ficha demonio 2/2. Siempre que una ficha de unidad aliada entre al campo, puedes condenar otra unidad aliada que no sea ficha. Si lo haces, crea una copia de esa ficha.",3,FALSE,,3,3,,,https://i.postimg.cc/VNGFN51B/MONTA-A-DE-INVOCACION-copia.webp,https://i.postimg.cc/bNdkLT0p/MONTAÑA_DE_LA_INVOCACION_COPIA.webp,,,,,,,,,,"Al condenar una unidad no ficha para usar la habilidad de ""Montaña de Invocacion"", esa ficha creada disparará nuevamente, por lo que podríamos repetir el proceso.","{'idExpansion': 4, 'nombreExpansion': 'TRONO COMPARTIDO', 'fechaLanzamiento': '2024-05-26T04:09:14.000+00:00', 'visibilidad': True}","{'idTipo': 28, 'nombreTipo': 'UNIDAD'}",,"{'idSubTipo': 15, 'nombreSubTipo': 'DEMONIO'}","{'idSubTipo': 8, 'nombreSubTipo': 'ELEMENTAL'}","{'idSubTipo': 13, 'nombreSubTipo': 'REALEZA'}",,"{'idRareza': 3, 'nombreRareza': 'ORO'}",,"{'idRareza': 2, 'nombreRareza': 'BRONCE'}",FALSE,TRUE,FALSE,FALSE,FALSE,FALSE,FALSE,FALSE,FALSE,FALSE,FALSE,,,FALSE,FALSE,FALSE,FALSE,FALSE,FALSE,TRUE,FALSE,FALSE,,FALSE,FALSE,FALSE,FALSE,TRUE,TRUE,TRUE,TRUE,FALSE,FALSE,TRUE,FALSE,FALSE,,,,,,,,,,,,
360,MONTURA CARNIVORA,,4/9,2.5,FALSE,,"Frenesí. Oler sangre: +1/+1 y Arrollar. Siempre que ataque, lucha con la unidad rival objetivo.",4,FALSE,,3,3,,,https://i.postimg.cc/XvJnC1jP/MONTURA-CARNIVORA-copia.webp,https://i.postimg.cc/KvQRJ1Lm/FULL-ART-MONTURA-CARNIVORA.webp,,,,,,,,,,,"{'idExpansion': 5, 'nombreExpansion': 'IMPERIO', 'fechaLanzamiento': '2024-07-04T19:48:17.000+00:00', 'visibilidad': True}","{'idTipo': 28, 'nombreTipo': 'UNIDAD'}",,"{'idSubTipo': 3, 'nombreSubTipo': 'ANIMAL'}","{'idSubTipo': 6, 'nombreSubTipo': 'DESERTOR'}",,,"{'idRareza': 2, 'nombreRareza': 'BRONCE'}",,"{'idRareza': 1, 'nombreRareza': 'PLATA'}",FALSE,TRUE,FALSE,FALSE,FALSE,FALSE,TRUE,FALSE,FALSE,FALSE,FALSE,,,FALSE,FALSE,FALSE,FALSE,FALSE,TRUE,FALSE,FALSE,FALSE,,FALSE,FALSE,FALSE,FALSE,TRUE,TRUE,TRUE,TRUE,FALSE,FALSE,TRUE,FALSE,FALSE,,,,,,,,,,,,
328,MONTURA DEL ESPIRITU DEL ANIMAL,,0/9,0,FALSE,,Durabilidad: 1. Equipar: 1 oro. Derrotado: Los animales aliados ganan +1/+1 hasta el final del turno.,1,FALSE,,0,0,,,https://i.postimg.cc/zfc8Sw3G/MONTURA-DEL-ESPIRITU-DEL-ANIMAL-copia.webp,,,,,,,,,,,,"{'idExpansion': 5, 'nombreExpansion': 'IMPERIO', 'fechaLanzamiento': '2024-07-04T19:48:17.000+00:00', 'visibilidad': True}","{'idTipo': 29, 'nombreTipo': 'ARMA'}",,"{'idSubTipo': 3, 'nombreSubTipo': 'ANIMAL'}",,,,"{'idRareza': 2, 'nombreRareza': 'BRONCE'}",,"{'idRareza': 1, 'nombreRareza': 'PLATA'}",FALSE,FALSE,FALSE,FALSE,FALSE,FALSE,FALSE,FALSE,FALSE,FALSE,FALSE,,,FALSE,FALSE,FALSE,FALSE,FALSE,FALSE,FALSE,FALSE,FALSE,,FALSE,FALSE,FALSE,FALSE,TRUE,TRUE,TRUE,TRUE,TRUE,TRUE,TRUE,TRUE,TRUE,,,,,,,,,,,,
329,"MORGAN, ENRIQUECIDO POR EL BOTIN",,5/9,1.5,TRUE,,Temible. Resguardo: 1 oro. Aparición en juego: Regresa todas las cartas de tesoro de tu Descarte al campo.,5,FALSE,,7,3,,,https://i.postimg.cc/0jgvh8Yg/MORGAN-ENRIQUECIDO-POR-EL-BOTIN-copia.webp,,,,,,,,,,,,"{'idExpansion': 5, 'nombreExpansion': 'IMPERIO', 'fechaLanzamiento': '2024-07-04T19:48:17.000+00:00', 'visibilidad': True}","{'idTipo': 28, 'nombreTipo': 'UNIDAD'}",,"{'idSubTipo': 1, 'nombreSubTipo': 'PIRATA'}",,"{'idSubTipo': 13, 'nombreSubTipo': 'REALEZA'}",,"{'idRareza': 4, 'nombreRareza': 'DIAMANTE'}",,"{'idRareza': 3, 'nombreRareza': 'ORO'}",FALSE,TRUE,FALSE,FALSE,FALSE,FALSE,FALSE,FALSE,FALSE,FALSE,FALSE,,,FALSE,FALSE,FALSE,FALSE,FALSE,FALSE,TRUE,FALSE,FALSE,,TRUE,FALSE,FALSE,FALSE,FALSE,TRUE,TRUE,TRUE,FALSE,FALSE,TRUE,FALSE,FALSE,,,,,,,,,,,,
118,"MORGAN, TERROR DE LOS MARES",,8/9,2.5,TRUE,,Frenesí. Hurto. Aparición en juego: El jugador objetivo descarta tres cartas.,5,FALSE,,5,5,,,https://i.postimg.cc/FRq1Jz8B/MORGAN-TERROR-DE-LOS-MARES-copia.jpg,https://i.postimg.cc/QdWyQcxC/morgan.webp,https://i.postimg.cc/nLXwwFBF/morgan-arte-alternativo-foil.jpg,https://i.postimg.cc/y8SbJdkX/MORGAN-TERROR-DE-LOS-MARES.webp,,,,,,,,,"{'idExpansion': 3, 'nombreExpansion': 'PACTO SECRETO', 'fechaLanzamiento': '2024-05-26T04:09:09.000+00:00', 'visibilidad': True}","{'idTipo': 28, 'nombreTipo': 'UNIDAD'}",,"{'idSubTipo': 1, 'nombreSubTipo': 'PIRATA'}","{'idSubTipo': 13, 'nombreSubTipo': 'REALEZA'}",,,"{'idRareza': 4, 'nombreRareza': 'DIAMANTE'}",,"{'idRareza': 1, 'nombreRareza': 'PLATA'}",FALSE,TRUE,FALSE,FALSE,FALSE,FALSE,FALSE,FALSE,FALSE,FALSE,FALSE,,,FALSE,FALSE,FALSE,FALSE,FALSE,FALSE,TRUE,FALSE,FALSE,,FALSE,FALSE,TRUE,TRUE,FALSE,FALSE,FALSE,TRUE,FALSE,FALSE,FALSE,FALSE,FALSE,,,,,,,,,,,,
64,MUERTE INMINENTE,,0/9,1.25,TRUE,,"Como coste adicional, pierdes 2 vidas. Destruye la unidad objetivo de fuerza 3 o menos.",1,FALSE,,,,,,https://i.postimg.cc/T1D1jGXY/MUERTE-INMINENTE-copia.jpg,https://i.postimg.cc/SNvyCLqr/Full-Art-Muerte-inminente-copia.jpg,https://i.postimg.cc/3xgZr1xX/muerte-foil.jpg,https://i.postimg.cc/TPVNSGbX/muerte-inminente.webp,https://i.postimg.cc/W4yFHTCG/MUERTE-INMINENTE-copia.jpg,https://i.postimg.cc/3R3SbF9n/MUERTE-INMINENTE.webp,https://i.postimg.cc/T1D1jGXY/MUERTE-INMINENTE-copia.jpg,,,,,,"{'idExpansion': 3, 'nombreExpansion': 'PACTO SECRETO', 'fechaLanzamiento': '2024-05-26T04:09:09.000+00:00', 'visibilidad': True}","{'idTipo': 1, 'nombreTipo': 'ACCION'}",,,,"{'idSubTipo': 12, 'nombreSubTipo': 'RAPIDA'}",,"{'idRareza': 3, 'nombreRareza': 'ORO'}",,"{'idRareza': 3, 'nombreRareza': 'ORO'}",FALSE,FALSE,FALSE,FALSE,FALSE,FALSE,TRUE,FALSE,FALSE,FALSE,FALSE,,,FALSE,FALSE,FALSE,FALSE,FALSE,FALSE,FALSE,FALSE,FALSE,,FALSE,FALSE,FALSE,FALSE,TRUE,TRUE,TRUE,TRUE,TRUE,TRUE,TRUE,TRUE,TRUE,,,,,,,,,,,,
35,MULTIPLICAR LOS PANES,,0/9,1.25,TRUE,,Destruir: Crea una copia de la unidad objetivo. Destruye dicha copia al final de tu turno.,5,FALSE,5,,,,,https://i.postimg.cc/mDVXx15R/MULTIPLICAR-LOS-PANES.webp,https://i.postimg.cc/25tXXfHv/Mesa-de-trabajo-47-200x.png,https://i.postimg.cc/c4L2Fn64/panes.jpg,,,,,,,,,Debe hacer objetivo al activarse el efecto.,"{'idExpansion': 2, 'nombreExpansion': 'FUNDAMENTOS', 'fechaLanzamiento': '2024-05-26T04:08:58.000+00:00', 'visibilidad': True}","{'idTipo': 6, 'nombreTipo': 'TESORO'}",,,,,,"{'idRareza': 3, 'nombreRareza': 'ORO'}",,"{'idRareza': 4, 'nombreRareza': 'DIAMANTE'}",FALSE,FALSE,FALSE,FALSE,FALSE,FALSE,TRUE,FALSE,FALSE,FALSE,FALSE,,,FALSE,FALSE,FALSE,FALSE,FALSE,FALSE,FALSE,FALSE,FALSE,,FALSE,FALSE,FALSE,FALSE,TRUE,TRUE,TRUE,TRUE,TRUE,TRUE,TRUE,TRUE,TRUE,,,,,,,,,,,,
155,MURALLA IMPENETRABLE,,0/9,0,FALSE,,"Al principio de tu turno, erosiona. Las unidades que no controlas ganan -1/-0. Erosion 4.",3,FALSE,,,,,,https://i.postimg.cc/Btf6Myq5/MURALLA-IMPENETRABLE-copia.jpg,https://i.postimg.cc/DzrpgMQS/MURALLA-IMPENETRABLE.webp,,,,,,,,,,"Mientras está en juego, las unidades rivales tienen -1/0. ","{'idExpansion': 3, 'nombreExpansion': 'PACTO SECRETO', 'fechaLanzamiento': '2024-05-26T04:09:09.000+00:00', 'visibilidad': True}","{'idTipo': 17, 'nombreTipo': 'MONUMENTO'}",,,,,,"{'idRareza': 2, 'nombreRareza': 'BRONCE'}",,"{'idRareza': 2, 'nombreRareza': 'BRONCE'}",FALSE,FALSE,FALSE,FALSE,FALSE,FALSE,FALSE,FALSE,FALSE,FALSE,FALSE,,,FALSE,FALSE,FALSE,FALSE,FALSE,FALSE,FALSE,FALSE,FALSE,,FALSE,FALSE,FALSE,FALSE,TRUE,TRUE,TRUE,TRUE,TRUE,TRUE,TRUE,TRUE,TRUE,,,,,,,,,,,,
129,"NATA, MADRE DEL BOSQUE",,8/9,1,FALSE,,Aparición en juego: Busca en tu Reino una carta llamada Árbol anciano y ponlo en el tope de tu Reino.,4,FALSE,,5,5,,,https://i.postimg.cc/9fjMWnfW/NATA-MADRE-DEL-BOSQUE-copia.jpg,https://i.postimg.cc/mg1TwcgG/Full-art-Nata-madre-del-bosque-copia.jpg,https://i.postimg.cc/SsVTSrVT/nata-full-art.webp,https://i.postimg.cc/k53hWmSr/NATA-MADRE-DEL-BOSQUE.webp,,,,,,,,,"{'idExpansion': 3, 'nombreExpansion': 'PACTO SECRETO', 'fechaLanzamiento': '2024-05-26T04:09:09.000+00:00', 'visibilidad': True}","{'idTipo': 28, 'nombreTipo': 'UNIDAD'}",,"{'idSubTipo': 8, 'nombreSubTipo': 'ELEMENTAL'}",,,,"{'idRareza': 1, 'nombreRareza': 'PLATA'}",,"{'idRareza': 2, 'nombreRareza': 'BRONCE'}",FALSE,TRUE,FALSE,FALSE,FALSE,FALSE,FALSE,FALSE,FALSE,FALSE,FALSE,,,FALSE,FALSE,FALSE,FALSE,FALSE,FALSE,FALSE,FALSE,FALSE,,FALSE,FALSE,FALSE,FALSE,FALSE,FALSE,FALSE,TRUE,FALSE,FALSE,FALSE,FALSE,FALSE,,,,,,,,,,,,
111,"NICOL, LA APRENDIZ",,1/9,2,TRUE,,Aparición en juego: El jugador objetivo muestra su mano. Eliges una carta de acción. Ese jugador descarta esa carta.,2,FALSE,,1,2,,,https://i.postimg.cc/c4btNhYH/NICOL-LA-APRENDIZ-copia.jpg,https://i.postimg.cc/zD0M66sW/NICOL-LA-APRENDIZ.webp,https://i.postimg.cc/g2wCMV38/nicol.jpg,https://i.postimg.cc/zGXStZvP/METAL-NICOL-LA-APRENDIZ.png,,,,,,,,,"{'idExpansion': 3, 'nombreExpansion': 'PACTO SECRETO', 'fechaLanzamiento': '2024-05-26T04:09:09.000+00:00', 'visibilidad': True}","{'idTipo': 28, 'nombreTipo': 'UNIDAD'}",,"{'idSubTipo': 5, 'nombreSubTipo': 'BRUJA'}",,,,"{'idRareza': 1, 'nombreRareza': 'PLATA'}",,"{'idRareza': 2, 'nombreRareza': 'BRONCE'}",FALSE,TRUE,FALSE,FALSE,FALSE,FALSE,FALSE,FALSE,FALSE,FALSE,FALSE,,,FALSE,FALSE,FALSE,FALSE,FALSE,FALSE,FALSE,FALSE,FALSE,,FALSE,FALSE,FALSE,TRUE,TRUE,TRUE,TRUE,TRUE,TRUE,TRUE,TRUE,TRUE,FALSE,,,,,,,,,,,,
387,NUBE DE DESTRUCCION,,7/9,2,TRUE,,Agotar: Hace 1 daño hasta a una unidad rival objetivo y cada oponente.,3,FALSE,3,1,4,,,https://i.postimg.cc/hjQgCJ7b/NUBE-DE-DESTRUCCION-copia.webp,,,,,,,,,,,,"{'idExpansion': 5, 'nombreExpansion': 'IMPERIO', 'fechaLanzamiento': '2024-07-04T19:48:17.000+00:00', 'visibilidad': True}","{'idTipo': 6, 'nombreTipo': 'TESORO'}",,,,,,"{'idRareza': 3, 'nombreRareza': 'ORO'}",,"{'idRareza': 2, 'nombreRareza': 'BRONCE'}",TRUE,TRUE,FALSE,FALSE,FALSE,FALSE,FALSE,FALSE,FALSE,FALSE,FALSE,,,FALSE,FALSE,FALSE,FALSE,FALSE,FALSE,FALSE,FALSE,FALSE,,FALSE,FALSE,FALSE,FALSE,TRUE,FALSE,FALSE,TRUE,FALSE,FALSE,FALSE,FALSE,FALSE,,,,,,,,,,,,
524,OBJETO MISTERIOSO,,7/9,1,TRUE,,Aparición en juego: Predicción Bóveda 1.,3,FALSE,3,3,4,,,https://i.postimg.cc/SKQT6ZhJ/OBJETO_MISTERIOSO_copia.webp,,,,,,,,,,,,"{'idExpansion': 6, 'nombreExpansion': 'ANCESTROS', 'fechaLanzamiento': '2024-11-19T03:36:06.000+00:00', 'visibilidad': True}","{'idTipo': 6, 'nombreTipo': 'TESORO'}",,,,,,"{'idRareza': 1, 'nombreRareza': 'PLATA'}",,"{'idRareza': 2, 'nombreRareza': 'BRONCE'}",FALSE,TRUE,FALSE,FALSE,FALSE,FALSE,FALSE,FALSE,FALSE,FALSE,FALSE,,,FALSE,FALSE,FALSE,FALSE,FALSE,FALSE,FALSE,FALSE,FALSE,,FALSE,FALSE,FALSE,FALSE,TRUE,FALSE,FALSE,TRUE,FALSE,FALSE,FALSE,FALSE,FALSE,,,,,,,,,,,,
560,OBSEQUIANTE GENEROSA,,4/9,3,TRUE,,Guardián. Disipar 2: Crea una ficha de tesoro.,1,FALSE,,2,3,,,https://i.postimg.cc/bJsmMsdP/OBSEQUIANTE_GENEROSA_copia.webp,,,,,,,,,,,,"{'idExpansion': 6, 'nombreExpansion': 'ANCESTROS', 'fechaLanzamiento': '2024-11-19T03:36:06.000+00:00', 'visibilidad': True}","{'idTipo': 28, 'nombreTipo': 'UNIDAD'}",,"{'idSubTipo': 20, 'nombreSubTipo': 'DJINN'}",,,,"{'idRareza': 1, 'nombreRareza': 'PLATA'}",,"{'idRareza': 3, 'nombreRareza': 'ORO'}",FALSE,TRUE,FALSE,TRUE,FALSE,FALSE,FALSE,FALSE,FALSE,FALSE,FALSE,,,FALSE,FALSE,FALSE,FALSE,FALSE,FALSE,FALSE,FALSE,FALSE,,FALSE,TRUE,FALSE,FALSE,TRUE,TRUE,TRUE,TRUE,FALSE,FALSE,TRUE,FALSE,FALSE,,,,,,,,,,,,
525,"OGRID, HERALDO DE LA MUERTE",,8/9,1.65,FALSE,,"Evasión. Resguardo: 2 de oro. Aparición en juego: Puedes intercambiar el total de vidas de dos jugadores objetivo con 7 o más vidas. Mientras un oponente tenga 7 o más vidas, gana +2/+2.",7,FALSE,3,4,4,,,"https://i.postimg.cc/DZHxKnbX/OGRID,_HERALDO_DE_LA_MUERTE_copia.webp",,,,,,,,,,,,"{'idExpansion': 6, 'nombreExpansion': 'ANCESTROS', 'fechaLanzamiento': '2024-11-19T03:36:06.000+00:00', 'visibilidad': True}","{'idTipo': 28, 'nombreTipo': 'UNIDAD'}",,"{'idSubTipo': 9, 'nombreSubTipo': 'DRAGON'}",,"{'idSubTipo': 13, 'nombreSubTipo': 'REALEZA'}",,"{'idRareza': 3, 'nombreRareza': 'ORO'}",,"{'idRareza': 1, 'nombreRareza': 'PLATA'}",FALSE,TRUE,FALSE,FALSE,FALSE,FALSE,FALSE,FALSE,FALSE,FALSE,FALSE,,,TRUE,FALSE,FALSE,FALSE,FALSE,FALSE,TRUE,FALSE,FALSE,,TRUE,FALSE,FALSE,FALSE,FALSE,FALSE,FALSE,TRUE,FALSE,FALSE,FALSE,FALSE,FALSE,,,,,,,,,,,,
526,"OMAN, REY ESCLAVIZADO",,4/9,3.5,TRUE,,"Dureza. Guardián. Resguardo: 1 de oro. Al inicio de tu fase final, elige 1 que no fue elegida aún: -Crea una ficha soldado 1/1. -Hasta una unidad rival objetivo debe atacar en su próximo turno. -Puedes descartar una carta. Si lo haces, roba una carta.",2,FALSE,3,3,3,,,"https://i.postimg.cc/NFXpsS1P/OMAN,_REY_ESCLAVIZADO_copia.webp",,,,,,,,,,,,"{'idExpansion': 6, 'nombreExpansion': 'ANCESTROS', 'fechaLanzamiento': '2024-11-19T03:36:06.000+00:00', 'visibilidad': True}","{'idTipo': 28, 'nombreTipo': 'UNIDAD'}",,"{'idSubTipo': 20, 'nombreSubTipo': 'DJINN'}","{'idSubTipo': 2, 'nombreSubTipo': 'SOLDADO'}","{'idSubTipo': 13, 'nombreSubTipo': 'REALEZA'}",,"{'idRareza': 4, 'nombreRareza': 'DIAMANTE'}",,"{'idRareza': 2, 'nombreRareza': 'BRONCE'}",FALSE,TRUE,FALSE,TRUE,FALSE,FALSE,FALSE,FALSE,FALSE,FALSE,TRUE,,,FALSE,FALSE,FALSE,FALSE,FALSE,FALSE,TRUE,FALSE,FALSE,,TRUE,FALSE,FALSE,FALSE,TRUE,TRUE,TRUE,TRUE,FALSE,FALSE,TRUE,FALSE,FALSE,,,,,,,,,,,,
330,OPORTUNISTA DE LA FLOTA,,1/9,1,FALSE,,"Siempre que un oponente descarte una carta, gana +1/+1 y Temible hasta el final del turno.",1,FALSE,,2,2,,,https://i.postimg.cc/gjvpWfsx/OPORTUNISTA-DE-LA-FLOTA-copia.webp,,,,,,,,,,,,"{'idExpansion': 5, 'nombreExpansion': 'IMPERIO', 'fechaLanzamiento': '2024-07-04T19:48:17.000+00:00', 'visibilidad': True}","{'idTipo': 28, 'nombreTipo': 'UNIDAD'}",,"{'idSubTipo': 1, 'nombreSubTipo': 'PIRATA'}",,,,"{'idRareza': 2, 'nombreRareza': 'BRONCE'}",,"{'idRareza': 2, 'nombreRareza': 'BRONCE'}",FALSE,TRUE,FALSE,FALSE,FALSE,FALSE,FALSE,FALSE,FALSE,FALSE,FALSE,,,FALSE,FALSE,FALSE,FALSE,FALSE,FALSE,FALSE,FALSE,FALSE,,FALSE,FALSE,FALSE,FALSE,TRUE,TRUE,TRUE,TRUE,TRUE,TRUE,TRUE,TRUE,FALSE,,,,,,,,,,,,
527,ORACULO DE LA FORTUNA,,7/9,1,FALSE,,"Siempre que eligas, Predicción Bóveda 1. Dispara solo una vez por turno.",1,FALSE,3,0,4,,,https://i.postimg.cc/XNB2kGTc/ORACULO_DE_LA_FORTUNA_copia.webp,,,,,,,,,,,,"{'idExpansion': 6, 'nombreExpansion': 'ANCESTROS', 'fechaLanzamiento': '2024-11-19T03:36:06.000+00:00', 'visibilidad': True}","{'idTipo': 28, 'nombreTipo': 'UNIDAD'}",,"{'idSubTipo': 20, 'nombreSubTipo': 'DJINN'}",,,,"{'idRareza': 2, 'nombreRareza': 'BRONCE'}",,"{'idRareza': 3, 'nombreRareza': 'ORO'}",FALSE,TRUE,FALSE,FALSE,FALSE,FALSE,FALSE,FALSE,FALSE,FALSE,FALSE,,,FALSE,FALSE,FALSE,FALSE,FALSE,FALSE,FALSE,FALSE,FALSE,,FALSE,FALSE,FALSE,FALSE,TRUE,FALSE,FALSE,TRUE,FALSE,FALSE,FALSE,FALSE,FALSE,,,,,,,,,,,,
65,ORACULO DEL DESTINO,,0/9,1,TRUE,,"Roba dos cartas de tu Reino, luego descarta una carta.",2,FALSE,,,,,,https://i.postimg.cc/NjwbZ7bp/ORACULO-DEL-DESTINO-copia.jpg,https://i.postimg.cc/CL5tgJ02/ORACULO-DEL-DESTINO.webp,,,,,,,,,,,"{'idExpansion': 3, 'nombreExpansion': 'PACTO SECRETO', 'fechaLanzamiento': '2024-05-26T04:09:09.000+00:00', 'visibilidad': True}","{'idTipo': 1, 'nombreTipo': 'ACCION'}",,,,"{'idSubTipo': 12, 'nombreSubTipo': 'RAPIDA'}",,"{'idRareza': 2, 'nombreRareza': 'BRONCE'}",,"{'idRareza': 2, 'nombreRareza': 'BRONCE'}",FALSE,FALSE,FALSE,FALSE,FALSE,FALSE,FALSE,FALSE,FALSE,FALSE,TRUE,,,FALSE,FALSE,FALSE,FALSE,FALSE,FALSE,FALSE,FALSE,FALSE,,FALSE,FALSE,FALSE,FALSE,TRUE,TRUE,TRUE,TRUE,TRUE,TRUE,TRUE,TRUE,TRUE,,,,,,,,,,,,
528,ORBE DE ANHELO MATERIAL,,7/9,1,FALSE,,Durabilidad: 2. Equipar: 1 de oro. Derrotado: Busca en tu Reino una carta no djinn y ponla en el tope.,1,FALSE,3,0,4,,,https://i.postimg.cc/sDFT6fzF/ORBE_DE_ANHELO_MATERIAL_copia.webp,,,,,,,,,,,,"{'idExpansion': 6, 'nombreExpansion': 'ANCESTROS', 'fechaLanzamiento': '2024-11-19T03:36:06.000+00:00', 'visibilidad': True}","{'idTipo': 29, 'nombreTipo': 'ARMA'}",,"{'idSubTipo': 20, 'nombreSubTipo': 'DJINN'}",,,,"{'idRareza': 2, 'nombreRareza': 'BRONCE'}",,"{'idRareza': 4, 'nombreRareza': 'DIAMANTE'}",FALSE,TRUE,FALSE,FALSE,FALSE,FALSE,FALSE,FALSE,FALSE,FALSE,FALSE,,,FALSE,FALSE,FALSE,FALSE,FALSE,FALSE,FALSE,FALSE,FALSE,,FALSE,FALSE,FALSE,FALSE,TRUE,FALSE,FALSE,TRUE,FALSE,FALSE,FALSE,FALSE,FALSE,,,,,,,,,,,,
83,ORDEN DE SALVACION,,0/9,0,FALSE,,Ganas 1 vida por cada unidad que controlas en la zona de formación.,3,FALSE,,,,,,https://i.postimg.cc/J4XPTd3s/ORDEN-DE-SALVACION-copia.jpg,https://i.postimg.cc/D0Mx0khM/ORDEN-DE-SALVACION.webp,,,,,,,,,,,"{'idExpansion': 3, 'nombreExpansion': 'PACTO SECRETO', 'fechaLanzamiento': '2024-05-26T04:09:09.000+00:00', 'visibilidad': True}","{'idTipo': 1, 'nombreTipo': 'ACCION'}",,,,"{'idSubTipo': 12, 'nombreSubTipo': 'RAPIDA'}",,"{'idRareza': 2, 'nombreRareza': 'BRONCE'}",,"{'idRareza': 3, 'nombreRareza': 'ORO'}",FALSE,FALSE,FALSE,FALSE,FALSE,FALSE,FALSE,FALSE,FALSE,FALSE,FALSE,,,FALSE,FALSE,FALSE,FALSE,FALSE,FALSE,FALSE,FALSE,FALSE,,FALSE,FALSE,FALSE,FALSE,TRUE,TRUE,TRUE,TRUE,TRUE,TRUE,TRUE,TRUE,TRUE,,,,,,,,,,,,
270,ORDENANDO LA CONDENA,,0/9,0,TRUE,,"Pacifica la unidad objetivo. Si ganaste vidas este turno, condénala en su lugar. El controlador gana vidas igual a su fuerza.",1,FALSE,,,,,,https://i.postimg.cc/zXMWQgpW/ORDENANDO_LA_CONDENA_COPIA.webp,https://i.postimg.cc/44VHPQ3h/ordenando-la-condena.webp,,,,,,,,,,,"{'idExpansion': 4, 'nombreExpansion': 'TRONO COMPARTIDO', 'fechaLanzamiento': '2024-05-26T04:09:14.000+00:00', 'visibilidad': True}","{'idTipo': 1, 'nombreTipo': 'ACCION'}",,"{'idSubTipo': 14, 'nombreSubTipo': 'COMUN'}","{'idSubTipo': 17, 'nombreSubTipo': 'MONJE'}",,,"{'idRareza': 3, 'nombreRareza': 'ORO'}",,"{'idRareza': 1, 'nombreRareza': 'PLATA'}",FALSE,FALSE,FALSE,FALSE,FALSE,FALSE,FALSE,FALSE,FALSE,FALSE,FALSE,,,FALSE,FALSE,FALSE,FALSE,FALSE,FALSE,FALSE,FALSE,FALSE,,FALSE,FALSE,FALSE,FALSE,TRUE,TRUE,TRUE,TRUE,TRUE,TRUE,TRUE,TRUE,TRUE,,,,,,,,,,,,
529,ORDENES DE BALDUR,,7/9,2.25,FALSE,,Elige 2: -Condena la unidad aliada objetivo de fuerza 1 o menos. Regrésala al campo al inicio de la próxima fase final. -Los enanos aliados ganan +1/+0 hasta el final del turno. -Crea dos fichas enano 1/1. -Condena la unidad rival objetivo de fuerza 4 o más.,3,FALSE,3,0,4,,,https://i.postimg.cc/Nf1pWhGK/ORDENES_DE_BALDUR_copia.webp,,,,,,,,,,,,"{'idExpansion': 6, 'nombreExpansion': 'ANCESTROS', 'fechaLanzamiento': '2024-11-19T03:36:06.000+00:00', 'visibilidad': True}","{'idTipo': 1, 'nombreTipo': 'ACCION'}",,"{'idSubTipo': 14, 'nombreSubTipo': 'COMUN'}","{'idSubTipo': 19, 'nombreSubTipo': 'ENANO'}",,,"{'idRareza': 1, 'nombreRareza': 'PLATA'}",,"{'idRareza': 1, 'nombreRareza': 'PLATA'}",FALSE,TRUE,FALSE,FALSE,FALSE,FALSE,TRUE,FALSE,FALSE,FALSE,FALSE,,,FALSE,FALSE,FALSE,FALSE,FALSE,FALSE,FALSE,FALSE,FALSE,,FALSE,FALSE,FALSE,FALSE,TRUE,FALSE,FALSE,TRUE,FALSE,FALSE,FALSE,FALSE,FALSE,,,,,,,,,,,,
74,ORNAMENTA MARAVILLOSA,,4/9,1.25,FALSE,,Arrollar. Gana +1/+1 por cada otra Ornamenta maravillosa que controlas.,3,FALSE,,3,3,,,https://i.postimg.cc/ZqbH5bGN/ORNAMENTA-MARAVILLOSA-copia.jpg,https://i.postimg.cc/NfZNwcpy/ORNAMENTA-MARAVILLOSA.webp,,,,,,,,,,,"{'idExpansion': 3, 'nombreExpansion': 'PACTO SECRETO', 'fechaLanzamiento': '2024-05-26T04:09:09.000+00:00', 'visibilidad': True}","{'idTipo': 28, 'nombreTipo': 'UNIDAD'}",,"{'idSubTipo': 3, 'nombreSubTipo': 'ANIMAL'}",,,,"{'idRareza': 2, 'nombreRareza': 'BRONCE'}",,"{'idRareza': 2, 'nombreRareza': 'BRONCE'}",FALSE,TRUE,FALSE,FALSE,FALSE,FALSE,FALSE,FALSE,FALSE,FALSE,FALSE,,,FALSE,FALSE,FALSE,FALSE,FALSE,TRUE,FALSE,FALSE,FALSE,,FALSE,FALSE,FALSE,FALSE,TRUE,TRUE,TRUE,TRUE,FALSE,FALSE,TRUE,FALSE,FALSE,,,,,,,,,,,,
271,PACIFICADOR,,1/9,2,FALSE,,Guardián. Aparición en juego: Pacifica la unidad objetivo.,1,FALSE,,2,2,,,https://i.postimg.cc/W1krc1fy/PACIFICADOR_COPIA.webp,,,,,,,,,,,,"{'idExpansion': 4, 'nombreExpansion': 'TRONO COMPARTIDO', 'fechaLanzamiento': '2024-05-26T04:09:14.000+00:00', 'visibilidad': True}","{'idTipo': 28, 'nombreTipo': 'UNIDAD'}",,"{'idSubTipo': 17, 'nombreSubTipo': 'MONJE'}",,,,"{'idRareza': 2, 'nombreRareza': 'BRONCE'}",,"{'idRareza': 2, 'nombreRareza': 'BRONCE'}",FALSE,TRUE,FALSE,TRUE,FALSE,FALSE,FALSE,FALSE,FALSE,FALSE,FALSE,,,FALSE,FALSE,FALSE,FALSE,FALSE,FALSE,FALSE,FALSE,FALSE,,FALSE,FALSE,FALSE,FALSE,TRUE,TRUE,TRUE,TRUE,TRUE,TRUE,TRUE,TRUE,FALSE,,,,,,,,,,,,
380,PAGADOR DE SUELDOS,,2/9,1,FALSE,,Aparición en juego: Regresa la carta de tesoro objetivo de tu Descarte al campo.,3,FALSE,,4,2,,,https://i.postimg.cc/Wbvjn1pg/PAGADOR-DE-SUELDOS-copia.webp,https://i.postimg.cc/ZYMfyqqK/METAL-ARLEQUIN-DE-LA-CORONA.png,,,,,,,,,,,"{'idExpansion': 5, 'nombreExpansion': 'IMPERIO', 'fechaLanzamiento': '2024-07-04T19:48:17.000+00:00', 'visibilidad': True}","{'idTipo': 28, 'nombreTipo': 'UNIDAD'}",,"{'idSubTipo': 1, 'nombreSubTipo': 'PIRATA'}",,,,"{'idRareza': 3, 'nombreRareza': 'ORO'}",,"{'idRareza': 3, 'nombreRareza': 'ORO'}",FALSE,TRUE,FALSE,FALSE,FALSE,FALSE,FALSE,FALSE,FALSE,FALSE,FALSE,,,FALSE,FALSE,FALSE,FALSE,FALSE,FALSE,FALSE,FALSE,FALSE,,FALSE,FALSE,FALSE,FALSE,FALSE,TRUE,TRUE,TRUE,TRUE,TRUE,TRUE,TRUE,FALSE,,,,,,,,,,,,
36,PAGO ADELANTADO,,0/9,0,TRUE,,Agotar: Mueve el tesoro objetivo a la zona de tesoros agotados.,4,FALSE,4,,,,,https://i.postimg.cc/HWZZB5M9/PAGO-ADELANTADO.webp,https://i.postimg.cc/nz6gMtBZ/Mesa-de-trabajo-48-200x.png,,,,,,,,,,,"{'idExpansion': 2, 'nombreExpansion': 'FUNDAMENTOS', 'fechaLanzamiento': '2024-05-26T04:08:58.000+00:00', 'visibilidad': True}","{'idTipo': 6, 'nombreTipo': 'TESORO'}",,,,,,"{'idRareza': 2, 'nombreRareza': 'BRONCE'}",,"{'idRareza': 3, 'nombreRareza': 'ORO'}",FALSE,FALSE,FALSE,FALSE,FALSE,FALSE,FALSE,FALSE,FALSE,FALSE,FALSE,,,FALSE,FALSE,FALSE,FALSE,FALSE,FALSE,FALSE,FALSE,FALSE,,FALSE,FALSE,FALSE,FALSE,TRUE,TRUE,TRUE,TRUE,TRUE,TRUE,TRUE,TRUE,TRUE,,,,,,,,,,,,
272,PANTANO DE BORNIS,,0/9,0,TRUE,,"Destruir: Hasta el final del turno, siempre que una unidad aliada muera, cada oponente pierde 1 vida.",2,FALSE,2,,,,,https://i.postimg.cc/hGRmDRkt/PANTANO_DE_BORNIS_COPIA.webp,https://i.postimg.cc/1tNnxb1L/PANTANO-DE-BORNIS-copia.jpg,,,,,,,,,,Cada unidad aliada que muera dispara un trigger separado de pérdida de vida,"{'idExpansion': 4, 'nombreExpansion': 'TRONO COMPARTIDO', 'fechaLanzamiento': '2024-05-26T04:09:14.000+00:00', 'visibilidad': True}","{'idTipo': 6, 'nombreTipo': 'TESORO'}",,,,,,"{'idRareza': 4, 'nombreRareza': 'DIAMANTE'}",,"{'idRareza': 3, 'nombreRareza': 'ORO'}",FALSE,FALSE,FALSE,FALSE,FALSE,FALSE,FALSE,FALSE,FALSE,FALSE,FALSE,,,FALSE,FALSE,FALSE,FALSE,FALSE,FALSE,FALSE,FALSE,FALSE,,FALSE,FALSE,FALSE,FALSE,TRUE,TRUE,TRUE,TRUE,TRUE,TRUE,TRUE,TRUE,TRUE,,,,,,,,,,,,
381,PEDIR UN DESEO AL MAR,,2/9,2.25,TRUE,,"(Como coste adicional, destruye un tesoro aliado). Destruye la unidad rival objetivo. Si es de coste 2 o menos, su dueño descarta una carta.",1,FALSE,,4,2,,,https://i.postimg.cc/vHtySwDj/PEDIR-UN-DESEO-AL-MAR-copia.webp,https://i.postimg.cc/tRhpcLTT/PEDIR-UN-DESEO-AL-MAR-copia.webp,,,,,,,,,,,"{'idExpansion': 5, 'nombreExpansion': 'IMPERIO', 'fechaLanzamiento': '2024-07-04T19:48:17.000+00:00', 'visibilidad': True}","{'idTipo': 1, 'nombreTipo': 'ACCION'}",,"{'idSubTipo': 14, 'nombreSubTipo': 'COMUN'}","{'idSubTipo': 1, 'nombreSubTipo': 'PIRATA'}",,,"{'idRareza': 3, 'nombreRareza': 'ORO'}",,"{'idRareza': 3, 'nombreRareza': 'ORO'}",FALSE,TRUE,FALSE,FALSE,FALSE,FALSE,TRUE,FALSE,FALSE,FALSE,FALSE,,,FALSE,FALSE,FALSE,FALSE,FALSE,FALSE,FALSE,FALSE,FALSE,,FALSE,FALSE,FALSE,FALSE,FALSE,TRUE,TRUE,TRUE,TRUE,TRUE,TRUE,TRUE,FALSE,,,,,,,,,,,,
125,PEDRUSCO INTIMIDANTE,,7/9,0.5,FALSE,,Las unidades de fuerza 4 o más  que no controlas no pueden atacar.,3,FALSE,,2,4,,,https://i.postimg.cc/T2L9wH4t/PEDRUSCO-INTIMIDANTE-copia.jpg,https://i.postimg.cc/658HS3LJ/PEDRUSCO-INTIMIDANTE.webp,,,,,,,,,,,"{'idExpansion': 3, 'nombreExpansion': 'PACTO SECRETO', 'fechaLanzamiento': '2024-05-26T04:09:09.000+00:00', 'visibilidad': True}","{'idTipo': 28, 'nombreTipo': 'UNIDAD'}",,"{'idSubTipo': 8, 'nombreSubTipo': 'ELEMENTAL'}","{'idSubTipo': 13, 'nombreSubTipo': 'REALEZA'}",,,"{'idRareza': 1, 'nombreRareza': 'PLATA'}",,"{'idRareza': 2, 'nombreRareza': 'BRONCE'}",FALSE,TRUE,FALSE,FALSE,FALSE,FALSE,FALSE,FALSE,FALSE,FALSE,FALSE,,,FALSE,FALSE,FALSE,FALSE,FALSE,FALSE,TRUE,FALSE,FALSE,,FALSE,FALSE,FALSE,FALSE,TRUE,FALSE,FALSE,TRUE,FALSE,FALSE,FALSE,FALSE,FALSE,,,,,,,,,,,,
117,"PET, PERRO LADRON",,5/9,2,FALSE,,Temible. Hurto. Cuesta 1 menos por cada pirata que controlas. El coste no puede ser menor que 1.,5,FALSE,,5,3,,,https://i.postimg.cc/kGbFpBb0/PET-PERRO-LADRON-copia.jpg,https://i.postimg.cc/5y6mZ7zq/PET-PERRO-LADRON.webp,,,,,,,,,,,"{'idExpansion': 3, 'nombreExpansion': 'PACTO SECRETO', 'fechaLanzamiento': '2024-05-26T04:09:09.000+00:00', 'visibilidad': True}","{'idTipo': 28, 'nombreTipo': 'UNIDAD'}",,"{'idSubTipo': 1, 'nombreSubTipo': 'PIRATA'}",,,,"{'idRareza': 1, 'nombreRareza': 'PLATA'}",,"{'idRareza': 1, 'nombreRareza': 'PLATA'}",FALSE,TRUE,FALSE,FALSE,FALSE,FALSE,FALSE,FALSE,FALSE,FALSE,FALSE,,,FALSE,FALSE,FALSE,FALSE,FALSE,FALSE,FALSE,FALSE,FALSE,,FALSE,FALSE,TRUE,FALSE,FALSE,TRUE,TRUE,TRUE,FALSE,FALSE,TRUE,FALSE,FALSE,,,,,,,,,,,,
361,PETARDO CONTRATADO,,1/9,3.25,FALSE,,1 de oro y Destruir: Elige 1: -Hace 2 daños hasta a una unidad rival objetivo y a cada oponente. -Destruye el monumento rival objetivo de coste 2 o menos.,2,FALSE,,3,2,,,https://i.postimg.cc/W1pvBYk4/PETARDO-CONTRATADO-copia.webp,,,,,,,,,,,,"{'idExpansion': 5, 'nombreExpansion': 'IMPERIO', 'fechaLanzamiento': '2024-07-04T19:48:17.000+00:00', 'visibilidad': True}","{'idTipo': 28, 'nombreTipo': 'UNIDAD'}",,"{'idSubTipo': 6, 'nombreSubTipo': 'DESERTOR'}",,,,"{'idRareza': 2, 'nombreRareza': 'BRONCE'}",,"{'idRareza': 2, 'nombreRareza': 'BRONCE'}",TRUE,TRUE,FALSE,FALSE,FALSE,FALSE,TRUE,FALSE,FALSE,FALSE,FALSE,,,FALSE,FALSE,FALSE,FALSE,FALSE,FALSE,FALSE,FALSE,FALSE,,FALSE,FALSE,FALSE,FALSE,TRUE,TRUE,TRUE,TRUE,TRUE,TRUE,TRUE,TRUE,FALSE,,,,,,,,,,,,
88,"PHILL, EL MEJOR AMIGO",,1/9,1,FALSE,,"Si controlas a Tim, el valiente esta unidad gana +1/+1.",2,FALSE,,2,2,,,https://i.postimg.cc/HxK9zQV0/PHILL-EL-MEJOR-AMIGO-copia.jpg,https://i.postimg.cc/wjJwqGGw/PHILL-EL-MEJOR-AMIGO.webp,,,,,,,,,,,"{'idExpansion': 3, 'nombreExpansion': 'PACTO SECRETO', 'fechaLanzamiento': '2024-05-26T04:09:09.000+00:00', 'visibilidad': True}","{'idTipo': 28, 'nombreTipo': 'UNIDAD'}",,"{'idSubTipo': 3, 'nombreSubTipo': 'ANIMAL'}",,,,"{'idRareza': 2, 'nombreRareza': 'BRONCE'}",,"{'idRareza': 2, 'nombreRareza': 'BRONCE'}",FALSE,TRUE,FALSE,FALSE,FALSE,FALSE,FALSE,FALSE,FALSE,FALSE,FALSE,,,FALSE,FALSE,FALSE,FALSE,FALSE,FALSE,FALSE,FALSE,FALSE,,FALSE,FALSE,FALSE,FALSE,TRUE,TRUE,TRUE,TRUE,TRUE,TRUE,TRUE,TRUE,FALSE,,,,,,,,,,,,
37,PLANES FRUSTRADOS,,0/9,1,TRUE,,Interrumpe la orden objetivo.,2,FALSE,,,,,¿Cuántas veces haz tenido que arrojar a la basura los perfectos cálculos que haz hecho para triunfar?,https://i.postimg.cc/GpCqHj0d/PLANES-FRUSTRADOS.webp,https://i.postimg.cc/mkzpGp5q/Mesa-de-trabajo-49.png,https://i.postimg.cc/3Jp7Xtxn/Planes-Frustrados-copia-44.jpg,https://i.postimg.cc/bYT40TyB/planes-ff.jpg,https://i.postimg.cc/1zwLSyCz/planes.jpg,,,,,,,,"{'idExpansion': 2, 'nombreExpansion': 'FUNDAMENTOS', 'fechaLanzamiento': '2024-05-26T04:08:58.000+00:00', 'visibilidad': True}","{'idTipo': 1, 'nombreTipo': 'ACCION'}",,,,"{'idSubTipo': 12, 'nombreSubTipo': 'RAPIDA'}",,"{'idRareza': 3, 'nombreRareza': 'ORO'}",,"{'idRareza': 1, 'nombreRareza': 'PLATA'}",FALSE,FALSE,FALSE,FALSE,FALSE,TRUE,FALSE,FALSE,FALSE,FALSE,FALSE,,,FALSE,FALSE,FALSE,FALSE,FALSE,FALSE,FALSE,FALSE,FALSE,,FALSE,FALSE,FALSE,FALSE,TRUE,TRUE,TRUE,TRUE,TRUE,TRUE,TRUE,TRUE,TRUE,,,,,,,,,,,,
331,PLANIFICACION ESTRATEGICA,,1/9,2,FALSE,,"Elige 2: -Crea dos fichas soldado 1/1. -Los soldados aliados ganan Apoyo hasta el final del turno. -Mueve las unidades alidas a la Zona de Formación. -Descarta una carta. Si lo haces, roba una carta.",3,FALSE,,2,2,,,https://i.postimg.cc/L8yp2kt3/PLANIFICACION-ESTRATEGICA-copia.webp,,,,,,,,,,,,"{'idExpansion': 5, 'nombreExpansion': 'IMPERIO', 'fechaLanzamiento': '2024-07-04T19:48:17.000+00:00', 'visibilidad': True}","{'idTipo': 1, 'nombreTipo': 'ACCION'}",,"{'idSubTipo': 2, 'nombreSubTipo': 'SOLDADO'}",,"{'idSubTipo': 12, 'nombreSubTipo': 'RAPIDA'}",,"{'idRareza': 3, 'nombreRareza': 'ORO'}",,"{'idRareza': 1, 'nombreRareza': 'PLATA'}",FALSE,TRUE,FALSE,FALSE,FALSE,FALSE,FALSE,FALSE,FALSE,FALSE,TRUE,,,FALSE,FALSE,FALSE,FALSE,FALSE,FALSE,FALSE,FALSE,FALSE,,FALSE,FALSE,FALSE,FALSE,TRUE,TRUE,TRUE,TRUE,TRUE,TRUE,TRUE,TRUE,FALSE,,,,,,,,,,,,
403,PLANOS DE ESTRATEGIA,,0/9,2,FALSE,,"Descarta una carta. Si lo haces, roba una carta. Activa solo si controlas cinco o más tesoros.",3,FALSE,3,2,1,,,https://i.postimg.cc/25Vf6qTR/PLANOS-DE-ESTRATEGIA-copia.webp,,,,,,,,,,,,"{'idExpansion': 5, 'nombreExpansion': 'IMPERIO', 'fechaLanzamiento': '2024-07-04T19:48:17.000+00:00', 'visibilidad': True}","{'idTipo': 6, 'nombreTipo': 'TESORO'}",,,,,,"{'idRareza': 3, 'nombreRareza': 'ORO'}",,"{'idRareza': 4, 'nombreRareza': 'DIAMANTE'}",FALSE,TRUE,FALSE,FALSE,FALSE,FALSE,FALSE,FALSE,FALSE,FALSE,TRUE,,,FALSE,FALSE,FALSE,FALSE,FALSE,FALSE,FALSE,FALSE,FALSE,,FALSE,FALSE,FALSE,FALSE,TRUE,TRUE,TRUE,TRUE,TRUE,TRUE,TRUE,TRUE,TRUE,,,,,,,,,,,,
530,"PODER, FORTUNA O INTELIGENCIA",,7/9,2.15,TRUE,,Elige 2: -Crea una ficha djinn 2/3 con Evasión. -Predicción Bóveda 2. -Crea una ficha de tesoro. -Puedes elegir un deseo de un permanente aliado (aunque ya fuera elegido).,3,FALSE,3,0,4,,,"https://i.postimg.cc/sgswzn1w/PODER,_FORTUNA_O_INTELIGENCIA_copia.webp",,,,,,,,,,,,"{'idExpansion': 6, 'nombreExpansion': 'ANCESTROS', 'fechaLanzamiento': '2024-11-19T03:36:06.000+00:00', 'visibilidad': True}","{'idTipo': 1, 'nombreTipo': 'ACCION'}",,"{'idSubTipo': 20, 'nombreSubTipo': 'DJINN'}",,"{'idSubTipo': 12, 'nombreSubTipo': 'RAPIDA'}",,"{'idRareza': 3, 'nombreRareza': 'ORO'}",,"{'idRareza': 1, 'nombreRareza': 'PLATA'}",FALSE,TRUE,FALSE,FALSE,FALSE,FALSE,FALSE,FALSE,FALSE,FALSE,FALSE,,,TRUE,FALSE,FALSE,FALSE,FALSE,FALSE,FALSE,FALSE,FALSE,,FALSE,TRUE,FALSE,FALSE,TRUE,FALSE,FALSE,TRUE,FALSE,FALSE,FALSE,FALSE,FALSE,,,,,,,,,,,,
39,PORTA ESTANDARTE,,1/9,1,FALSE,,Destruir: Las unidades que controlas ganan +0/+2 hasta el final del turno.,1,FALSE,,1,2,,,https://i.postimg.cc/zBD7kXXQ/PORTA-ESTANDARTE.webp,https://i.postimg.cc/B6ZRRgs9/Mesa-de-trabajo-50-200x.png,https://i.postimg.cc/qqMbDPJZ/porta.jpg,,,,,,,,,,"{'idExpansion': 2, 'nombreExpansion': 'FUNDAMENTOS', 'fechaLanzamiento': '2024-05-26T04:08:58.000+00:00', 'visibilidad': True}","{'idTipo': 28, 'nombreTipo': 'UNIDAD'}",,"{'idSubTipo': 2, 'nombreSubTipo': 'SOLDADO'}",,,,"{'idRareza': 2, 'nombreRareza': 'BRONCE'}",,"{'idRareza': 1, 'nombreRareza': 'PLATA'}",FALSE,TRUE,FALSE,FALSE,FALSE,FALSE,FALSE,FALSE,FALSE,FALSE,FALSE,,,FALSE,FALSE,FALSE,FALSE,FALSE,FALSE,FALSE,FALSE,FALSE,,FALSE,FALSE,FALSE,FALSE,TRUE,TRUE,TRUE,TRUE,TRUE,TRUE,TRUE,TRUE,FALSE,,,,,,,,,,,,
162,PORTACION,,0/9,0,TRUE,,Agotar: La unidad objetivo gana +1/+1 hasta el final del turno.,1,FALSE,1,,,,,https://i.postimg.cc/5N8S5Q1v/PORTACION-copia.jpg,https://i.postimg.cc/d0jndTvd/PORTACION.webp,https://i.postimg.cc/NFqyQbgL/PORTACION-copia.jpg,,,,,,,,,,"{'idExpansion': 3, 'nombreExpansion': 'PACTO SECRETO', 'fechaLanzamiento': '2024-05-26T04:09:09.000+00:00', 'visibilidad': True}","{'idTipo': 6, 'nombreTipo': 'TESORO'}",,,,,,"{'idRareza': 1, 'nombreRareza': 'PLATA'}",,"{'idRareza': 2, 'nombreRareza': 'BRONCE'}",FALSE,FALSE,FALSE,FALSE,FALSE,FALSE,FALSE,FALSE,FALSE,FALSE,FALSE,,,FALSE,FALSE,FALSE,FALSE,FALSE,FALSE,FALSE,FALSE,FALSE,,FALSE,FALSE,FALSE,FALSE,TRUE,TRUE,TRUE,TRUE,TRUE,TRUE,TRUE,TRUE,TRUE,,,,,,,,,,,,
421,PORTADOR DE LANZAS,,0/9,1,FALSE,,Temible. Derrotado: Crea una ficha de arma daga.,2,FALSE,,3,1,,,https://i.postimg.cc/LswFZH0q/PORTADOR-DE-LANZAS-copia.webp,https://i.postimg.cc/9QMzSctZ/FULL-ART-PORTADOR-DE-LANZAS.webp,,,,,,,,,,,"{'idExpansion': 5, 'nombreExpansion': 'IMPERIO', 'fechaLanzamiento': '2024-07-04T19:48:17.000+00:00', 'visibilidad': True}","{'idTipo': 28, 'nombreTipo': 'UNIDAD'}",,"{'idSubTipo': 6, 'nombreSubTipo': 'DESERTOR'}",,,,"{'idRareza': 2, 'nombreRareza': 'BRONCE'}",,"{'idRareza': 1, 'nombreRareza': 'PLATA'}",FALSE,TRUE,FALSE,FALSE,FALSE,FALSE,FALSE,FALSE,FALSE,FALSE,FALSE,,,FALSE,FALSE,FALSE,FALSE,FALSE,FALSE,FALSE,FALSE,FALSE,,FALSE,FALSE,FALSE,FALSE,TRUE,TRUE,TRUE,TRUE,TRUE,TRUE,TRUE,TRUE,TRUE,,,,,,,,,,,,
404,PORTADOR DE LAS ARENAS,,1/9,1,FALSE,,Aparición en juego: Hace 1 daño a la unidad rival objetivo por cada ficha de unidad aliada.,2,FALSE,,2,2,,,https://i.postimg.cc/k4S3QkkT/PORTADOR-DE-LAS-ARENAS-copia.webp,,,,,,,,,,,,"{'idExpansion': 5, 'nombreExpansion': 'IMPERIO', 'fechaLanzamiento': '2024-07-04T19:48:17.000+00:00', 'visibilidad': True}","{'idTipo': 28, 'nombreTipo': 'UNIDAD'}",,"{'idSubTipo': 6, 'nombreSubTipo': 'DESERTOR'}","{'idSubTipo': 8, 'nombreSubTipo': 'ELEMENTAL'}",,,"{'idRareza': 2, 'nombreRareza': 'BRONCE'}",,"{'idRareza': 2, 'nombreRareza': 'BRONCE'}",FALSE,TRUE,FALSE,FALSE,FALSE,FALSE,FALSE,FALSE,FALSE,FALSE,FALSE,,,FALSE,FALSE,FALSE,FALSE,FALSE,FALSE,FALSE,FALSE,FALSE,,FALSE,FALSE,FALSE,FALSE,TRUE,TRUE,TRUE,TRUE,TRUE,TRUE,TRUE,TRUE,FALSE,,,,,,,,,,,,
531,PORTADOR DEL CASTIGO,,1/9,3,TRUE,,Desafiante. Resguardo: 2 de oro. Derrotado: Hace 2 daños a cada oponente.,2,FALSE,3,5,1,,,https://i.postimg.cc/k5hcxqsp/PORTADOR_DEL_CASTIGO_copia.webp,,,,,,,,,,,"Siempre que ataque, elige hasta una unidad rival objetivo. Debe bloquearla si puede.","{'idExpansion': 6, 'nombreExpansion': 'ANCESTROS', 'fechaLanzamiento': '2024-11-19T03:36:06.000+00:00', 'visibilidad': True}","{'idTipo': 28, 'nombreTipo': 'UNIDAD'}",,"{'idSubTipo': 18, 'nombreSubTipo': 'GIGANTE'}",,,,"{'idRareza': 1, 'nombreRareza': 'PLATA'}",,"{'idRareza': 1, 'nombreRareza': 'PLATA'}",TRUE,TRUE,FALSE,FALSE,FALSE,FALSE,FALSE,FALSE,FALSE,FALSE,FALSE,,,FALSE,FALSE,FALSE,FALSE,FALSE,FALSE,FALSE,FALSE,FALSE,,TRUE,FALSE,FALSE,FALSE,FALSE,TRUE,TRUE,TRUE,TRUE,TRUE,TRUE,TRUE,TRUE,,,,,,,,,,,,
163,PORTAL AL AVERNO,,0/9,1,TRUE,,Agotar:  Crea una ficha demonio 1/1.,4,FALSE,4,,,,"""¡Durante décadas hemos ayudado a esos malnacidos de la ciudad de piedra! Y sin embargo, ¿nos pagaron incendiando nuestros dominios? Ahora desataremos el terror, y jamás volverán a ver la luz."" - Judit",https://i.postimg.cc/P5hzSfr7/PORTAL-AL-AVERNO-copia.jpg,https://i.postimg.cc/TYyQ0bB0/fullart-Portal-al-averno-copia.png,https://i.postimg.cc/rsmhKrP8/portal-al-averno.webp,https://i.postimg.cc/RZrRzy4C/portal-foil.jpg,https://i.postimg.cc/RZVf5RZh/Arte-alternativo-Portal-al-averno.webp,https://i.postimg.cc/vHgGc2rt/Mesa_de_trabajo_121_copia.jpg,https://i.postimg.cc/KjP1jLzf/PORTAL-AL-AVERNO-copia.jpg,,,,,,"{'idExpansion': 3, 'nombreExpansion': 'PACTO SECRETO', 'fechaLanzamiento': '2024-05-26T04:09:09.000+00:00', 'visibilidad': True}","{'idTipo': 6, 'nombreTipo': 'TESORO'}",,,,,,"{'idRareza': 1, 'nombreRareza': 'PLATA'}",,"{'idRareza': 2, 'nombreRareza': 'BRONCE'}",FALSE,TRUE,FALSE,FALSE,FALSE,FALSE,FALSE,FALSE,FALSE,FALSE,FALSE,,,FALSE,FALSE,FALSE,FALSE,FALSE,FALSE,FALSE,FALSE,FALSE,,FALSE,FALSE,FALSE,FALSE,TRUE,TRUE,TRUE,TRUE,TRUE,TRUE,TRUE,TRUE,TRUE,,,,,,,,,,,,
382,PORTAL DE ABSORCION,,2/9,1,FALSE,,Regresa todas las unidades a la mano.,4,FALSE,,4,2,,"""Y así terminó la historia. Como si nunca hubiera empezado."" - Lucandra",https://i.postimg.cc/gjP9Ngpm/PORTAL-DE-ABSORCION-copia.webp,https://i.postimg.cc/FRtSQ2Fv/METAL-PORTAL-DE-ABSORCION.png,,,,,,,,,,,"{'idExpansion': 5, 'nombreExpansion': 'IMPERIO', 'fechaLanzamiento': '2024-07-04T19:48:17.000+00:00', 'visibilidad': True}","{'idTipo': 1, 'nombreTipo': 'ACCION'}",,"{'idSubTipo': 14, 'nombreSubTipo': 'COMUN'}","{'idSubTipo': 7, 'nombreSubTipo': 'MAGO'}",,,"{'idRareza': 4, 'nombreRareza': 'DIAMANTE'}",,"{'idRareza': 1, 'nombreRareza': 'PLATA'}",FALSE,TRUE,FALSE,FALSE,FALSE,FALSE,FALSE,FALSE,FALSE,FALSE,FALSE,,,FALSE,FALSE,FALSE,FALSE,FALSE,FALSE,FALSE,FALSE,FALSE,,FALSE,FALSE,FALSE,FALSE,FALSE,TRUE,TRUE,TRUE,TRUE,TRUE,TRUE,TRUE,FALSE,,,,,,,,,,,,
273,PORTAL EN EL CASTILLO,,0/9,3.25,FALSE,,"Aparición en juego: Condena la unidad rival objetivo y la unidad aliada objetivo. Derrotado: Cada jugador crea una ficha demonio 0/3 con ""Derrotado: Roba una carta"". Al inicio de tu fase final, erosiona. Erosión 1.",3,FALSE,,,,,,https://i.postimg.cc/zfwg3PNS/PORTAL_EN_EL_CASTILLO_COPIA.webp,,,,,,,,,,,Debe haber objetivos legales para ambas unidades para que la habilidad pueda ponerse en la pila.,"{'idExpansion': 4, 'nombreExpansion': 'TRONO COMPARTIDO', 'fechaLanzamiento': '2024-05-26T04:09:14.000+00:00', 'visibilidad': True}","{'idTipo': 17, 'nombreTipo': 'MONUMENTO'}",,"{'idSubTipo': 15, 'nombreSubTipo': 'DEMONIO'}",,,,"{'idRareza': 1, 'nombreRareza': 'PLATA'}",,"{'idRareza': 1, 'nombreRareza': 'PLATA'}",FALSE,TRUE,FALSE,FALSE,FALSE,FALSE,TRUE,FALSE,FALSE,FALSE,TRUE,,,FALSE,FALSE,FALSE,FALSE,FALSE,FALSE,FALSE,FALSE,FALSE,,FALSE,FALSE,FALSE,FALSE,TRUE,TRUE,TRUE,TRUE,TRUE,TRUE,TRUE,TRUE,TRUE,,,,,,,,,,,,
383,PRACTICANTE DE LA ADIVINACION,,4/9,1.15,FALSE,,"Siempre que hagas Predicción, gana +1+1 y Evasión hasta el final del turno.",2,FALSE,,2,3,,,https://i.postimg.cc/jqzYLY65/PRACTICANTE-DE-LA-ADIVINACION-copia.webp,,,,,,,,,,,,"{'idExpansion': 5, 'nombreExpansion': 'IMPERIO', 'fechaLanzamiento': '2024-07-04T19:48:17.000+00:00', 'visibilidad': True}","{'idTipo': 28, 'nombreTipo': 'UNIDAD'}",,"{'idSubTipo': 7, 'nombreSubTipo': 'MAGO'}","{'idSubTipo': 7, 'nombreSubTipo': 'MAGO'}",,,"{'idRareza': 1, 'nombreRareza': 'PLATA'}",,"{'idRareza': 2, 'nombreRareza': 'BRONCE'}",FALSE,TRUE,FALSE,FALSE,FALSE,FALSE,FALSE,FALSE,FALSE,FALSE,FALSE,,,TRUE,FALSE,FALSE,FALSE,FALSE,FALSE,FALSE,FALSE,FALSE,,FALSE,FALSE,FALSE,FALSE,TRUE,TRUE,TRUE,TRUE,FALSE,FALSE,TRUE,FALSE,FALSE,,,,,,,,,,,,
40,PREPARACION,,0/9,0.25,FALSE,,La unidad objetivo gana +2/+2 y Arrollar hasta el final del turno.,2,FALSE,,,,,,https://i.postimg.cc/cC2cZRMq/PREPARACION.webp,https://i.postimg.cc/K8MKgP62/Preparacion-copia-60.jpg,https://i.postimg.cc/5NGY07kg/Mesa-de-trabajo-51-200x.png,,,,,,,,,,"{'idExpansion': 2, 'nombreExpansion': 'FUNDAMENTOS', 'fechaLanzamiento': '2024-05-26T04:08:58.000+00:00', 'visibilidad': True}","{'idTipo': 1, 'nombreTipo': 'ACCION'}",,,,"{'idSubTipo': 12, 'nombreSubTipo': 'RAPIDA'}",,"{'idRareza': 2, 'nombreRareza': 'BRONCE'}",,"{'idRareza': 1, 'nombreRareza': 'PLATA'}",FALSE,FALSE,FALSE,FALSE,FALSE,FALSE,FALSE,FALSE,FALSE,FALSE,FALSE,,,FALSE,FALSE,FALSE,FALSE,FALSE,TRUE,FALSE,FALSE,FALSE,,FALSE,FALSE,FALSE,FALSE,TRUE,TRUE,TRUE,TRUE,TRUE,TRUE,TRUE,TRUE,TRUE,,,,,,,,,,,,
274,PRIMER ENCUENTRO,,0/9,2,FALSE,,Elige 2: -Crea una ficha monje 1/1 con Curar. -Pacifica la unidad objetivo. -Remueve hasta dos contadores de la unidad objetivo. -Ganas 2 vidas.,2,FALSE,,,,,,https://i.postimg.cc/4dJhcbNC/PRIMER_ENCUENTRO_COPIA.webp,https://i.postimg.cc/Yq7GsL4D/primer-encuentro.webp,,,,,,,,,,,"{'idExpansion': 4, 'nombreExpansion': 'TRONO COMPARTIDO', 'fechaLanzamiento': '2024-05-26T04:09:14.000+00:00', 'visibilidad': True}","{'idTipo': 1, 'nombreTipo': 'ACCION'}",,,"{'idSubTipo': 17, 'nombreSubTipo': 'MONJE'}","{'idSubTipo': 12, 'nombreSubTipo': 'RAPIDA'}",,"{'idRareza': 1, 'nombreRareza': 'PLATA'}",,"{'idRareza': 2, 'nombreRareza': 'BRONCE'}",FALSE,TRUE,FALSE,FALSE,FALSE,FALSE,FALSE,TRUE,FALSE,FALSE,FALSE,,,FALSE,FALSE,FALSE,FALSE,FALSE,FALSE,FALSE,FALSE,FALSE,,FALSE,FALSE,FALSE,FALSE,TRUE,TRUE,TRUE,TRUE,TRUE,TRUE,TRUE,TRUE,TRUE,,,,,,,,,,,,
275,PRIMERA LINEA,,4/9,3,FALSE,,Curar. Guardián.,3,FALSE,,3,3,,,https://i.postimg.cc/tT2nNZYs/PRIMERA_LINEA_COPIA.webp,,,,,,,,,,,,"{'idExpansion': 4, 'nombreExpansion': 'TRONO COMPARTIDO', 'fechaLanzamiento': '2024-05-26T04:09:14.000+00:00', 'visibilidad': True}","{'idTipo': 28, 'nombreTipo': 'UNIDAD'}",,"{'idSubTipo': 17, 'nombreSubTipo': 'MONJE'}",,,,"{'idRareza': 2, 'nombreRareza': 'BRONCE'}",,"{'idRareza': 2, 'nombreRareza': 'BRONCE'}",FALSE,TRUE,FALSE,TRUE,FALSE,FALSE,FALSE,TRUE,FALSE,FALSE,FALSE,,,FALSE,FALSE,FALSE,FALSE,FALSE,FALSE,FALSE,FALSE,FALSE,,FALSE,FALSE,FALSE,FALSE,TRUE,TRUE,TRUE,TRUE,FALSE,FALSE,TRUE,FALSE,FALSE,,,,,,,,,,,,
348,PRIMERA LINEA IMPERIAL,,1/9,1,FALSE,,"Apoyo (Si controlas 3 o más unidades, gana +1/+1. Si controlas 7 o más unidades, gana +1/+1 adicional).",1,FALSE,,2,2,,,https://i.postimg.cc/15shF7MK/PRIMERA-LINEA-IMPERIAL-copia.webp,,,,,,,,,,,,"{'idExpansion': 5, 'nombreExpansion': 'IMPERIO', 'fechaLanzamiento': '2024-07-04T19:48:17.000+00:00', 'visibilidad': True}","{'idTipo': 28, 'nombreTipo': 'UNIDAD'}",,"{'idSubTipo': 2, 'nombreSubTipo': 'SOLDADO'}",,,,"{'idRareza': 1, 'nombreRareza': 'PLATA'}",,"{'idRareza': 1, 'nombreRareza': 'PLATA'}",FALSE,TRUE,FALSE,FALSE,FALSE,FALSE,FALSE,FALSE,FALSE,FALSE,FALSE,,,FALSE,FALSE,FALSE,FALSE,FALSE,FALSE,FALSE,FALSE,FALSE,,FALSE,FALSE,FALSE,FALSE,TRUE,TRUE,TRUE,TRUE,TRUE,TRUE,TRUE,TRUE,FALSE,,,,,,,,,,,,
41,PRISIONERO DE GUERRA,,0/9,1,TRUE,,Derrotado: Busca una carta en tu Reino de coste 2 o menos y puedes jugarla sin pagar su coste hasta el final del turno.,1,FALSE,,1,1,,,https://i.postimg.cc/BnxC91jy/PRISIONERO-DE-GUERRA.webp,https://i.postimg.cc/yYwxBJkr/Mesa-de-trabajo-42.png,https://i.postimg.cc/ZnQRWnjn/Mesa-de-trabajo-52-200x.png,https://i.postimg.cc/2j93c9mY/Mesa-de-trabajo-53-200x.png,https://i.postimg.cc/VsDH0k4y/prisioner-ff.jpg,https://i.postimg.cc/hPYyMZHp/prisionero.jpg,https://i.postimg.cc/vZ6PKLyM/prisionero-full-art-ff.jpg,,,,,"Si se decide no jugar la unidad buscada por esta habilidad, se colocará en nuestra mano y será gratuita hasta el final del turno y solo podrá jugarse luego si el jugador se encuentra en una fase central suya.","{'idExpansion': 2, 'nombreExpansion': 'FUNDAMENTOS', 'fechaLanzamiento': '2024-05-26T04:08:58.000+00:00', 'visibilidad': True}","{'idTipo': 28, 'nombreTipo': 'UNIDAD'}",,"{'idSubTipo': 2, 'nombreSubTipo': 'SOLDADO'}",,,,"{'idRareza': 2, 'nombreRareza': 'BRONCE'}",,"{'idRareza': 3, 'nombreRareza': 'ORO'}",FALSE,TRUE,FALSE,FALSE,FALSE,FALSE,FALSE,FALSE,FALSE,FALSE,FALSE,,,FALSE,FALSE,FALSE,FALSE,FALSE,FALSE,FALSE,FALSE,FALSE,,FALSE,FALSE,FALSE,FALSE,TRUE,TRUE,TRUE,TRUE,TRUE,TRUE,TRUE,TRUE,TRUE,,,,,,,,,,,,
405,PROFECIA PRELIMINAR,,0/9,0,FALSE,,Aparición en juego: Predicción 1.,1,FALSE,1,,,,,https://i.postimg.cc/x11wxkwJ/PROFECIA-PRELIMINAR-copia.webp,,,,,,,,,,,,"{'idExpansion': 5, 'nombreExpansion': 'IMPERIO', 'fechaLanzamiento': '2024-07-04T19:48:17.000+00:00', 'visibilidad': True}","{'idTipo': 6, 'nombreTipo': 'TESORO'}",,,,,,"{'idRareza': 1, 'nombreRareza': 'PLATA'}",,"{'idRareza': 2, 'nombreRareza': 'BRONCE'}",FALSE,FALSE,FALSE,FALSE,FALSE,FALSE,FALSE,FALSE,FALSE,FALSE,FALSE,,,FALSE,FALSE,FALSE,FALSE,FALSE,FALSE,FALSE,FALSE,FALSE,,FALSE,FALSE,FALSE,FALSE,TRUE,TRUE,TRUE,TRUE,TRUE,TRUE,TRUE,TRUE,TRUE,,,,,,,,,,,,
164,PROMESA DE PAGO,,0/9,0,TRUE,,Poner este tesoro en el fondo de tu Bóveda: Revela un tesoro adicional en tu próxima fase de revelación.,4,FALSE,4,,,,,https://i.postimg.cc/W464twD0/PROMESA-DE-PAGO-copia.jpg,https://i.postimg.cc/prmbc4XD/CARTA-EXPLICACION-COPIA.webp,https://i.postimg.cc/LXZLQ86V/Arte-alternativo-Promesa-de-pago.webp,https://i.postimg.cc/t40zMz4W/PROMESA-DE-PAGO.webp,,,,,,,,"Poner el tesoro en el fondo de la bóveda son ambos partes del coste de activación de su efecto. Si se cancelara, el tesoro ya fue enviado al fondo, y ya no se revelaría un tesoro adicional. Si el efecto resolvió, al momento de revelar el otro tesoro adicional, eso no genera pila. Ambos tesoros se revelan al mismo tiempo.","{'idExpansion': 3, 'nombreExpansion': 'PACTO SECRETO', 'fechaLanzamiento': '2024-05-26T04:09:09.000+00:00', 'visibilidad': True}","{'idTipo': 6, 'nombreTipo': 'TESORO'}",,,,,,"{'idRareza': 1, 'nombreRareza': 'PLATA'}",,"{'idRareza': 2, 'nombreRareza': 'BRONCE'}",FALSE,FALSE,FALSE,FALSE,FALSE,FALSE,FALSE,FALSE,FALSE,FALSE,FALSE,,,FALSE,FALSE,FALSE,FALSE,FALSE,FALSE,FALSE,FALSE,FALSE,,FALSE,FALSE,FALSE,FALSE,TRUE,TRUE,TRUE,TRUE,TRUE,TRUE,TRUE,TRUE,TRUE,,,,,,,,,,,,
66,PROTECCION DIVINA,,0/9,0,FALSE,,Previene todo el daño de combate que se fuera a hacer este turno.,2,FALSE,,,,,,https://i.postimg.cc/CKxCVv8H/PROTECCION-DIVINA-copia.jpg,https://i.postimg.cc/8k04hG8y/PROTECCION-DIVINA.webp,,,,,,,,,,,"{'idExpansion': 3, 'nombreExpansion': 'PACTO SECRETO', 'fechaLanzamiento': '2024-05-26T04:09:09.000+00:00', 'visibilidad': True}","{'idTipo': 1, 'nombreTipo': 'ACCION'}",,,,"{'idSubTipo': 12, 'nombreSubTipo': 'RAPIDA'}",,"{'idRareza': 2, 'nombreRareza': 'BRONCE'}",,"{'idRareza': 2, 'nombreRareza': 'BRONCE'}",FALSE,FALSE,FALSE,FALSE,FALSE,FALSE,FALSE,FALSE,FALSE,FALSE,FALSE,,,FALSE,FALSE,FALSE,FALSE,FALSE,FALSE,FALSE,FALSE,FALSE,,FALSE,FALSE,FALSE,FALSE,TRUE,TRUE,TRUE,TRUE,TRUE,TRUE,TRUE,TRUE,TRUE,,,,,,,,,,,,
406,PROTECTOR DE LO EXTRAÑO,,0/9,1,FALSE,,"Sorpresivo. Aparición en juego: Puedes regresar la unidad aliada no mago objetivo a tu mano. Si lo haces, cancela el efecto rival en juego objetivo.",2,FALSE,1,3,1,,,https://i.postimg.cc/15Bxr0j1/PROTECTOR-DE-LO-EXTRA-O-copia.webp,https://i.postimg.cc/fWf962G4/METAL-PROTECTOR-DE-LO-EXTRA-O.png,,,,,,,,,,"Para poder regresar una unidad a la mano es necesario que exista un efecto a cancelar, por lo tanto, el efecto de 'Protector de lo extraño' debe apilarse ya con el objetivo hecho de la unidad que queremos subir a la mano como también el objetivo hecho del efecto que queremos cancelar. Caso contrario, el efecto disparado se cancela.","{'idExpansion': 5, 'nombreExpansion': 'IMPERIO', 'fechaLanzamiento': '2024-07-04T19:48:17.000+00:00', 'visibilidad': True}","{'idTipo': 28, 'nombreTipo': 'UNIDAD'}",,"{'idSubTipo': 7, 'nombreSubTipo': 'MAGO'}",,,,"{'idRareza': 1, 'nombreRareza': 'PLATA'}",,"{'idRareza': 2, 'nombreRareza': 'BRONCE'}",FALSE,TRUE,FALSE,FALSE,FALSE,FALSE,FALSE,FALSE,FALSE,FALSE,FALSE,,,FALSE,FALSE,FALSE,FALSE,FALSE,FALSE,FALSE,FALSE,FALSE,,FALSE,FALSE,FALSE,FALSE,TRUE,TRUE,TRUE,TRUE,TRUE,TRUE,TRUE,TRUE,TRUE,,,,,,,,,,,,
128,PROTECTOR DE MINERALES,,4/9,2,FALSE,,Los oponentes no pueden crear fichas de tesoro.,3,FALSE,,3,3,,Hay tiempos que hay que respetar. No puedes acelerar aquello que lleva tiempo en ocurrir.,https://i.postimg.cc/MG37Zybk/PROTECTOR-DE-MINERALES-copia.jpg,https://i.postimg.cc/d06mDPmj/PROTECTOR-DE-MINERALES.webp,,,,,,,,,,,"{'idExpansion': 3, 'nombreExpansion': 'PACTO SECRETO', 'fechaLanzamiento': '2024-05-26T04:09:09.000+00:00', 'visibilidad': True}","{'idTipo': 28, 'nombreTipo': 'UNIDAD'}",,"{'idSubTipo': 8, 'nombreSubTipo': 'ELEMENTAL'}",,,,"{'idRareza': 2, 'nombreRareza': 'BRONCE'}",,"{'idRareza': 2, 'nombreRareza': 'BRONCE'}",FALSE,TRUE,FALSE,FALSE,FALSE,FALSE,FALSE,FALSE,FALSE,FALSE,FALSE,,,FALSE,FALSE,FALSE,FALSE,FALSE,FALSE,FALSE,FALSE,FALSE,,FALSE,TRUE,FALSE,FALSE,TRUE,TRUE,TRUE,TRUE,FALSE,FALSE,TRUE,FALSE,FALSE,,,,,,,,,,,,
532,PROTECTOR DEL ALBA,,8/9,3.15,FALSE,,Evasión. Guardián. Resguardo: 3 de oro y cada oponente hace Predicción Bóveda 3.,6,FALSE,3,5,7,,,https://i.postimg.cc/d1k96pSt/PROTECTOR_DEL_ALBA_copia.webp,,,,,,,,,,,,"{'idExpansion': 6, 'nombreExpansion': 'ANCESTROS', 'fechaLanzamiento': '2024-11-19T03:36:06.000+00:00', 'visibilidad': True}","{'idTipo': 28, 'nombreTipo': 'UNIDAD'}",,"{'idSubTipo': 20, 'nombreSubTipo': 'DJINN'}",,,,"{'idRareza': 2, 'nombreRareza': 'BRONCE'}",,"{'idRareza': 1, 'nombreRareza': 'PLATA'}",FALSE,TRUE,FALSE,TRUE,FALSE,FALSE,FALSE,FALSE,FALSE,FALSE,FALSE,,,TRUE,FALSE,FALSE,FALSE,FALSE,FALSE,FALSE,FALSE,FALSE,,TRUE,FALSE,FALSE,FALSE,FALSE,FALSE,FALSE,TRUE,FALSE,FALSE,FALSE,FALSE,FALSE,,,,,,,,,,,,
407,PROTECTOR DEL EMPERADOR,,4/9,1,FALSE,,"Dureza. Entra al campo con un contador +1/+1 por cada unidad realeza aliada. Siempre que una unidad realeza aliada entre al campo, puedes pagar 1 de oro. Si lo haces, Protector del emperador gana un contador +1/+1.",3,FALSE,1,3,3,,,https://i.postimg.cc/HkvffYmS/PROTECTOR-DEL-EMPERADOR-copia.webp,,,,,,,,,,,,"{'idExpansion': 5, 'nombreExpansion': 'IMPERIO', 'fechaLanzamiento': '2024-07-04T19:48:17.000+00:00', 'visibilidad': True}","{'idTipo': 28, 'nombreTipo': 'UNIDAD'}",,"{'idSubTipo': 2, 'nombreSubTipo': 'SOLDADO'}",,,,"{'idRareza': 1, 'nombreRareza': 'PLATA'}",,"{'idRareza': 2, 'nombreRareza': 'BRONCE'}",FALSE,TRUE,FALSE,FALSE,FALSE,FALSE,FALSE,FALSE,FALSE,FALSE,FALSE,,,FALSE,FALSE,FALSE,FALSE,FALSE,FALSE,FALSE,FALSE,FALSE,,FALSE,FALSE,FALSE,FALSE,TRUE,TRUE,TRUE,TRUE,FALSE,FALSE,TRUE,FALSE,FALSE,,,,,,,,,,,,
332,PROVOCADORA DE LA AVARICIA,,4/9,2,TRUE,,Hurto. Temible. Aparición en juego: Toma el control de la unidad no ficha objetivo de coster 2 o menos si tienes más cartas en mano que su controlador.,4,FALSE,,2,3,,,https://i.postimg.cc/9MZKRy7S/PROVOCADORA-DE-LA-AVARICIA-copia.webp,,,,,,,,,,,,"{'idExpansion': 5, 'nombreExpansion': 'IMPERIO', 'fechaLanzamiento': '2024-07-04T19:48:17.000+00:00', 'visibilidad': True}","{'idTipo': 28, 'nombreTipo': 'UNIDAD'}",,"{'idSubTipo': 1, 'nombreSubTipo': 'PIRATA'}",,,,"{'idRareza': 3, 'nombreRareza': 'ORO'}",,"{'idRareza': 1, 'nombreRareza': 'PLATA'}",FALSE,TRUE,FALSE,FALSE,FALSE,FALSE,FALSE,FALSE,FALSE,FALSE,FALSE,,,FALSE,FALSE,FALSE,FALSE,FALSE,FALSE,FALSE,FALSE,FALSE,,FALSE,FALSE,TRUE,FALSE,TRUE,TRUE,TRUE,TRUE,FALSE,FALSE,TRUE,FALSE,FALSE,,,,,,,,,,,,
333,PUESTO DE AVANZADA,,4/9,1,FALSE,,"Aparición en juego y ""1 oro y Destruir:"": Hace 1 daño a la unidad rival objetivo. Derrotado: La unidad objetivo gana Frenesí hasta el final del turno.",1,FALSE,,2,3,,,https://i.postimg.cc/1zLb3vfw/PUESTO-DE-AVANZADA-copia.webp,,,,,,,,,,,,"{'idExpansion': 5, 'nombreExpansion': 'IMPERIO', 'fechaLanzamiento': '2024-07-04T19:48:17.000+00:00', 'visibilidad': True}","{'idTipo': 17, 'nombreTipo': 'MONUMENTO'}",,"{'idSubTipo': 6, 'nombreSubTipo': 'DESERTOR'}",,,,"{'idRareza': 2, 'nombreRareza': 'BRONCE'}",,"{'idRareza': 2, 'nombreRareza': 'BRONCE'}",FALSE,TRUE,FALSE,FALSE,FALSE,FALSE,FALSE,FALSE,FALSE,FALSE,FALSE,,,FALSE,FALSE,FALSE,FALSE,FALSE,FALSE,FALSE,FALSE,FALSE,,FALSE,FALSE,FALSE,FALSE,TRUE,TRUE,TRUE,TRUE,FALSE,FALSE,TRUE,FALSE,FALSE,,,,,,,,,,,,
533,QUITAR LA VITALIDAD,,8/9,3.25,FALSE,,"(Como coste adicional, destruye una unidad aliada).
Hace daño igual a la fuerza de la unidad destruida a la unidad rival objetivo. Si es 4 o más, hace 2 daños a cada oponente.",2,FALSE,3,5,7,,,https://i.postimg.cc/DZ9PM6tQ/QUITAR_LA_VITALIDAD_copia.webp,,,,,,,,,,,,"{'idExpansion': 6, 'nombreExpansion': 'ANCESTROS', 'fechaLanzamiento': '2024-11-19T03:36:06.000+00:00', 'visibilidad': True}","{'idTipo': 1, 'nombreTipo': 'ACCION'}",,"{'idSubTipo': 18, 'nombreSubTipo': 'GIGANTE'}",,"{'idSubTipo': 12, 'nombreSubTipo': 'RAPIDA'}",,"{'idRareza': 2, 'nombreRareza': 'BRONCE'}",,"{'idRareza': 2, 'nombreRareza': 'BRONCE'}",TRUE,TRUE,FALSE,FALSE,FALSE,FALSE,TRUE,FALSE,FALSE,FALSE,FALSE,,,FALSE,FALSE,FALSE,FALSE,FALSE,FALSE,FALSE,FALSE,FALSE,,FALSE,FALSE,FALSE,FALSE,FALSE,FALSE,FALSE,TRUE,FALSE,FALSE,FALSE,FALSE,FALSE,,,,,,,,,,,,
276,RAIZ DE CURACION PROVISORIA,,0/9,1,FALSE,,"La unidad objetivo gana +2/+2 hasta el final del turno. Si está envenenada, roba una carta.",1,FALSE,,,,,,https://i.postimg.cc/L55YC91N/RAIZ_DE_CURACION_COPIA.webp,,,,,,,,,,,,"{'idExpansion': 4, 'nombreExpansion': 'TRONO COMPARTIDO', 'fechaLanzamiento': '2024-05-26T04:09:14.000+00:00', 'visibilidad': True}","{'idTipo': 1, 'nombreTipo': 'ACCION'}",,,,"{'idSubTipo': 12, 'nombreSubTipo': 'RAPIDA'}",,"{'idRareza': 2, 'nombreRareza': 'BRONCE'}",,"{'idRareza': 2, 'nombreRareza': 'BRONCE'}",FALSE,FALSE,FALSE,FALSE,FALSE,FALSE,FALSE,FALSE,FALSE,FALSE,TRUE,,,FALSE,FALSE,FALSE,FALSE,FALSE,FALSE,FALSE,FALSE,FALSE,,FALSE,FALSE,FALSE,FALSE,TRUE,TRUE,TRUE,TRUE,TRUE,TRUE,TRUE,TRUE,TRUE,,,,,,,,,,,,
408,"RAKTI, GRAN ANELIDO MILENARIO",,5/9,0.5,FALSE,,"Si una unidad rival fuera a recibir daño que no sea de combate, esa unidad gana esa misma cantidad de contadores -1/-1 en su lugar.",3,FALSE,1,4,3,,,https://i.postimg.cc/mrc04v2T/RAKTI-GRAN-ANELIDO-MILENARIO-copia.webp,,,,,,,,,,,"Esta carta no tiene combo con Reina de la infección, ya que esa unidad dispara cuando pone los contadores, y esta carta hace que los gane solos.","{'idExpansion': 5, 'nombreExpansion': 'IMPERIO', 'fechaLanzamiento': '2024-07-04T19:48:17.000+00:00', 'visibilidad': True}","{'idTipo': 28, 'nombreTipo': 'UNIDAD'}",,"{'idSubTipo': 6, 'nombreSubTipo': 'DESERTOR'}","{'idSubTipo': 16, 'nombreSubTipo': 'INSECTO'}","{'idSubTipo': 13, 'nombreSubTipo': 'REALEZA'}",,"{'idRareza': 2, 'nombreRareza': 'BRONCE'}",,"{'idRareza': 4, 'nombreRareza': 'DIAMANTE'}",FALSE,TRUE,FALSE,FALSE,FALSE,FALSE,FALSE,FALSE,FALSE,FALSE,FALSE,,,FALSE,FALSE,FALSE,FALSE,FALSE,FALSE,TRUE,FALSE,FALSE,,FALSE,FALSE,FALSE,FALSE,FALSE,TRUE,TRUE,TRUE,FALSE,FALSE,TRUE,FALSE,FALSE,,,,,,,,,,,,
277,RAMAPUA OCULTA,,0/9,1,FALSE,,Derrotado: Envenena la unidad objetivo.,1,FALSE,,2,1,,,https://i.postimg.cc/K8BKss1S/RAMAPUA_OCULTA.webp,https://i.postimg.cc/8PGF3yK0/RAMAPUA-OCULTA-copia.jpg,,,,,,,,,,,"{'idExpansion': 4, 'nombreExpansion': 'TRONO COMPARTIDO', 'fechaLanzamiento': '2024-05-26T04:09:14.000+00:00', 'visibilidad': True}","{'idTipo': 28, 'nombreTipo': 'UNIDAD'}",,"{'idSubTipo': 16, 'nombreSubTipo': 'INSECTO'}",,,,"{'idRareza': 2, 'nombreRareza': 'BRONCE'}",,"{'idRareza': 2, 'nombreRareza': 'BRONCE'}",FALSE,TRUE,FALSE,FALSE,FALSE,FALSE,FALSE,FALSE,FALSE,FALSE,FALSE,,,FALSE,FALSE,FALSE,FALSE,FALSE,FALSE,FALSE,FALSE,FALSE,,FALSE,FALSE,FALSE,FALSE,TRUE,TRUE,TRUE,TRUE,TRUE,TRUE,TRUE,TRUE,TRUE,,,,,,,,,,,,
534,RAMAS MULTIPLES,,1/9,2.25,FALSE,,Arrollar. Resguardo: 1 de oro. Gana +1/+1 por cada ficha de unidad y de tesoro aliadas.,3,FALSE,3,1,2,,,https://i.postimg.cc/Zn6xt3SG/RAMAS_MULTIPLES_copia.webp,,,,,,,,,,,,"{'idExpansion': 6, 'nombreExpansion': 'ANCESTROS', 'fechaLanzamiento': '2024-11-19T03:36:06.000+00:00', 'visibilidad': True}","{'idTipo': 28, 'nombreTipo': 'UNIDAD'}",,"{'idSubTipo': 8, 'nombreSubTipo': 'ELEMENTAL'}",,,,"{'idRareza': 1, 'nombreRareza': 'PLATA'}",,"{'idRareza': 1, 'nombreRareza': 'PLATA'}",FALSE,TRUE,FALSE,FALSE,FALSE,FALSE,FALSE,FALSE,FALSE,FALSE,FALSE,,,FALSE,FALSE,FALSE,FALSE,FALSE,TRUE,FALSE,FALSE,FALSE,,TRUE,FALSE,FALSE,FALSE,TRUE,TRUE,TRUE,TRUE,TRUE,TRUE,TRUE,TRUE,FALSE,,,,,,,,,,,,
90,RANGEL DANZANTE,,1/9,2,TRUE,,Sorpresivo. Aparición en juego: Interrumpe la orden de unidad objetivo.,3,FALSE,,3,2,,,https://i.postimg.cc/QNTQsKFP/RANGEL-DANZANTE-copia.jpg,https://i.postimg.cc/7LkmScWt/rangel.webp,https://i.postimg.cc/Pxqbw3Ss/RANGEL-DANZANTE.webp,https://i.postimg.cc/3Jrv7jhk/METAL-RANGEL-DANZANTE.png,,,,,,,,,"{'idExpansion': 3, 'nombreExpansion': 'PACTO SECRETO', 'fechaLanzamiento': '2024-05-26T04:09:09.000+00:00', 'visibilidad': True}","{'idTipo': 28, 'nombreTipo': 'UNIDAD'}",,"{'idSubTipo': 5, 'nombreSubTipo': 'BRUJA'}",,,,"{'idRareza': 2, 'nombreRareza': 'BRONCE'}",,"{'idRareza': 2, 'nombreRareza': 'BRONCE'}",FALSE,TRUE,FALSE,FALSE,FALSE,TRUE,FALSE,FALSE,FALSE,FALSE,FALSE,,,FALSE,FALSE,FALSE,FALSE,FALSE,FALSE,FALSE,FALSE,FALSE,,FALSE,FALSE,FALSE,FALSE,TRUE,TRUE,TRUE,TRUE,TRUE,TRUE,TRUE,TRUE,FALSE,,,,,,,,,,,,
42,"RASCAL, EL OSCURO",,1/9,1,FALSE,,Frenesí. Al principio de tu primera fase central hace 1 punto de daño al jugador objetivo.,3,FALSE,,3,2,,,https://i.postimg.cc/hGc1SPxG/RASCAL-EL-OSCURO.webp,https://i.postimg.cc/MTFMQ9pz/Mesa-de-trabajo-54-200x.png,,,,,,,,,,,"{'idExpansion': 2, 'nombreExpansion': 'FUNDAMENTOS', 'fechaLanzamiento': '2024-05-26T04:08:58.000+00:00', 'visibilidad': True}","{'idTipo': 28, 'nombreTipo': 'UNIDAD'}",,"{'idSubTipo': 6, 'nombreSubTipo': 'DESERTOR'}",,,,"{'idRareza': 1, 'nombreRareza': 'PLATA'}",,"{'idRareza': 2, 'nombreRareza': 'BRONCE'}",FALSE,TRUE,FALSE,FALSE,FALSE,FALSE,FALSE,FALSE,FALSE,FALSE,FALSE,,,FALSE,FALSE,FALSE,FALSE,FALSE,FALSE,FALSE,FALSE,FALSE,,FALSE,FALSE,FALSE,FALSE,TRUE,TRUE,TRUE,TRUE,TRUE,TRUE,TRUE,TRUE,FALSE,,,,,,,,,,,,
351,RECHAZO DE LA INTENCION,,1/9,2,TRUE,,Interrumpe la orden objetivo a menos que su controlador pague 2 de oro. Crea una ficha libro.,2,FALSE,2,3,2,,,https://i.postimg.cc/Fzvqj1bK/RECHAZO-DE-LA-INTENCION-copia.webp,https://i.postimg.cc/KzCj5LJH/rechazo-juez-copia.webp,https://i.postimg.cc/v82qyvmV/EDICION-ENJM-2-copia.jpg,https://i.postimg.cc/yYssCvgT/RECHAZO-DE-LA-INTENCION-copia.webp,,,,,,,,,"{'idExpansion': 5, 'nombreExpansion': 'IMPERIO', 'fechaLanzamiento': '2024-07-04T19:48:17.000+00:00', 'visibilidad': True}","{'idTipo': 1, 'nombreTipo': 'ACCION'}",,,"{'idSubTipo': 7, 'nombreSubTipo': 'MAGO'}","{'idSubTipo': 12, 'nombreSubTipo': 'RAPIDA'}",,"{'idRareza': 2, 'nombreRareza': 'BRONCE'}",,"{'idRareza': 3, 'nombreRareza': 'ORO'}",FALSE,TRUE,FALSE,FALSE,FALSE,TRUE,FALSE,FALSE,FALSE,FALSE,FALSE,,,FALSE,FALSE,FALSE,FALSE,FALSE,FALSE,FALSE,FALSE,FALSE,,FALSE,FALSE,FALSE,FALSE,TRUE,TRUE,TRUE,TRUE,TRUE,TRUE,TRUE,TRUE,FALSE,,,,,,,,,,,,
567,RECLUTADOR DEL CLAN,,1/9,1,FALSE,,Aparición en juego: Crea una ficha enano 1/1. Esa unidad gana +1/+0  Frenesí hasta el final del turno.,2,FALSE,,2,2,,,https://i.postimg.cc/BZFgKWKm/RECLUTADOR_DEL_CLAN_copia.webp,,,,,,,,,,,,"{'idExpansion': 6, 'nombreExpansion': 'ANCESTROS', 'fechaLanzamiento': '2024-11-19T03:36:06.000+00:00', 'visibilidad': True}","{'idTipo': 28, 'nombreTipo': 'UNIDAD'}",,"{'idSubTipo': 19, 'nombreSubTipo': 'ENANO'}",,,,"{'idRareza': 2, 'nombreRareza': 'BRONCE'}",,"{'idRareza': 1, 'nombreRareza': 'PLATA'}",FALSE,TRUE,FALSE,FALSE,FALSE,FALSE,FALSE,FALSE,FALSE,FALSE,FALSE,,,FALSE,FALSE,FALSE,FALSE,FALSE,FALSE,FALSE,FALSE,FALSE,,FALSE,FALSE,FALSE,FALSE,TRUE,TRUE,TRUE,TRUE,TRUE,TRUE,TRUE,TRUE,FALSE,,,,,,,,,,,,
278,RECLUTAMIENTO FRUCTIFERO,,0/9,1,FALSE,,"Hasta el final del turno, siempre que una unidad aliada entre al campo, roba una carta.",3,FALSE,,,,,,https://i.postimg.cc/x8ZkBwGY/RECLUTAMIENTO_FRUCTIFERO_COPIA.webp,https://i.postimg.cc/1358R8Z0/RECLUTAMIENTO-FRUCTIERO-copia.jpg,,,,,,,,,,"Cada unidad que entre al campo disparará un efecto de robo de carta separado, aún si entran al mismo tiempo y/o por la misma orden/efecto.","{'idExpansion': 4, 'nombreExpansion': 'TRONO COMPARTIDO', 'fechaLanzamiento': '2024-05-26T04:09:14.000+00:00', 'visibilidad': True}","{'idTipo': 1, 'nombreTipo': 'ACCION'}",,"{'idSubTipo': 14, 'nombreSubTipo': 'COMUN'}",,,,"{'idRareza': 2, 'nombreRareza': 'BRONCE'}",,"{'idRareza': 2, 'nombreRareza': 'BRONCE'}",FALSE,FALSE,FALSE,FALSE,FALSE,FALSE,FALSE,FALSE,FALSE,FALSE,TRUE,,,FALSE,FALSE,FALSE,FALSE,FALSE,FALSE,FALSE,FALSE,FALSE,,FALSE,FALSE,FALSE,FALSE,TRUE,TRUE,TRUE,TRUE,TRUE,TRUE,TRUE,TRUE,TRUE,,,,,,,,,,,,
535,RECOMPENSADOR DE ELECCIONES,,4/9,2,FALSE,,"Resguardo: 1 de oro. Siempre que elijas, gana un contador +1/+1. Dispara solo una vez por turno.",2,FALSE,3,2,3,,,https://i.postimg.cc/MK8Y0s0q/RECOMPENSADOR_DE_ELECCIONES_copia.webp,,,,,,,,,,,,"{'idExpansion': 6, 'nombreExpansion': 'ANCESTROS', 'fechaLanzamiento': '2024-11-19T03:36:06.000+00:00', 'visibilidad': True}","{'idTipo': 28, 'nombreTipo': 'UNIDAD'}",,"{'idSubTipo': 20, 'nombreSubTipo': 'DJINN'}",,,,"{'idRareza': 2, 'nombreRareza': 'BRONCE'}",,"{'idRareza': 2, 'nombreRareza': 'BRONCE'}",FALSE,TRUE,FALSE,FALSE,FALSE,FALSE,FALSE,FALSE,FALSE,FALSE,FALSE,,,FALSE,FALSE,FALSE,FALSE,FALSE,FALSE,FALSE,FALSE,FALSE,,TRUE,FALSE,FALSE,FALSE,TRUE,TRUE,TRUE,TRUE,FALSE,FALSE,TRUE,FALSE,FALSE,,,,,,,,,,,,
166,RECUERDO AMOROSO,,0/9,1,TRUE,,Pagar 3 vidas: roba una carta. Activa solo si controlas 5 o más tesoros.,5,FALSE,5,,,,,https://i.postimg.cc/cHVfw0bX/RECUERDO-AMOROSO-copia.jpg,https://i.postimg.cc/HxPw4wNJ/RECUERDO-AMOROSO.webp,,,,,,,,,,,"{'idExpansion': 3, 'nombreExpansion': 'PACTO SECRETO', 'fechaLanzamiento': '2024-05-26T04:09:09.000+00:00', 'visibilidad': True}","{'idTipo': 6, 'nombreTipo': 'TESORO'}",,,,,,"{'idRareza': 4, 'nombreRareza': 'DIAMANTE'}",,"{'idRareza': 3, 'nombreRareza': 'ORO'}",FALSE,FALSE,FALSE,FALSE,FALSE,FALSE,FALSE,FALSE,FALSE,FALSE,TRUE,,,FALSE,FALSE,FALSE,FALSE,FALSE,FALSE,FALSE,FALSE,FALSE,,FALSE,FALSE,FALSE,FALSE,TRUE,TRUE,TRUE,TRUE,TRUE,TRUE,TRUE,TRUE,TRUE,,,,,,,,,,,,
334,RECUERDO DE AZAHARA,,0/9,1,TRUE,,Durabilidad: 1. Equipar: 1 oro. Derrotado: Hace 2 daños hasta a una unidad rival objetivo y a cada oponente.,1,FALSE,,2,0,,,https://i.postimg.cc/gkN5ZzxY/RECUERDO-DE-AZAHARA-copia.webp,,,,,,,,,,,,"{'idExpansion': 5, 'nombreExpansion': 'IMPERIO', 'fechaLanzamiento': '2024-07-04T19:48:17.000+00:00', 'visibilidad': True}","{'idTipo': 29, 'nombreTipo': 'ARMA'}",,"{'idSubTipo': 6, 'nombreSubTipo': 'DESERTOR'}",,,,"{'idRareza': 2, 'nombreRareza': 'BRONCE'}",,"{'idRareza': 2, 'nombreRareza': 'BRONCE'}",TRUE,FALSE,FALSE,FALSE,FALSE,FALSE,FALSE,FALSE,FALSE,FALSE,FALSE,,,FALSE,FALSE,FALSE,FALSE,FALSE,FALSE,FALSE,FALSE,FALSE,,FALSE,FALSE,FALSE,FALSE,TRUE,TRUE,TRUE,TRUE,TRUE,TRUE,TRUE,TRUE,TRUE,,,,,,,,,,,,
165,RECURSOS HUMANOS,,0/9,0,TRUE,,Agotar y destruir una unidad que controlas: Los otros jugadores derrumban tres cartas de su Reino (ponen las primeras 3 cartas de su Reino en el descarte).,4,FALSE,4,,,,,https://i.postimg.cc/J0ZZQSwm/RECURSOS-HUMANOS-copia.jpg,https://i.postimg.cc/L8CPH1JT/Arte-alternativo-Recursos-humanos.webp,https://i.postimg.cc/sxk5bVss/RECURSOS-HUMANOS.webp,https://i.postimg.cc/2ScV1Czs/RECURSOS-HUMANOS-copia.jpg,,,,,,,,,"{'idExpansion': 3, 'nombreExpansion': 'PACTO SECRETO', 'fechaLanzamiento': '2024-05-26T04:09:09.000+00:00', 'visibilidad': True}","{'idTipo': 6, 'nombreTipo': 'TESORO'}",,,,,,"{'idRareza': 1, 'nombreRareza': 'PLATA'}",,"{'idRareza': 2, 'nombreRareza': 'BRONCE'}",FALSE,FALSE,FALSE,FALSE,FALSE,FALSE,FALSE,FALSE,FALSE,FALSE,FALSE,,,FALSE,FALSE,FALSE,FALSE,FALSE,FALSE,FALSE,FALSE,FALSE,,FALSE,FALSE,FALSE,FALSE,TRUE,TRUE,TRUE,TRUE,TRUE,TRUE,TRUE,TRUE,TRUE,,,,,,,,,,,,
43,REFUERZO METALICO,,0/9,0,FALSE,,Agotar: Hasta dos unidades objetivo ganan +0/+2 hasta el final del turno.,1,FALSE,1,,,,,https://i.postimg.cc/yxgFfJqL/REFUERZO-METALICO.webp,https://i.postimg.cc/DwnrFYWN/Mesa-de-trabajo-44.png,https://i.postimg.cc/brnxY7H7/Mesa-de-trabajo-55-200x.png,https://i.postimg.cc/jdV63jRt/Mesa-de-trabajo-56-200x.png,https://i.postimg.cc/VNqKff5V/ref-full-art-ff.jpg,,,,,,,,"{'idExpansion': 2, 'nombreExpansion': 'FUNDAMENTOS', 'fechaLanzamiento': '2024-05-26T04:08:58.000+00:00', 'visibilidad': True}","{'idTipo': 6, 'nombreTipo': 'TESORO'}",,,,,,"{'idRareza': 2, 'nombreRareza': 'BRONCE'}",,"{'idRareza': 1, 'nombreRareza': 'PLATA'}",FALSE,FALSE,FALSE,FALSE,FALSE,FALSE,FALSE,FALSE,FALSE,FALSE,FALSE,,,FALSE,FALSE,FALSE,FALSE,FALSE,FALSE,FALSE,FALSE,FALSE,,FALSE,FALSE,FALSE,FALSE,TRUE,TRUE,TRUE,TRUE,TRUE,TRUE,TRUE,TRUE,TRUE,,,,,,,,,,,,
67,REFUERZOS,,0/9,0,TRUE,,Crea cuatro fichas de soldado 1/1.,4,FALSE,,,,,"La batalla estaba por terminar, ya no había esperanzas de victoria, pero una trompeta se oyó en el pico de la montaña. Refuerzos de Berin habían llegado.",https://i.postimg.cc/sDCp2fS2/REFUERZOS-copia.jpg,https://i.postimg.cc/0yqpf2VC/REFUERZOS.webp,,,,,,,,,,,"{'idExpansion': 3, 'nombreExpansion': 'PACTO SECRETO', 'fechaLanzamiento': '2024-05-26T04:09:09.000+00:00', 'visibilidad': True}","{'idTipo': 1, 'nombreTipo': 'ACCION'}",,,,"{'idSubTipo': 12, 'nombreSubTipo': 'RAPIDA'}",,"{'idRareza': 2, 'nombreRareza': 'BRONCE'}",,"{'idRareza': 4, 'nombreRareza': 'DIAMANTE'}",FALSE,FALSE,FALSE,FALSE,FALSE,FALSE,FALSE,FALSE,FALSE,FALSE,FALSE,,,FALSE,FALSE,FALSE,FALSE,FALSE,FALSE,FALSE,FALSE,FALSE,,FALSE,FALSE,FALSE,FALSE,TRUE,TRUE,TRUE,TRUE,TRUE,TRUE,TRUE,TRUE,TRUE,,,,,,,,,,,,
568,REGALO DEL ETER,,1/9,3.25,FALSE,,"Arrollar. Siempre que haga daño de combate, cada jugador crea una ficha de tesoro. Derrotado: Ganas 3 vidas.",2,FALSE,,3,2,,,https://i.postimg.cc/m2NymQVM/REGALO_DEL_ETER_copia.webp,,,,,,,,,,,,"{'idExpansion': 6, 'nombreExpansion': 'ANCESTROS', 'fechaLanzamiento': '2024-11-19T03:36:06.000+00:00', 'visibilidad': True}","{'idTipo': 28, 'nombreTipo': 'UNIDAD'}",,"{'idSubTipo': 8, 'nombreSubTipo': 'ELEMENTAL'}",,,,"{'idRareza': 2, 'nombreRareza': 'BRONCE'}",,"{'idRareza': 1, 'nombreRareza': 'PLATA'}",FALSE,TRUE,FALSE,FALSE,FALSE,FALSE,FALSE,FALSE,FALSE,FALSE,FALSE,,,FALSE,FALSE,FALSE,FALSE,FALSE,TRUE,FALSE,TRUE,FALSE,,FALSE,TRUE,FALSE,FALSE,TRUE,TRUE,TRUE,TRUE,TRUE,TRUE,TRUE,TRUE,FALSE,,,,,,,,,,,,
279,REINA DE LA INFECCION,,7/9,0.5,TRUE,,"Aparición en juego: Reparte tres contadores -1/-1 entre cualquier cantidad de unidades objetivo. Siempre que pongas un contador -1/-1 en una unidad rival, crea una ficha insecto 1/1 con ""Derrotado: Envenena la mitad objetivo"".",4,FALSE,,1,4,,,https://i.postimg.cc/7PtTC2Fc/REINA_DE_LA_INFECCION_COPIA.webp,https://i.postimg.cc/6p579sfd/reina-de-la-infeccion.webp,https://i.postimg.cc/N0KLTZF5/REINA-DE-LA-INFECCION-copia.jpg,,,,,,,,,"El segundo efecto dispara cuando se haya colocado un contador -1/-1 en una unidad rival. ""Envenenar"" pone 1 contador -1-1 al envenenar una unidad, luego las unidades envenenadas GANAN un contador -1-1 al comienzo del turno, que no dispararía la habilidad de ""Reina de la infección"" otra vez. (""Poner"" es distinto a ""Ganar""). Si uno quiere poner dos o más contadores, hace un solo objetivo a esa unidad en cuestión. Si se quiere colocar dos o más contadores en una misma unidad cuya resistencia es 1, se colocarán toda la cantidad de contadores deseada, puesto que es una sola habilidad.","{'idExpansion': 4, 'nombreExpansion': 'TRONO COMPARTIDO', 'fechaLanzamiento': '2024-05-26T04:09:14.000+00:00', 'visibilidad': True}","{'idTipo': 28, 'nombreTipo': 'UNIDAD'}",,"{'idSubTipo': 16, 'nombreSubTipo': 'INSECTO'}",,"{'idSubTipo': 13, 'nombreSubTipo': 'REALEZA'}",,"{'idRareza': 3, 'nombreRareza': 'ORO'}",,"{'idRareza': 1, 'nombreRareza': 'PLATA'}",FALSE,TRUE,FALSE,FALSE,FALSE,FALSE,FALSE,FALSE,FALSE,FALSE,FALSE,,,FALSE,FALSE,FALSE,FALSE,FALSE,FALSE,TRUE,FALSE,FALSE,,FALSE,FALSE,FALSE,FALSE,TRUE,FALSE,FALSE,TRUE,FALSE,FALSE,FALSE,FALSE,FALSE,,,,,,,,,,,,
536,RELIQUIA DEL RITUAL ANCESTRAL,,4/9,2.25,FALSE,,"Aparición en juego: Hace daño igual a la mayor fuerza entre las unidades aliadas a cada unidad rival. Las unidades aliadas ganan Arrollar y ""Resguardo: Te hace 2 daños."".",7,FALSE,3,2,3,,,https://i.postimg.cc/x1fyhcFZ/RELIQUIA_DEL_RITUAL_ANCESTRAL_copia.webp,,,,,,,,,,,,"{'idExpansion': 6, 'nombreExpansion': 'ANCESTROS', 'fechaLanzamiento': '2024-11-19T03:36:06.000+00:00', 'visibilidad': True}","{'idTipo': 17, 'nombreTipo': 'MONUMENTO'}",,"{'idSubTipo': 18, 'nombreSubTipo': 'GIGANTE'}",,,,"{'idRareza': 1, 'nombreRareza': 'PLATA'}",,"{'idRareza': 3, 'nombreRareza': 'ORO'}",FALSE,TRUE,FALSE,FALSE,FALSE,FALSE,FALSE,FALSE,FALSE,FALSE,FALSE,,,FALSE,FALSE,FALSE,FALSE,FALSE,TRUE,FALSE,FALSE,FALSE,,TRUE,FALSE,FALSE,FALSE,TRUE,TRUE,TRUE,TRUE,FALSE,FALSE,TRUE,FALSE,FALSE,,,,,,,,,,,,
280,REPRODUCTOR FEROZ,,1/9,1,FALSE,,Aparición en juego: Crea una ficha insecto 3/2. Aparición en juego: Los animales e insectos aliadas ganan +1/+1 y Frenesí hasta el final del turno.,6,FALSE,,3,2,,,https://i.postimg.cc/3Jy02w7w/REPRODUCTOR_FEROZ_COPIA.webp,https://i.postimg.cc/9fs0B1w1/REPRODUCTOR-FEROZ-copia.jpg,,,,,,,,,,"Ambos efectos disaran al entrar al campo, y el controlador debe decidir en qué orden los envía a la pila.","{'idExpansion': 4, 'nombreExpansion': 'TRONO COMPARTIDO', 'fechaLanzamiento': '2024-05-26T04:09:14.000+00:00', 'visibilidad': True}","{'idTipo': 28, 'nombreTipo': 'UNIDAD'}",,"{'idSubTipo': 16, 'nombreSubTipo': 'INSECTO'}","{'idSubTipo': 3, 'nombreSubTipo': 'ANIMAL'}",,,"{'idRareza': 2, 'nombreRareza': 'BRONCE'}",,"{'idRareza': 5, 'nombreRareza': 'ESMERALDA'}",FALSE,TRUE,FALSE,FALSE,FALSE,FALSE,FALSE,FALSE,FALSE,FALSE,FALSE,,,FALSE,FALSE,FALSE,FALSE,FALSE,FALSE,FALSE,FALSE,FALSE,,FALSE,FALSE,FALSE,FALSE,TRUE,TRUE,TRUE,TRUE,TRUE,TRUE,TRUE,TRUE,FALSE,,,,,,,,,,,,
305,RESERVAS DE ORO,,0/9,0,FALSE,,"Una vez por turno, puedes erosionar para mirar las primeras dos cartas de tu Bóveda. Pon cualquier cantidad en el tope y el resto en el fondo. Erosión 2.",2,FALSE,,,,,,https://i.postimg.cc/15LnBZ5r/RESERVAS_DE_ORO_COPIA.webp,https://i.postimg.cc/MH2NtTN8/FULL_ART_RESERVA_DE_ORO_COPIA.webp,https://i.postimg.cc/J4QDV7Zr/reservas-de-oro.webp,,,,,,,,,,"{'idExpansion': 4, 'nombreExpansion': 'TRONO COMPARTIDO', 'fechaLanzamiento': '2024-05-26T04:09:14.000+00:00', 'visibilidad': True}","{'idTipo': 17, 'nombreTipo': 'MONUMENTO'}",,,,,,"{'idRareza': 2, 'nombreRareza': 'BRONCE'}",,"{'idRareza': 2, 'nombreRareza': 'BRONCE'}",FALSE,FALSE,FALSE,FALSE,FALSE,FALSE,FALSE,FALSE,FALSE,FALSE,FALSE,,,FALSE,FALSE,FALSE,FALSE,FALSE,FALSE,FALSE,FALSE,FALSE,,FALSE,FALSE,FALSE,FALSE,TRUE,TRUE,TRUE,TRUE,TRUE,TRUE,TRUE,TRUE,TRUE,,,,,,,,,,,,
282,RESURGIMIENTO,,0/9,0,FALSE,,"(Como coste adicional, pierdes 2 vidas). Pon en el campo la carta de unidad objetivo de tu Averno de coste 3 o menos. Si es un demonio, entra con un contador +1/+1.",3,FALSE,,,,,,https://i.postimg.cc/ZRWxvZ5k/RESURGIMIENTO-copia.webp,https://i.postimg.cc/527XyPsD/resurgimiento.webp,https://i.postimg.cc/mr4cxN9c/RESURGIMIENTO_COPIA.webp,,,,,,,,,,"{'idExpansion': 4, 'nombreExpansion': 'TRONO COMPARTIDO', 'fechaLanzamiento': '2024-05-26T04:09:14.000+00:00', 'visibilidad': True}","{'idTipo': 1, 'nombreTipo': 'ACCION'}",,,"{'idSubTipo': 15, 'nombreSubTipo': 'DEMONIO'}","{'idSubTipo': 12, 'nombreSubTipo': 'RAPIDA'}",,"{'idRareza': 3, 'nombreRareza': 'ORO'}",,"{'idRareza': 3, 'nombreRareza': 'ORO'}",FALSE,FALSE,FALSE,FALSE,FALSE,FALSE,FALSE,FALSE,FALSE,FALSE,FALSE,,,FALSE,FALSE,FALSE,FALSE,FALSE,FALSE,FALSE,FALSE,FALSE,,FALSE,FALSE,FALSE,FALSE,TRUE,TRUE,TRUE,TRUE,TRUE,TRUE,TRUE,TRUE,TRUE,,,,,,,,,,,,
68,RESURRECCION,,0/9,0,TRUE,,Pon en el campo de batalla la carta de unidad objetivo de tu descarte de coste 2 o menos.,2,FALSE,,,,,,https://i.postimg.cc/FH93jPT5/RESURRECCION-copia.jpg,https://i.postimg.cc/rF41xtNm/RESURRECCION.webp,,,,,,,,,,,"{'idExpansion': 3, 'nombreExpansion': 'PACTO SECRETO', 'fechaLanzamiento': '2024-05-26T04:09:09.000+00:00', 'visibilidad': True}","{'idTipo': 1, 'nombreTipo': 'ACCION'}",,,,"{'idSubTipo': 12, 'nombreSubTipo': 'RAPIDA'}",,"{'idRareza': 2, 'nombreRareza': 'BRONCE'}",,"{'idRareza': 2, 'nombreRareza': 'BRONCE'}",FALSE,FALSE,FALSE,FALSE,FALSE,FALSE,FALSE,FALSE,FALSE,FALSE,FALSE,,,FALSE,FALSE,FALSE,FALSE,FALSE,FALSE,FALSE,FALSE,FALSE,,FALSE,FALSE,FALSE,FALSE,TRUE,TRUE,TRUE,TRUE,TRUE,TRUE,TRUE,TRUE,TRUE,,,,,,,,,,,,
44,RETIRADA,,0/9,0,TRUE,,Agotar: Mueve la unidad objetivo a la zona de formación.,4,FALSE,4,,,,,https://i.postimg.cc/3rVjkZpV/RETIRADA.webp,https://i.postimg.cc/zX1WSPkf/Mesa-de-trabajo-57-200x.png,,,,,,,,,,,"{'idExpansion': 2, 'nombreExpansion': 'FUNDAMENTOS', 'fechaLanzamiento': '2024-05-26T04:08:58.000+00:00', 'visibilidad': True}","{'idTipo': 6, 'nombreTipo': 'TESORO'}",,,,,,"{'idRareza': 2, 'nombreRareza': 'BRONCE'}",,"{'idRareza': 3, 'nombreRareza': 'ORO'}",FALSE,FALSE,FALSE,FALSE,FALSE,FALSE,FALSE,FALSE,FALSE,FALSE,FALSE,,,FALSE,FALSE,FALSE,FALSE,FALSE,FALSE,FALSE,FALSE,FALSE,,FALSE,FALSE,FALSE,FALSE,TRUE,TRUE,TRUE,TRUE,TRUE,TRUE,TRUE,TRUE,TRUE,,,,,,,,,,,,
45,REVOLUCION DEL DESTIERRO,,0/9,0,FALSE,,Hace 1 punto de daño por cada desertor que controlas a cualquier objetivo.,2,FALSE,,,,,,https://i.postimg.cc/pLYK1b7M/REVOLUCION-DEL-DESTIERRO.webp,https://i.postimg.cc/4d97pz7t/Mesa-de-trabajo-58-200x.png,,,,,,,,,,,"{'idExpansion': 2, 'nombreExpansion': 'FUNDAMENTOS', 'fechaLanzamiento': '2024-05-26T04:08:58.000+00:00', 'visibilidad': True}","{'idTipo': 1, 'nombreTipo': 'ACCION'}",,"{'idSubTipo': 14, 'nombreSubTipo': 'COMUN'}",,,,"{'idRareza': 1, 'nombreRareza': 'PLATA'}",,"{'idRareza': 1, 'nombreRareza': 'PLATA'}",FALSE,FALSE,FALSE,FALSE,FALSE,FALSE,FALSE,FALSE,FALSE,FALSE,FALSE,,,FALSE,FALSE,FALSE,FALSE,FALSE,FALSE,FALSE,FALSE,FALSE,,FALSE,FALSE,FALSE,FALSE,TRUE,TRUE,TRUE,TRUE,TRUE,TRUE,TRUE,TRUE,TRUE,,,,,,,,,,,,
141,REY GRADEN,,7/9,0.5,FALSE,,Las órdenes de unidad que juegues cuestan 1 menos. El coste no puede ser menor que 1.,3,FALSE,,3,4,,,https://i.postimg.cc/5twXLMrY/REY-GRADEN-copia.jpg,https://i.postimg.cc/FKtNn9Yk/Full-art-Rey-Graden-copia.jpg,https://i.postimg.cc/Xqp8V0rq/rey-graden.webp,https://i.postimg.cc/hj4s5mg9/rey-graden-full-art.webp,https://i.postimg.cc/P5yPFhhR/graden-arte-alternativo-foil.jpg,https://i.postimg.cc/fLhPHNbP/ethernalgraden.webp,https://i.postimg.cc/tgqWKvQZ/REY-GRADEN.webp,,,,,,"{'idExpansion': 3, 'nombreExpansion': 'PACTO SECRETO', 'fechaLanzamiento': '2024-05-26T04:09:09.000+00:00', 'visibilidad': True}","{'idTipo': 28, 'nombreTipo': 'UNIDAD'}",,"{'idSubTipo': 2, 'nombreSubTipo': 'SOLDADO'}","{'idSubTipo': 13, 'nombreSubTipo': 'REALEZA'}",,,"{'idRareza': 4, 'nombreRareza': 'DIAMANTE'}",,"{'idRareza': 1, 'nombreRareza': 'PLATA'}",FALSE,TRUE,FALSE,FALSE,FALSE,FALSE,FALSE,FALSE,FALSE,FALSE,FALSE,,,FALSE,FALSE,FALSE,FALSE,FALSE,FALSE,TRUE,FALSE,FALSE,,FALSE,FALSE,FALSE,FALSE,TRUE,FALSE,FALSE,TRUE,FALSE,FALSE,FALSE,FALSE,FALSE,,,,,,,,,,,,
283,RIO VIVIENTE,,1/9,1,FALSE,,"Aparición en juego: Mira la primera carta de tu Bóveda. Si es un tesoro genérico, puedes revelarlo y ponerlo en Tesoros Agotados.",2,FALSE,,2,2,,,https://i.postimg.cc/9fBDcRPL/RIO_VIVIENTE_COPIA.webp,https://i.postimg.cc/kGQZHCPR/FULL_ART_RIO_VIVIENTE_COPIA.webp,https://i.postimg.cc/BvjXKxyb/rio-viviente.webp,,,,,,,,,,"{'idExpansion': 4, 'nombreExpansion': 'TRONO COMPARTIDO', 'fechaLanzamiento': '2024-05-26T04:09:14.000+00:00', 'visibilidad': True}","{'idTipo': 28, 'nombreTipo': 'UNIDAD'}",,"{'idSubTipo': 8, 'nombreSubTipo': 'ELEMENTAL'}",,,,"{'idRareza': 1, 'nombreRareza': 'PLATA'}",,"{'idRareza': 1, 'nombreRareza': 'PLATA'}",FALSE,TRUE,FALSE,FALSE,FALSE,FALSE,FALSE,FALSE,FALSE,FALSE,FALSE,,,FALSE,FALSE,FALSE,FALSE,FALSE,FALSE,FALSE,FALSE,FALSE,,FALSE,FALSE,FALSE,FALSE,TRUE,TRUE,TRUE,TRUE,TRUE,TRUE,TRUE,TRUE,FALSE,,,,,,,,,,,,
284,RITUAL DE INVOCACION,,0/9,1.25,TRUE,,Crea una ficha espíritu 5/5 con Arrollar.,4,FALSE,,,,,¿Cuántos años habrá dedicado para dominar el arte de conjurar espíritus? Es un poder que no se ve hace siglos...,https://i.postimg.cc/85PjcptN/RITUAL_DE_INVOCACION_COPIA.webp,,,,,,,,,,,,"{'idExpansion': 4, 'nombreExpansion': 'TRONO COMPARTIDO', 'fechaLanzamiento': '2024-05-26T04:09:14.000+00:00', 'visibilidad': True}","{'idTipo': 1, 'nombreTipo': 'ACCION'}",,,"{'idSubTipo': 8, 'nombreSubTipo': 'ELEMENTAL'}","{'idSubTipo': 12, 'nombreSubTipo': 'RAPIDA'}",,"{'idRareza': 1, 'nombreRareza': 'PLATA'}",,"{'idRareza': 2, 'nombreRareza': 'BRONCE'}",FALSE,TRUE,FALSE,FALSE,FALSE,FALSE,FALSE,FALSE,FALSE,FALSE,FALSE,,,FALSE,FALSE,FALSE,FALSE,FALSE,TRUE,FALSE,FALSE,FALSE,,FALSE,FALSE,FALSE,FALSE,TRUE,TRUE,TRUE,TRUE,TRUE,TRUE,TRUE,TRUE,TRUE,,,,,,,,,,,,
69,RITUAL DE NEGACION,,0/9,1,TRUE,,Como coste adicional descarta una carta. Elige 1: - Cancela el efecto en juego objetivo. - Interrumpe la orden de acción o unidad objetivo de coste 3 o menos.,1,FALSE,,,,,,https://i.postimg.cc/VNhtPzmm/RITUAL-DE-NEGACION-copia.jpg,https://i.postimg.cc/QMf1hgh6/RITUAL-DE-NEGACION.webp,https://i.postimg.cc/NjsVmncj/ritual.jpg,https://i.postimg.cc/xdpzswHT/gota-ritual.png,,,,,,,,,"{'idExpansion': 3, 'nombreExpansion': 'PACTO SECRETO', 'fechaLanzamiento': '2024-05-26T04:09:09.000+00:00', 'visibilidad': True}","{'idTipo': 1, 'nombreTipo': 'ACCION'}",,,,"{'idSubTipo': 12, 'nombreSubTipo': 'RAPIDA'}",,"{'idRareza': 3, 'nombreRareza': 'ORO'}",,"{'idRareza': 2, 'nombreRareza': 'BRONCE'}",FALSE,FALSE,FALSE,FALSE,FALSE,TRUE,FALSE,FALSE,FALSE,FALSE,FALSE,,,FALSE,FALSE,FALSE,FALSE,FALSE,FALSE,FALSE,FALSE,FALSE,,FALSE,FALSE,FALSE,FALSE,TRUE,TRUE,TRUE,TRUE,TRUE,TRUE,TRUE,TRUE,TRUE,,,,,,,,,,,,
343,"RIUKCOPAL, GUARDIAN DE LAS RIQUEZAS",,8/9,1.65,FALSE,,"Curar. Evasión. Al inicio de tu turno, busca en tu Bóveda un tesoro y ponlo en el tope.",6,FALSE,,6,6,,,https://i.postimg.cc/Wpmxs6jq/RIUKCOPAL-GUARDIAN-DE-LAS-RIQUEZAS.webp,,,,,,,,,,,,"{'idExpansion': 5, 'nombreExpansion': 'IMPERIO', 'fechaLanzamiento': '2024-07-04T19:48:17.000+00:00', 'visibilidad': True}","{'idTipo': 28, 'nombreTipo': 'UNIDAD'}",,"{'idSubTipo': 9, 'nombreSubTipo': 'DRAGON'}",,"{'idSubTipo': 13, 'nombreSubTipo': 'REALEZA'}",,"{'idRareza': 5, 'nombreRareza': 'ESMERALDA'}",,"{'idRareza': 1, 'nombreRareza': 'PLATA'}",FALSE,TRUE,FALSE,FALSE,FALSE,FALSE,FALSE,TRUE,FALSE,FALSE,FALSE,,,TRUE,FALSE,FALSE,FALSE,FALSE,FALSE,TRUE,FALSE,FALSE,,FALSE,FALSE,FALSE,FALSE,FALSE,FALSE,FALSE,TRUE,FALSE,FALSE,FALSE,FALSE,FALSE,,,,,,,,,,,,
98,ROEDOR INFECTADO,,0/9,1,FALSE,,"Si controlas un Roedor infectado, puedes jugar esta carta sin pagar su coste.",1,FALSE,,1,1,,,https://i.postimg.cc/90dw9TTQ/ROEDOR-INFECTADO-copia.jpg,https://i.postimg.cc/mDq9FbcC/ROEDOR-INFECTADO.webp,,,,,,,,,,,"{'idExpansion': 3, 'nombreExpansion': 'PACTO SECRETO', 'fechaLanzamiento': '2024-05-26T04:09:09.000+00:00', 'visibilidad': True}","{'idTipo': 28, 'nombreTipo': 'UNIDAD'}",,"{'idSubTipo': 3, 'nombreSubTipo': 'ANIMAL'}",,,,"{'idRareza': 2, 'nombreRareza': 'BRONCE'}",,"{'idRareza': 1, 'nombreRareza': 'PLATA'}",FALSE,TRUE,FALSE,FALSE,FALSE,FALSE,FALSE,FALSE,FALSE,FALSE,FALSE,,,FALSE,FALSE,FALSE,FALSE,FALSE,FALSE,FALSE,FALSE,FALSE,,FALSE,FALSE,FALSE,FALSE,TRUE,TRUE,TRUE,TRUE,TRUE,TRUE,TRUE,TRUE,TRUE,,,,,,,,,,,,
89,ROJO FUGAZ,,1/9,1,TRUE,,Frenesí. (Esta unidad puede atacar el mismo turno que entra bajo tu control). Los animales que controlas ganan Frenesí.,1,FALSE,,2,2,,,https://i.postimg.cc/RZVJ3W0v/ROJO-FUGAZ-copia.jpg,https://i.postimg.cc/kGzyGhSc/rojo-fugaz.webp,https://i.postimg.cc/MHQQ7hR4/ROJO-FUGAZ.webp,https://i.postimg.cc/gjW0CJDZ/ROJO-FUGAZ-copia.jpg,,,,,,,,,"{'idExpansion': 3, 'nombreExpansion': 'PACTO SECRETO', 'fechaLanzamiento': '2024-05-26T04:09:09.000+00:00', 'visibilidad': True}","{'idTipo': 28, 'nombreTipo': 'UNIDAD'}",,"{'idSubTipo': 3, 'nombreSubTipo': 'ANIMAL'}",,,,"{'idRareza': 3, 'nombreRareza': 'ORO'}",,"{'idRareza': 2, 'nombreRareza': 'BRONCE'}",FALSE,TRUE,FALSE,FALSE,FALSE,FALSE,FALSE,FALSE,FALSE,FALSE,FALSE,,,FALSE,FALSE,FALSE,FALSE,FALSE,FALSE,FALSE,FALSE,FALSE,,FALSE,FALSE,FALSE,FALSE,TRUE,TRUE,TRUE,TRUE,TRUE,TRUE,TRUE,TRUE,FALSE,,,,,,,,,,,,
70,ROMPIENDO PUERTAS,,0/9,1.25,FALSE,,Elige 1: - Destruye la unidad objetivo. - Destruye el monumento objetivo.,3,FALSE,,,,,,https://i.postimg.cc/mgXz7TcC/ROMPIENDO-PUERTAS-copia.jpg,https://i.postimg.cc/9MzTM4fc/ROMPIENDO-PUERTAS.webp,,,,,,,,,,,"{'idExpansion': 3, 'nombreExpansion': 'PACTO SECRETO', 'fechaLanzamiento': '2024-05-26T04:09:09.000+00:00', 'visibilidad': True}","{'idTipo': 1, 'nombreTipo': 'ACCION'}",,,,"{'idSubTipo': 12, 'nombreSubTipo': 'RAPIDA'}",,"{'idRareza': 2, 'nombreRareza': 'BRONCE'}",,"{'idRareza': 1, 'nombreRareza': 'PLATA'}",FALSE,FALSE,FALSE,FALSE,FALSE,FALSE,TRUE,FALSE,FALSE,FALSE,FALSE,,,FALSE,FALSE,FALSE,FALSE,FALSE,FALSE,FALSE,FALSE,FALSE,,FALSE,FALSE,FALSE,FALSE,TRUE,TRUE,TRUE,TRUE,TRUE,TRUE,TRUE,TRUE,TRUE,,,,,,,,,,,,
167,RUBI MAGICO,,0/9,1,FALSE,,"Aparición en juego: Si controlas al menos una unidad desertor o soldado, roba una carta y hace 1 punto de daño al jugador objetivo.",3,FALSE,3,,,,,https://i.postimg.cc/6Q870FRS/RUBI-MAGICO-copia.jpg,https://i.postimg.cc/c6G8XXBJ/RUBI-MAGICO.webp,,,,,,,,,,,"{'idExpansion': 3, 'nombreExpansion': 'PACTO SECRETO', 'fechaLanzamiento': '2024-05-26T04:09:09.000+00:00', 'visibilidad': True}","{'idTipo': 6, 'nombreTipo': 'TESORO'}",,,,,,"{'idRareza': 3, 'nombreRareza': 'ORO'}",,"{'idRareza': 4, 'nombreRareza': 'DIAMANTE'}",FALSE,FALSE,FALSE,FALSE,FALSE,FALSE,FALSE,FALSE,FALSE,FALSE,TRUE,,,FALSE,FALSE,FALSE,FALSE,FALSE,FALSE,FALSE,FALSE,FALSE,,FALSE,FALSE,FALSE,FALSE,TRUE,TRUE,TRUE,TRUE,TRUE,TRUE,TRUE,TRUE,TRUE,,,,,,,,,,,,
61,RUGIDO ANIMAL,,0/9,0,FALSE,,Hace 1 punto de daño por cada animal que controlas repartido entre cualquier cantidad de objetivos.,3,FALSE,,,,,,https://i.postimg.cc/vB94R90t/RUGIDO-ANIMAL-copia.jpg,https://i.postimg.cc/jqFcMC17/rugido.webp,https://i.postimg.cc/nVggY5N1/RUGIDO-ANIMAL.webp,https://i.postimg.cc/rsNpMknY/RUGIDO-ANIMAL-copia.jpg,,,,,,,,,"{'idExpansion': 3, 'nombreExpansion': 'PACTO SECRETO', 'fechaLanzamiento': '2024-05-26T04:09:09.000+00:00', 'visibilidad': True}","{'idTipo': 1, 'nombreTipo': 'ACCION'}",,"{'idSubTipo': 14, 'nombreSubTipo': 'COMUN'}",,,,"{'idRareza': 1, 'nombreRareza': 'PLATA'}",,"{'idRareza': 3, 'nombreRareza': 'ORO'}",FALSE,FALSE,FALSE,FALSE,FALSE,FALSE,FALSE,FALSE,FALSE,FALSE,FALSE,,,FALSE,FALSE,FALSE,FALSE,FALSE,FALSE,FALSE,FALSE,FALSE,,FALSE,FALSE,FALSE,FALSE,TRUE,TRUE,TRUE,TRUE,TRUE,TRUE,TRUE,TRUE,TRUE,,,,,,,,,,,,
285,RUNA DE PACIFICACION,,0/9,0,TRUE,,Aparición en juego: Pacifica la unidad objetivo.,0,FALSE,0,,,,,https://i.postimg.cc/NjtDJWpT/RUNA-DE-PACIFICACION-copia.webp,https://i.postimg.cc/jjBCQD0X/runa-de-pacificacion.webp,https://i.postimg.cc/X7xvPnyr/RUNA-DE-PACIFICACION-copia.jpg,https://i.postimg.cc/tTS7VKMP/RUNA_DE_PACIFICACION_COPIA.webp,,,,,,,,,"{'idExpansion': 4, 'nombreExpansion': 'TRONO COMPARTIDO', 'fechaLanzamiento': '2024-05-26T04:09:14.000+00:00', 'visibilidad': True}","{'idTipo': 6, 'nombreTipo': 'TESORO'}",,,,,,"{'idRareza': 1, 'nombreRareza': 'PLATA'}",,"{'idRareza': 2, 'nombreRareza': 'BRONCE'}",FALSE,FALSE,FALSE,FALSE,FALSE,FALSE,FALSE,FALSE,FALSE,FALSE,FALSE,,,FALSE,FALSE,FALSE,FALSE,FALSE,FALSE,FALSE,FALSE,FALSE,,FALSE,FALSE,FALSE,FALSE,TRUE,TRUE,TRUE,TRUE,TRUE,TRUE,TRUE,TRUE,TRUE,,,,,,,,,,,,
574,RUNA DE PEDRAMANCIA,,4/9,1,FALSE,,"Aparición en juego y ""3 de oro y Destruir"": Regresa la carta de unidad objetivo de tu Descarte o Averno a tu mano. Si tiene fuerza 1 y coste 3 o menos, puedes ponerla en el campo en su lugar.",2,FALSE,,1,3,,,https://i.postimg.cc/ht2bBckt/RUNA_DE_PEDRAMANCIA_copia.webp,,,,,,,,,,,,"{'idExpansion': 6, 'nombreExpansion': 'ANCESTROS', 'fechaLanzamiento': '2024-11-19T03:36:06.000+00:00', 'visibilidad': True}","{'idTipo': 17, 'nombreTipo': 'MONUMENTO'}",,"{'idSubTipo': 19, 'nombreSubTipo': 'ENANO'}",,,,"{'idRareza': 1, 'nombreRareza': 'PLATA'}",,"{'idRareza': 2, 'nombreRareza': 'BRONCE'}",FALSE,TRUE,FALSE,FALSE,FALSE,FALSE,FALSE,FALSE,FALSE,FALSE,FALSE,,,FALSE,FALSE,FALSE,FALSE,FALSE,FALSE,FALSE,FALSE,FALSE,,FALSE,FALSE,FALSE,FALSE,TRUE,TRUE,TRUE,TRUE,FALSE,FALSE,TRUE,FALSE,FALSE,,,,,,,,,,,,
127,SABLON CAMINANTE,,8/9,1.25,TRUE,,"Frenesí. Arrollar. Siempre que esta unidad haga daño de combate a un jugador,  crea una ficha elemental 2/2.",4,FALSE,,4,4,,,https://i.postimg.cc/vTscGBjF/SABLON-DEL-DESIERTO-copia.jpg,https://i.postimg.cc/BnGzRFSL/SABLON-CAMINANTE.webp,,,,,,,,,,,"{'idExpansion': 3, 'nombreExpansion': 'PACTO SECRETO', 'fechaLanzamiento': '2024-05-26T04:09:09.000+00:00', 'visibilidad': True}","{'idTipo': 28, 'nombreTipo': 'UNIDAD'}",,"{'idSubTipo': 8, 'nombreSubTipo': 'ELEMENTAL'}",,,,"{'idRareza': 1, 'nombreRareza': 'PLATA'}",,"{'idRareza': 1, 'nombreRareza': 'PLATA'}",FALSE,TRUE,FALSE,FALSE,FALSE,FALSE,FALSE,FALSE,FALSE,FALSE,FALSE,,,FALSE,FALSE,FALSE,FALSE,FALSE,TRUE,FALSE,FALSE,FALSE,,FALSE,FALSE,FALSE,FALSE,FALSE,FALSE,FALSE,TRUE,FALSE,FALSE,FALSE,FALSE,FALSE,,,,,,,,,,,,
537,SACRIFICADO POR EL CLAN,,1/9,1.1,TRUE,,Vigía. Derrotado: Destruye el arma o monumento rival objetivo.,1,FALSE,3,2,2,,,https://i.postimg.cc/5tj59DJq/SACRIFICADO_POR_EL_CLAN_copia.webp,,,,,,,,,,,,"{'idExpansion': 6, 'nombreExpansion': 'ANCESTROS', 'fechaLanzamiento': '2024-11-19T03:36:06.000+00:00', 'visibilidad': True}","{'idTipo': 28, 'nombreTipo': 'UNIDAD'}",,"{'idSubTipo': 18, 'nombreSubTipo': 'GIGANTE'}",,,,"{'idRareza': 2, 'nombreRareza': 'BRONCE'}",,"{'idRareza': 2, 'nombreRareza': 'BRONCE'}",FALSE,TRUE,FALSE,FALSE,FALSE,FALSE,FALSE,FALSE,FALSE,FALSE,FALSE,,,FALSE,FALSE,TRUE,FALSE,FALSE,FALSE,FALSE,FALSE,FALSE,,FALSE,FALSE,FALSE,FALSE,TRUE,TRUE,TRUE,TRUE,TRUE,TRUE,TRUE,TRUE,FALSE,,,,,,,,,,,,
46,SACRIFICAR AL INOCENTE,,0/9,0,FALSE,,"Una vez durante tu turno, puedes descartar una carta de unidad para ganar 3 vidas.",2,FALSE,2,,,,,https://i.postimg.cc/TYbSk06v/SACRIFICAR-AL-INOCENTE.webp,https://i.postimg.cc/fb4hJmN1/Mesa-de-trabajo-49.png,https://i.postimg.cc/6p4XWzDd/Mesa-de-trabajo-60-200x.png,https://i.postimg.cc/28KYNgXk/Mesa-de-trabajo-59-200x.png,https://i.postimg.cc/XNHQ7D74/sacrificar-full-art-ff.jpg,,,,,,,,"{'idExpansion': 2, 'nombreExpansion': 'FUNDAMENTOS', 'fechaLanzamiento': '2024-05-26T04:08:58.000+00:00', 'visibilidad': True}","{'idTipo': 6, 'nombreTipo': 'TESORO'}",,,,,,"{'idRareza': 2, 'nombreRareza': 'BRONCE'}",,"{'idRareza': 1, 'nombreRareza': 'PLATA'}",FALSE,FALSE,FALSE,FALSE,FALSE,FALSE,FALSE,FALSE,FALSE,FALSE,FALSE,,,FALSE,FALSE,FALSE,FALSE,FALSE,FALSE,FALSE,FALSE,FALSE,,FALSE,FALSE,FALSE,FALSE,TRUE,TRUE,TRUE,TRUE,TRUE,TRUE,TRUE,TRUE,TRUE,,,,,,,,,,,,
392,SACRIFICIO DE LEALTAD DE LOS IMRAN,,1/9,2.25,FALSE,,"(Como coste adicional, destruye cualquier cantidad de desertores aliados de coste total X). Pon cualquier cantidad de cartas de unidad desertor objetivo de coste total X o menos de tu Descarte al campo.",5,FALSE,3,3,2,,,https://i.postimg.cc/Jz0F3fXj/SACRIFICIO-DE-LEALTAD-DE-LOS-IMRAN-copia.webp,,,,,,,,,,,"La sumatoria de los costes de las unidades desertor destruidas, son ese valor de coste total X que deberemos tener en cuenta luego para poder regresar desertores del descarte al campo.","{'idExpansion': 5, 'nombreExpansion': 'IMPERIO', 'fechaLanzamiento': '2024-07-04T19:48:17.000+00:00', 'visibilidad': True}","{'idTipo': 1, 'nombreTipo': 'ACCION'}",,"{'idSubTipo': 14, 'nombreSubTipo': 'COMUN'}","{'idSubTipo': 6, 'nombreSubTipo': 'DESERTOR'}",,,"{'idRareza': 1, 'nombreRareza': 'PLATA'}",,"{'idRareza': 2, 'nombreRareza': 'BRONCE'}",FALSE,TRUE,FALSE,FALSE,FALSE,FALSE,TRUE,FALSE,FALSE,FALSE,FALSE,,,FALSE,FALSE,FALSE,FALSE,FALSE,FALSE,FALSE,FALSE,FALSE,,FALSE,FALSE,FALSE,FALSE,TRUE,TRUE,TRUE,TRUE,TRUE,TRUE,TRUE,TRUE,FALSE,,,,,,,,,,,,
47,"SALAH, CONSEJERO REAL",,1/9,1,FALSE,,"Aparición en juego: Hace 2 puntos de daño al jugador objetivo. Busca a ""Fajid, rey desertor"" en tu Reino y ponlo en tu mano.",3,FALSE,,3,2,,,https://i.postimg.cc/Ssj1c7r5/SALAH-CONSEJERO-REAL.webp,https://i.postimg.cc/mkn5KWZK/Mesa-de-trabajo-61-200x.png,,,,,,,,,,,"{'idExpansion': 2, 'nombreExpansion': 'FUNDAMENTOS', 'fechaLanzamiento': '2024-05-26T04:08:58.000+00:00', 'visibilidad': True}","{'idTipo': 28, 'nombreTipo': 'UNIDAD'}",,"{'idSubTipo': 6, 'nombreSubTipo': 'DESERTOR'}",,,,"{'idRareza': 1, 'nombreRareza': 'PLATA'}",,"{'idRareza': 1, 'nombreRareza': 'PLATA'}",FALSE,TRUE,FALSE,FALSE,FALSE,FALSE,FALSE,FALSE,FALSE,FALSE,FALSE,,,FALSE,FALSE,FALSE,FALSE,FALSE,FALSE,FALSE,FALSE,FALSE,,FALSE,FALSE,FALSE,FALSE,TRUE,TRUE,TRUE,TRUE,TRUE,TRUE,TRUE,TRUE,FALSE,,,,,,,,,,,,
286,SALTADOR DE MAR,,2/9,3,FALSE,,Hurto. Aparición en juego: Cada oponente descarta una carta por cada unidad envenenada que controla.,4,FALSE,,4,2,,,https://i.postimg.cc/Gt4tPXWf/SALTADOR_DE_MART_COPIA.webp,,,,,,,,,,,,"{'idExpansion': 4, 'nombreExpansion': 'TRONO COMPARTIDO', 'fechaLanzamiento': '2024-05-26T04:09:14.000+00:00', 'visibilidad': True}","{'idTipo': 28, 'nombreTipo': 'UNIDAD'}",,"{'idSubTipo': 1, 'nombreSubTipo': 'PIRATA'}","{'idSubTipo': 16, 'nombreSubTipo': 'INSECTO'}",,,"{'idRareza': 2, 'nombreRareza': 'BRONCE'}",,"{'idRareza': 3, 'nombreRareza': 'ORO'}",FALSE,TRUE,FALSE,FALSE,FALSE,FALSE,FALSE,FALSE,FALSE,FALSE,FALSE,,,FALSE,FALSE,FALSE,FALSE,FALSE,FALSE,FALSE,FALSE,FALSE,,FALSE,FALSE,TRUE,TRUE,FALSE,TRUE,TRUE,TRUE,TRUE,TRUE,TRUE,TRUE,FALSE,,,,,,,,,,,,
132,"SAM, CELOSO DEL ORO",,4/9,2,FALSE,,Hurto. Aparición en juego: Puedes mezclar un tesoro aliado no agotado en tu Bóveda.,3,FALSE,,3,3,,,https://i.postimg.cc/J05t08Vy/SAM-CELOSO-DEL-ORO-copia.jpg,https://i.postimg.cc/9fXYvtnY/Sam-celoso-del-oro.webp,,,,,,,,,,"Si el tesoro, luego de ser objetivo, pudiera ser agotado, el efecto perdería el target.","{'idExpansion': 3, 'nombreExpansion': 'PACTO SECRETO', 'fechaLanzamiento': '2024-05-26T04:09:09.000+00:00', 'visibilidad': True}","{'idTipo': 28, 'nombreTipo': 'UNIDAD'}",,"{'idSubTipo': 1, 'nombreSubTipo': 'PIRATA'}",,,,"{'idRareza': 1, 'nombreRareza': 'PLATA'}",,"{'idRareza': 4, 'nombreRareza': 'DIAMANTE'}",FALSE,TRUE,FALSE,FALSE,FALSE,FALSE,FALSE,FALSE,FALSE,FALSE,FALSE,,,FALSE,FALSE,FALSE,FALSE,FALSE,FALSE,FALSE,FALSE,FALSE,,FALSE,FALSE,TRUE,FALSE,TRUE,TRUE,TRUE,TRUE,FALSE,FALSE,TRUE,FALSE,FALSE,,,,,,,,,,,,
538,SANADORA DE HEROES,,8/9,6.15,TRUE,,"Cuando juegues esta orden, busca en tu Reino una carta no djinn y ponla en el tope. Evasión. Resguardo: 3 de oro. Aparición en juego: Ganas 7 vidas.",7,FALSE,3,6,8,,,https://i.postimg.cc/pd7fmkXN/SANADORA_DE_HEROES_copia.webp,,,,,,,,,,,,"{'idExpansion': 6, 'nombreExpansion': 'ANCESTROS', 'fechaLanzamiento': '2024-11-19T03:36:06.000+00:00', 'visibilidad': True}","{'idTipo': 28, 'nombreTipo': 'UNIDAD'}",,"{'idSubTipo': 20, 'nombreSubTipo': 'DJINN'}",,,,"{'idRareza': 4, 'nombreRareza': 'DIAMANTE'}",,"{'idRareza': 2, 'nombreRareza': 'BRONCE'}",FALSE,TRUE,FALSE,FALSE,FALSE,FALSE,FALSE,FALSE,FALSE,FALSE,FALSE,1,,TRUE,FALSE,FALSE,FALSE,FALSE,FALSE,FALSE,TRUE,FALSE,,2,FALSE,FALSE,FALSE,FALSE,FALSE,FALSE,TRUE,FALSE,FALSE,FALSE,FALSE,FALSE,,,,,,,,,,,,
153,SANTUARIO DEL BOSQUE,,0/9,0,TRUE,,Puedes erosionar para que la unidad objetivo gane Indesctructible hasta el final del turno. Erosión 2.,2,FALSE,,,,,,https://i.postimg.cc/v8r43rgQ/SANTUARIO-DEL-BOSQUE-copia.jpg,https://i.postimg.cc/L6gTw2d0/santuario.webp,https://i.postimg.cc/PqXR5k8d/SANTUARIO-DEL-BOSQUE.webp,,,,,,,,,,"{'idExpansion': 3, 'nombreExpansion': 'PACTO SECRETO', 'fechaLanzamiento': '2024-05-26T04:09:09.000+00:00', 'visibilidad': True}","{'idTipo': 17, 'nombreTipo': 'MONUMENTO'}",,,,,,"{'idRareza': 3, 'nombreRareza': 'ORO'}",,"{'idRareza': 1, 'nombreRareza': 'PLATA'}",FALSE,FALSE,FALSE,FALSE,FALSE,FALSE,FALSE,FALSE,FALSE,FALSE,FALSE,,,FALSE,FALSE,FALSE,FALSE,FALSE,FALSE,FALSE,FALSE,FALSE,,FALSE,FALSE,FALSE,FALSE,TRUE,TRUE,TRUE,TRUE,TRUE,TRUE,TRUE,TRUE,TRUE,,,,,,,,,,,,
409,SARGENTO MOTIVADOR,,1/9,1,FALSE,,Aparición en juego: El soldado aliado objetivo gana Dureza hasta el final del turno y un contador +1/+1.,2,FALSE,1,2,2,,,https://i.postimg.cc/wjrGww5Z/SARGENTO-MOTIVADOR-copia.webp,,,,,,,,,,,,"{'idExpansion': 5, 'nombreExpansion': 'IMPERIO', 'fechaLanzamiento': '2024-07-04T19:48:17.000+00:00', 'visibilidad': True}","{'idTipo': 28, 'nombreTipo': 'UNIDAD'}",,"{'idSubTipo': 2, 'nombreSubTipo': 'SOLDADO'}",,,,"{'idRareza': 2, 'nombreRareza': 'BRONCE'}",,"{'idRareza': 2, 'nombreRareza': 'BRONCE'}",FALSE,TRUE,FALSE,FALSE,FALSE,FALSE,FALSE,FALSE,FALSE,FALSE,FALSE,,,FALSE,FALSE,FALSE,FALSE,FALSE,FALSE,FALSE,FALSE,FALSE,,FALSE,FALSE,FALSE,FALSE,TRUE,TRUE,TRUE,TRUE,TRUE,TRUE,TRUE,TRUE,FALSE,,,,,,,,,,,,
48,"SARIB, LA BAILARINA",,0/9,1,FALSE,,Aparición en juego: La unidad objetivo no puede atacar ni bloquear hasta la próxima fase final de su controlador.,1,FALSE,,1,1,,,https://i.postimg.cc/DZDj6Jpz/SARIB-LA-BAILARINA.webp,https://i.postimg.cc/2SGKfW54/sarib-la-bailarina-copias-150.jpg,https://i.postimg.cc/XNBmyX2b/Mesa-de-trabajo-62-200x.png,https://i.postimg.cc/rF7j50rH/sarib-ff.jpg,https://i.postimg.cc/3rcFH4nw/sarib.jpg,,,,,,,,"{'idExpansion': 2, 'nombreExpansion': 'FUNDAMENTOS', 'fechaLanzamiento': '2024-05-26T04:08:58.000+00:00', 'visibilidad': True}","{'idTipo': 28, 'nombreTipo': 'UNIDAD'}",,"{'idSubTipo': 6, 'nombreSubTipo': 'DESERTOR'}",,,,"{'idRareza': 2, 'nombreRareza': 'BRONCE'}",,"{'idRareza': 3, 'nombreRareza': 'ORO'}",FALSE,TRUE,FALSE,FALSE,FALSE,FALSE,FALSE,FALSE,FALSE,FALSE,FALSE,,,FALSE,FALSE,FALSE,FALSE,FALSE,FALSE,FALSE,FALSE,FALSE,,FALSE,FALSE,FALSE,FALSE,TRUE,TRUE,TRUE,TRUE,TRUE,TRUE,TRUE,TRUE,TRUE,,,,,,,,,,,,
287,"SARIB, VENGANZA DANZANTE",,8/9,2.25,TRUE,,Arrollar. Frenesí. Resguardo: 1 de oro. Cuesta 1 menos por cada carta de unidad en tu Averno. El coste no puede ser menor que 1.,7,TRUE,,4,4,,,https://i.postimg.cc/HnFx6QHk/SARIB_VENGANZA_DANSANTE_COPIA.webp,https://i.postimg.cc/cHYCDddN/sarib.webp,,,,,,,,,,,"{'idExpansion': 4, 'nombreExpansion': 'TRONO COMPARTIDO', 'fechaLanzamiento': '2024-05-26T04:09:14.000+00:00', 'visibilidad': True}","{'idTipo': 28, 'nombreTipo': 'UNIDAD'}",,"{'idSubTipo': 6, 'nombreSubTipo': 'DESERTOR'}","{'idSubTipo': 15, 'nombreSubTipo': 'DEMONIO'}",,,"{'idRareza': 1, 'nombreRareza': 'PLATA'}",,"{'idRareza': 2, 'nombreRareza': 'BRONCE'}",FALSE,TRUE,FALSE,FALSE,FALSE,FALSE,FALSE,FALSE,FALSE,FALSE,FALSE,,,FALSE,FALSE,FALSE,FALSE,FALSE,TRUE,FALSE,FALSE,FALSE,,TRUE,FALSE,FALSE,FALSE,FALSE,FALSE,FALSE,TRUE,FALSE,FALSE,FALSE,FALSE,FALSE,,,,,,,,,,,,
92,SATIRA EMBRUJADA,,7/9,1,TRUE,,Atracción. (Esta unidad puede bloquear hasta dos unidades).,1,FALSE,,0,4,,,https://i.postimg.cc/pXkptPJ4/SATIRA-EMBRUJADA-copia.jpg,https://i.postimg.cc/N0BkKXKW/satira.webp,https://i.postimg.cc/cJF5K5Qw/SATIRA-EMBRUJADA.webp,https://i.postimg.cc/fTh1TLqX/satiraa-tcgcon.jpg,,,,,,,,,"{'idExpansion': 3, 'nombreExpansion': 'PACTO SECRETO', 'fechaLanzamiento': '2024-05-26T04:09:09.000+00:00', 'visibilidad': True}","{'idTipo': 28, 'nombreTipo': 'UNIDAD'}",,"{'idSubTipo': 5, 'nombreSubTipo': 'BRUJA'}",,,,"{'idRareza': 2, 'nombreRareza': 'BRONCE'}",,"{'idRareza': 1, 'nombreRareza': 'PLATA'}",FALSE,TRUE,FALSE,FALSE,FALSE,FALSE,FALSE,FALSE,FALSE,FALSE,FALSE,,,FALSE,FALSE,FALSE,FALSE,FALSE,FALSE,FALSE,FALSE,FALSE,,FALSE,FALSE,FALSE,FALSE,TRUE,FALSE,FALSE,TRUE,FALSE,FALSE,FALSE,FALSE,FALSE,,,,,,,,,,,,
335,SELLO ARCANO,,1/9,1,FALSE,,"Durabilidad: 2. Equipar: 1 oro. Siempre que la unidad equipada declare luchador, naturaliza esa unidad rival.",2,FALSE,,0,2,,,https://i.postimg.cc/PqsQG06v/SELLO-ARCANO.webp,,,,,,,,,,,,"{'idExpansion': 5, 'nombreExpansion': 'IMPERIO', 'fechaLanzamiento': '2024-07-04T19:48:17.000+00:00', 'visibilidad': True}","{'idTipo': 29, 'nombreTipo': 'ARMA'}",,"{'idSubTipo': 7, 'nombreSubTipo': 'MAGO'}",,,,"{'idRareza': 1, 'nombreRareza': 'PLATA'}",,"{'idRareza': 3, 'nombreRareza': 'ORO'}",FALSE,TRUE,FALSE,FALSE,FALSE,FALSE,FALSE,FALSE,FALSE,FALSE,FALSE,,,FALSE,FALSE,FALSE,FALSE,FALSE,FALSE,FALSE,FALSE,FALSE,,FALSE,FALSE,FALSE,FALSE,TRUE,TRUE,TRUE,TRUE,TRUE,TRUE,TRUE,TRUE,FALSE,,,,,,,,,,,,
288,SENTENCIA COMPARTIDA,,0/9,1.25,FALSE,,"Sentencia hasta dos unidades objetivo. (La unidad sentenciada gana ""Al inicio de tu próxima fase final, destruye esta unidad"").",2,FALSE,,,,,,https://i.postimg.cc/KcWRcyLh/SENTENSIA_COMPARTIDA_COPIA.webp,,,,,,,,,,,,"{'idExpansion': 4, 'nombreExpansion': 'TRONO COMPARTIDO', 'fechaLanzamiento': '2024-05-26T04:09:14.000+00:00', 'visibilidad': True}","{'idTipo': 1, 'nombreTipo': 'ACCION'}",,"{'idSubTipo': 14, 'nombreSubTipo': 'COMUN'}",,,,"{'idRareza': 2, 'nombreRareza': 'BRONCE'}",,"{'idRareza': 2, 'nombreRareza': 'BRONCE'}",FALSE,FALSE,FALSE,FALSE,FALSE,FALSE,TRUE,FALSE,FALSE,FALSE,FALSE,,,FALSE,FALSE,FALSE,FALSE,FALSE,FALSE,FALSE,FALSE,FALSE,,FALSE,FALSE,FALSE,FALSE,TRUE,TRUE,TRUE,TRUE,TRUE,TRUE,TRUE,TRUE,TRUE,,,,,,,,,,,,
539,SER DE LA RIQUEZA,,4/9,2,FALSE,,"Al inicio de tu fase final, elige 1 que no fue elegida aún: -Gana un contador +1/+1. -Crea una ficha de tesoro. -Predicción Bóveda 1.",2,FALSE,3,1,3,,,https://i.postimg.cc/wMYDVvm0/SER_DE_LA_RIQUEZA_copia.webp,,,,,,,,,,,,"{'idExpansion': 6, 'nombreExpansion': 'ANCESTROS', 'fechaLanzamiento': '2024-11-19T03:36:06.000+00:00', 'visibilidad': True}","{'idTipo': 28, 'nombreTipo': 'UNIDAD'}",,"{'idSubTipo': 20, 'nombreSubTipo': 'DJINN'}",,,,"{'idRareza': 1, 'nombreRareza': 'PLATA'}",,"{'idRareza': 1, 'nombreRareza': 'PLATA'}",FALSE,TRUE,FALSE,FALSE,FALSE,FALSE,FALSE,FALSE,FALSE,FALSE,FALSE,,,FALSE,FALSE,FALSE,FALSE,FALSE,FALSE,FALSE,FALSE,FALSE,,FALSE,TRUE,FALSE,FALSE,TRUE,TRUE,TRUE,TRUE,FALSE,FALSE,TRUE,FALSE,FALSE,,,,,,,,,,,,
569,SER ESCLAVO DEL AVERNO,,8/9,2.25,FALSE,,"Al inicio de tu fase final, elige 1 que no fue elegido aún: -Cada jugador condena una carta de su mano. -Sentencia la unidad rival objetivo. -Cada jugador pierde 2 vidas.",4,FALSE,,4,5,,,https://i.postimg.cc/Y0NYyHNk/SER_ESCLEVO_DEL_AVERNO_copia.webp,,,,,,,,,,,,"{'idExpansion': 6, 'nombreExpansion': 'ANCESTROS', 'fechaLanzamiento': '2024-11-19T03:36:06.000+00:00', 'visibilidad': True}","{'idTipo': 28, 'nombreTipo': 'UNIDAD'}",,"{'idSubTipo': 15, 'nombreSubTipo': 'DEMONIO'}","{'idSubTipo': 20, 'nombreSubTipo': 'DJINN'}",,,"{'idRareza': 2, 'nombreRareza': 'BRONCE'}",,"{'idRareza': 2, 'nombreRareza': 'BRONCE'}",FALSE,TRUE,FALSE,FALSE,FALSE,FALSE,TRUE,FALSE,FALSE,FALSE,FALSE,,,FALSE,FALSE,FALSE,FALSE,FALSE,FALSE,FALSE,FALSE,FALSE,,FALSE,FALSE,FALSE,FALSE,FALSE,FALSE,FALSE,TRUE,FALSE,FALSE,FALSE,FALSE,FALSE,,,,,,,,,,,,
289,SERAFICA PACIFICADORA,,1/9,1.15,TRUE,,"Aparición en juego: Crea una ficha ángel 3/3 con Evasión. Siempre que una ficha de unidad aliada entre al campo, pacifica la unidad rival objetivo. Esta habilidad dispara solo una vez por turno.",3,FALSE,,2,2,,,https://i.postimg.cc/K8SjLrJ9/SERAFICA_PACIFICADORA_COPIA.webp,https://i.postimg.cc/kGm4zL5R/serafica.webp,,,,,,,,,,,"{'idExpansion': 4, 'nombreExpansion': 'TRONO COMPARTIDO', 'fechaLanzamiento': '2024-05-26T04:09:14.000+00:00', 'visibilidad': True}","{'idTipo': 28, 'nombreTipo': 'UNIDAD'}",,"{'idSubTipo': 17, 'nombreSubTipo': 'MONJE'}",,,,"{'idRareza': 3, 'nombreRareza': 'ORO'}",,"{'idRareza': 2, 'nombreRareza': 'BRONCE'}",FALSE,TRUE,FALSE,FALSE,FALSE,FALSE,FALSE,FALSE,FALSE,FALSE,FALSE,,,TRUE,FALSE,FALSE,FALSE,FALSE,FALSE,FALSE,FALSE,FALSE,,FALSE,FALSE,FALSE,FALSE,TRUE,TRUE,TRUE,TRUE,TRUE,TRUE,TRUE,TRUE,FALSE,,,,,,,,,,,,
290,"SEVERUS, DEMONIO OCULTO",,7/9,2.65,TRUE,,"Evasión. Guardián. Aparición en juego: Sentencia las otras unidades, luego crea dos fichas demonio 0/3 con ""Derrotado: Roba una carta"".",5,FALSE,,3,7,,,https://i.postimg.cc/QdQtq9zj/SEVERUS_DEMONIO_OCULTO_COPIA.webp,https://i.postimg.cc/ZKJnckg1/severus.webp,https://i.postimg.cc/Kz3736f9/ethernal-severus.webp,,,,,,,,,,"{'idExpansion': 4, 'nombreExpansion': 'TRONO COMPARTIDO', 'fechaLanzamiento': '2024-05-26T04:09:14.000+00:00', 'visibilidad': True}","{'idTipo': 28, 'nombreTipo': 'UNIDAD'}",,"{'idSubTipo': 15, 'nombreSubTipo': 'DEMONIO'}","{'idSubTipo': 13, 'nombreSubTipo': 'REALEZA'}",,,"{'idRareza': 4, 'nombreRareza': 'DIAMANTE'}",,"{'idRareza': 3, 'nombreRareza': 'ORO'}",FALSE,TRUE,FALSE,TRUE,FALSE,FALSE,FALSE,FALSE,FALSE,FALSE,TRUE,,,TRUE,FALSE,FALSE,FALSE,FALSE,FALSE,TRUE,FALSE,FALSE,,FALSE,FALSE,FALSE,FALSE,TRUE,FALSE,FALSE,TRUE,FALSE,FALSE,FALSE,FALSE,FALSE,,,,,,,,,,,,
49,"SEVERUS, EL CONSEJERO",,8/9,2,FALSE,,Aparición en juego: Roba una carta por cada unidad que controlas.,5,FALSE,,4,5,,,https://i.postimg.cc/h4z3jshQ/SEVERUS-EL-CONSEJERO.webp,https://i.postimg.cc/7ZKmRyB9/Mesa-de-trabajo-63-200x.png,,,,,,,,,,,"{'idExpansion': 2, 'nombreExpansion': 'FUNDAMENTOS', 'fechaLanzamiento': '2024-05-26T04:08:58.000+00:00', 'visibilidad': True}","{'idTipo': 28, 'nombreTipo': 'UNIDAD'}",,"{'idSubTipo': 2, 'nombreSubTipo': 'SOLDADO'}",,,,"{'idRareza': 2, 'nombreRareza': 'BRONCE'}",,"{'idRareza': 1, 'nombreRareza': 'PLATA'}",FALSE,TRUE,FALSE,FALSE,FALSE,FALSE,FALSE,FALSE,FALSE,FALSE,TRUE,,,FALSE,FALSE,FALSE,FALSE,FALSE,FALSE,FALSE,FALSE,FALSE,,FALSE,FALSE,FALSE,FALSE,FALSE,FALSE,FALSE,TRUE,FALSE,FALSE,FALSE,FALSE,FALSE,,,,,,,,,,,,
291,SLIME POSESIVO,,1/9,1,FALSE,,"Aparición en juego: Puedes destruir otro insecto aliado objetivo. Si lo haces, revela un tesoro y muévelo a Tesoros Agotados.",3,FALSE,,3,2,,,https://i.postimg.cc/W4s4YpRg/SLIME_POSESIVO_COPIA.webp,https://i.postimg.cc/gjHJW4wS/slime.webp,,,,,,,,,,,"{'idExpansion': 4, 'nombreExpansion': 'TRONO COMPARTIDO', 'fechaLanzamiento': '2024-05-26T04:09:14.000+00:00', 'visibilidad': True}","{'idTipo': 28, 'nombreTipo': 'UNIDAD'}",,"{'idSubTipo': 16, 'nombreSubTipo': 'INSECTO'}","{'idSubTipo': 8, 'nombreSubTipo': 'ELEMENTAL'}",,,"{'idRareza': 1, 'nombreRareza': 'PLATA'}",,"{'idRareza': 2, 'nombreRareza': 'BRONCE'}",FALSE,TRUE,FALSE,FALSE,FALSE,FALSE,FALSE,FALSE,FALSE,FALSE,FALSE,,,FALSE,FALSE,FALSE,FALSE,FALSE,FALSE,FALSE,FALSE,FALSE,,FALSE,FALSE,FALSE,FALSE,TRUE,TRUE,TRUE,TRUE,TRUE,TRUE,TRUE,TRUE,FALSE,,,,,,,,,,,,
561,"SNU, MUERTE POR SU NOMBRE",,7/9,2,FALSE,,"Desafiante. Resguardo: 1 de oro y te hace 2 daños. Siempre que ataque, puedes destruir otra unidad aliada. Si lo haces, gana +X/+0 hasta el final del turno, siendo X la fuerza de la unidad destruida.",3,FALSE,,1,5,,,"https://i.postimg.cc/jqyHjzp9/SNU,_MUERTE_POR_SU_NOMBRE_copia.webp",,,,,,,,,,,,"{'idExpansion': 6, 'nombreExpansion': 'ANCESTROS', 'fechaLanzamiento': '2024-11-19T03:36:06.000+00:00', 'visibilidad': True}","{'idTipo': 28, 'nombreTipo': 'UNIDAD'}",,"{'idSubTipo': 18, 'nombreSubTipo': 'GIGANTE'}",,,,"{'idRareza': 2, 'nombreRareza': 'BRONCE'}",,"{'idRareza': 2, 'nombreRareza': 'BRONCE'}",FALSE,TRUE,FALSE,FALSE,FALSE,FALSE,FALSE,FALSE,FALSE,FALSE,FALSE,,,FALSE,FALSE,FALSE,FALSE,FALSE,FALSE,FALSE,FALSE,FALSE,,TRUE,FALSE,FALSE,FALSE,TRUE,FALSE,FALSE,TRUE,FALSE,FALSE,FALSE,FALSE,FALSE,,,,,,,,,,,,
50,SOLDADO ELITE,,4/9,1,FALSE,,Dureza. (Esta unidad recibe 1 punto menos de daño de cualquier fuente durante la fase de combate).,2,FALSE,,3,3,,,https://i.postimg.cc/Y0WXsrTz/SOLDADO-ELITE.webp,https://i.postimg.cc/c177jSC3/Mesa-de-trabajo-65-200x.png,https://i.postimg.cc/5tZqc98B/soldado-elite-copia-120.jpg,https://i.postimg.cc/j5P6RVhG/Soldado-elite-FULL-ART-copias-36.jpg,https://i.postimg.cc/qvfcNffV/soldado.jpg,https://i.postimg.cc/MKfbZ6Fm/soldado-full-art-ff.jpg,,,,,,,"{'idExpansion': 2, 'nombreExpansion': 'FUNDAMENTOS', 'fechaLanzamiento': '2024-05-26T04:08:58.000+00:00', 'visibilidad': True}","{'idTipo': 28, 'nombreTipo': 'UNIDAD'}",,"{'idSubTipo': 2, 'nombreSubTipo': 'SOLDADO'}",,,,"{'idRareza': 2, 'nombreRareza': 'BRONCE'}",,"{'idRareza': 2, 'nombreRareza': 'BRONCE'}",FALSE,TRUE,FALSE,FALSE,FALSE,FALSE,FALSE,FALSE,FALSE,FALSE,FALSE,,,FALSE,FALSE,FALSE,FALSE,FALSE,FALSE,FALSE,FALSE,FALSE,,FALSE,FALSE,FALSE,FALSE,TRUE,TRUE,TRUE,TRUE,FALSE,FALSE,TRUE,FALSE,FALSE,,,,,,,,,,,,
147,SOMBRA DEL DESIERTO,,4/9,0.5,TRUE,,"Siempre que otra unidad entre al campo de batalla bajo tu control, el jugador objetivo pierde 1 vida.",2,FALSE,,3,3,,,https://i.postimg.cc/QdtV8v6t/SOMBRA-DEL-DESIERTO-copia.jpg,https://i.postimg.cc/d08vbzCH/Full-art-sombra-del-desierto-copia.jpg,https://i.postimg.cc/Dz6dLzsm/sombra-full-art.webp,https://i.postimg.cc/y6MpSRSQ/SOMBRA-DEL-DESIERTO.webp,,,,,,,,,"{'idExpansion': 3, 'nombreExpansion': 'PACTO SECRETO', 'fechaLanzamiento': '2024-05-26T04:09:09.000+00:00', 'visibilidad': True}","{'idTipo': 28, 'nombreTipo': 'UNIDAD'}",,"{'idSubTipo': 6, 'nombreSubTipo': 'DESERTOR'}","{'idSubTipo': 5, 'nombreSubTipo': 'BRUJA'}","{'idSubTipo': 13, 'nombreSubTipo': 'REALEZA'}",,"{'idRareza': 3, 'nombreRareza': 'ORO'}",,"{'idRareza': 2, 'nombreRareza': 'BRONCE'}",FALSE,TRUE,FALSE,FALSE,FALSE,FALSE,FALSE,FALSE,FALSE,FALSE,FALSE,,,FALSE,FALSE,FALSE,FALSE,FALSE,FALSE,TRUE,FALSE,FALSE,,FALSE,FALSE,FALSE,FALSE,TRUE,TRUE,TRUE,TRUE,FALSE,FALSE,TRUE,FALSE,FALSE,,,,,,,,,,,,
51,SOSTENIENDO EL MUNDO,,0/9,0,TRUE,,"Mientras este tesoro se encuentre en tu reserva, las unidades que controlas ganan +1/+0.",5,FALSE,5,,,,,https://i.postimg.cc/K8F90yft/SOSTENIENDO-EL-MUNDO.webp,https://i.postimg.cc/C5jVCKsm/sosteniendo-el-mundo-copia-70.jpg,https://i.postimg.cc/cHtWHhgq/Mesa-de-trabajo-66-200x.png,,,,,,,,,,"{'idExpansion': 2, 'nombreExpansion': 'FUNDAMENTOS', 'fechaLanzamiento': '2024-05-26T04:08:58.000+00:00', 'visibilidad': True}","{'idTipo': 6, 'nombreTipo': 'TESORO'}",,,,,,"{'idRareza': 2, 'nombreRareza': 'BRONCE'}",,"{'idRareza': 1, 'nombreRareza': 'PLATA'}",FALSE,FALSE,FALSE,FALSE,FALSE,FALSE,FALSE,FALSE,FALSE,FALSE,FALSE,,,FALSE,FALSE,FALSE,FALSE,FALSE,FALSE,FALSE,FALSE,FALSE,,FALSE,FALSE,FALSE,FALSE,TRUE,TRUE,TRUE,TRUE,TRUE,TRUE,TRUE,TRUE,TRUE,,,,,,,,,,,,
292,SUCUBO DESCENDENTE,,1/9,2.25,TRUE,,"Sorpresivo. Aparición en juego: La unidad rival objetivo gana -X/-X hasta el final del turno, siendo X la cantidad de demonios aliados. Derrotado: Condena esta unidad.",1,FALSE,,1,2,,,https://i.postimg.cc/fL1jxFVV/SUCUBO-DESCENDENTE-copia.webp,https://i.postimg.cc/dtn1NHcD/sucubo.webp,https://i.postimg.cc/X7WtCr9f/FULL_ART_SUCUBO_DESENDENTE_COPIA.webp,https://i.postimg.cc/wMpBxzsV/sucubo-fa-foil.jpg,https://i.postimg.cc/JhKzfwmg/SUCUBO_DESCENDENTE_COPIA.webp,https://i.postimg.cc/2ST5Kg0v/SUCUBO-DESCENDENTE-copia.webp,,,,,,"Si fuera destruido, el ""derrotado"" dispara con la carta aún en el Descarte, y al resolver se envía al Averno.","{'idExpansion': 4, 'nombreExpansion': 'TRONO COMPARTIDO', 'fechaLanzamiento': '2024-05-26T04:09:14.000+00:00', 'visibilidad': True}","{'idTipo': 28, 'nombreTipo': 'UNIDAD'}",,"{'idSubTipo': 15, 'nombreSubTipo': 'DEMONIO'}",,,,"{'idRareza': 1, 'nombreRareza': 'PLATA'}",,"{'idRareza': 2, 'nombreRareza': 'BRONCE'}",FALSE,TRUE,FALSE,FALSE,FALSE,FALSE,TRUE,FALSE,FALSE,FALSE,FALSE,,,FALSE,FALSE,FALSE,FALSE,FALSE,FALSE,FALSE,FALSE,FALSE,,FALSE,FALSE,FALSE,FALSE,TRUE,TRUE,TRUE,TRUE,TRUE,TRUE,TRUE,TRUE,FALSE,,,,,,,,,,,,
562,SUPERAR LA MEGALOFOBIA,,7/9,2.25,TRUE,,"Condena la unidad rival objetivo si tiene resistencia 3 o menos. Si controlas un gigante, hace 2 daos a cada oponente. Si controlas un enano, crea una ficha enano 1/1.",1,FALSE,,1,5,,,https://i.postimg.cc/HsHQ8rHL/SUPERAR_LA_MEGALOFOBIA_copia.webp,,,,,,,,,,,,"{'idExpansion': 6, 'nombreExpansion': 'ANCESTROS', 'fechaLanzamiento': '2024-11-19T03:36:06.000+00:00', 'visibilidad': True}","{'idTipo': 1, 'nombreTipo': 'ACCION'}",,"{'idSubTipo': 19, 'nombreSubTipo': 'ENANO'}","{'idSubTipo': 18, 'nombreSubTipo': 'GIGANTE'}","{'idSubTipo': 12, 'nombreSubTipo': 'RAPIDA'}",,"{'idRareza': 3, 'nombreRareza': 'ORO'}",,"{'idRareza': 2, 'nombreRareza': 'BRONCE'}",FALSE,TRUE,FALSE,FALSE,FALSE,FALSE,TRUE,FALSE,FALSE,FALSE,FALSE,,,FALSE,FALSE,FALSE,FALSE,FALSE,FALSE,FALSE,FALSE,FALSE,,FALSE,FALSE,FALSE,FALSE,TRUE,FALSE,FALSE,TRUE,FALSE,FALSE,FALSE,FALSE,FALSE,,,,,,,,,,,,
293,SUPREMA CORTE INFERNAL,,0/9,0,FALSE,,Agotar: El jugador objetivo condena la primera carta de su Reino.,1,FALSE,1,,,,,https://i.postimg.cc/zvWwpjh0/SUPREMA-CORTE-INFERNAL-copia.webp,https://i.postimg.cc/7Z6LF3q9/suprema_corte_infernal.webp,https://i.postimg.cc/LXX8Ry8s/SUPREMA_CORTE_INFERNAL_COPIA.webp,,,,,,,,,,"{'idExpansion': 4, 'nombreExpansion': 'TRONO COMPARTIDO', 'fechaLanzamiento': '2024-05-26T04:09:14.000+00:00', 'visibilidad': True}","{'idTipo': 6, 'nombreTipo': 'TESORO'}",,,,,,"{'idRareza': 3, 'nombreRareza': 'ORO'}",,"{'idRareza': 2, 'nombreRareza': 'BRONCE'}",FALSE,FALSE,FALSE,FALSE,FALSE,FALSE,FALSE,FALSE,FALSE,FALSE,FALSE,,,FALSE,FALSE,FALSE,FALSE,FALSE,FALSE,FALSE,FALSE,FALSE,,FALSE,FALSE,FALSE,FALSE,TRUE,TRUE,TRUE,TRUE,TRUE,TRUE,TRUE,TRUE,TRUE,,,,,,,,,,,,
294,SUSTO PERTURBADOR,,5/9,2.25,FALSE,,Derrotado: Sentencia la unidad objetivo y condena esta unidad.,3,FALSE,,4,3,,,https://i.postimg.cc/DZMyzqSP/SUSTO_PERTURBADOR_COPIA.webp,,,,,,,,,,,,"{'idExpansion': 4, 'nombreExpansion': 'TRONO COMPARTIDO', 'fechaLanzamiento': '2024-05-26T04:09:14.000+00:00', 'visibilidad': True}","{'idTipo': 28, 'nombreTipo': 'UNIDAD'}",,"{'idSubTipo': 15, 'nombreSubTipo': 'DEMONIO'}",,,,"{'idRareza': 2, 'nombreRareza': 'BRONCE'}",,"{'idRareza': 3, 'nombreRareza': 'ORO'}",FALSE,TRUE,FALSE,FALSE,FALSE,FALSE,TRUE,FALSE,FALSE,FALSE,FALSE,,,FALSE,FALSE,FALSE,FALSE,FALSE,FALSE,FALSE,FALSE,FALSE,,FALSE,FALSE,FALSE,FALSE,FALSE,TRUE,TRUE,TRUE,FALSE,FALSE,TRUE,FALSE,FALSE,,,,,,,,,,,,
540,"SUWUONG, IRA PRIMAL",,5/9,0.5,FALSE,,"Aparición en juego: Las unidades aliadas ganan +1/+1, Desafiante y Frenesí hasta el final del turno.",5,FALSE,3,4,3,,,"https://i.postimg.cc/fTKYcMTf/SUWUONG,_IRA_PRIMAL_copia.webp",,,,,,,,,,,,"{'idExpansion': 6, 'nombreExpansion': 'ANCESTROS', 'fechaLanzamiento': '2024-11-19T03:36:06.000+00:00', 'visibilidad': True}","{'idTipo': 28, 'nombreTipo': 'UNIDAD'}",,"{'idSubTipo': 3, 'nombreSubTipo': 'ANIMAL'}","{'idSubTipo': 18, 'nombreSubTipo': 'GIGANTE'}","{'idSubTipo': 13, 'nombreSubTipo': 'REALEZA'}",,"{'idRareza': 1, 'nombreRareza': 'PLATA'}",,"{'idRareza': 1, 'nombreRareza': 'PLATA'}",FALSE,TRUE,FALSE,FALSE,FALSE,FALSE,FALSE,FALSE,FALSE,FALSE,FALSE,,,FALSE,FALSE,FALSE,FALSE,FALSE,FALSE,TRUE,FALSE,FALSE,,FALSE,FALSE,FALSE,FALSE,FALSE,TRUE,TRUE,TRUE,FALSE,FALSE,TRUE,FALSE,FALSE,,,,,,,,,,,,
71,TACTICAS DE BATALLA,,0/9,0,FALSE,,La unidad objetivo no puede bloquear este turno.,1,FALSE,,,,,,https://i.postimg.cc/mg5ktVqS/TACTICAS-DE-BATALLA-copia.jpg,https://i.postimg.cc/vZz0jS2k/TACTICAS-DE-BATALLA.webp,,,,,,,,,,,"{'idExpansion': 3, 'nombreExpansion': 'PACTO SECRETO', 'fechaLanzamiento': '2024-05-26T04:09:09.000+00:00', 'visibilidad': True}","{'idTipo': 1, 'nombreTipo': 'ACCION'}",,,,"{'idSubTipo': 12, 'nombreSubTipo': 'RAPIDA'}",,"{'idRareza': 2, 'nombreRareza': 'BRONCE'}",,"{'idRareza': 1, 'nombreRareza': 'PLATA'}",FALSE,FALSE,FALSE,FALSE,FALSE,FALSE,FALSE,FALSE,FALSE,FALSE,FALSE,,,FALSE,FALSE,FALSE,FALSE,FALSE,FALSE,FALSE,FALSE,FALSE,,FALSE,FALSE,FALSE,FALSE,TRUE,TRUE,TRUE,TRUE,TRUE,TRUE,TRUE,TRUE,TRUE,,,,,,,,,,,,
541,TEJEDORA DE DESTINOS,,7/9,1,FALSE,,"Al inicio de tu fase final, elige 1 que no fue elegida aún: -Gana un contador +1/+1. -Desagota hasta un tesoro objetivo. -Regresa hasta una unidad rival objetivo a la mano.",3,FALSE,3,2,4,,,https://i.postimg.cc/JzzZKSsV/TEJEDORA_DE_DESTINOS_copia.webp,,,,,,,,,,,,"{'idExpansion': 6, 'nombreExpansion': 'ANCESTROS', 'fechaLanzamiento': '2024-11-19T03:36:06.000+00:00', 'visibilidad': True}","{'idTipo': 28, 'nombreTipo': 'UNIDAD'}",,"{'idSubTipo': 20, 'nombreSubTipo': 'DJINN'}",,,,"{'idRareza': 2, 'nombreRareza': 'BRONCE'}",,"{'idRareza': 1, 'nombreRareza': 'PLATA'}",FALSE,TRUE,FALSE,FALSE,FALSE,FALSE,FALSE,FALSE,FALSE,FALSE,FALSE,,,FALSE,FALSE,FALSE,FALSE,FALSE,FALSE,FALSE,FALSE,FALSE,,FALSE,FALSE,FALSE,FALSE,TRUE,FALSE,FALSE,TRUE,FALSE,FALSE,FALSE,FALSE,FALSE,,,,,,,,,,,,
542,TERRENO CONGELADO,,7/9,1,TRUE,,"1 de oro y Destruir: Naturaliza el tesoro rival objetivo. Gana ""1 de oro: Destruye este tesoro."".",5,FALSE,5,2,4,,,https://i.postimg.cc/wj4JrFNt/TERRENO_CONGELADO_copia.webp,,,,,,,,,,,,"{'idExpansion': 6, 'nombreExpansion': 'ANCESTROS', 'fechaLanzamiento': '2024-11-19T03:36:06.000+00:00', 'visibilidad': True}","{'idTipo': 6, 'nombreTipo': 'TESORO'}",,,,,,"{'idRareza': 3, 'nombreRareza': 'ORO'}",,"{'idRareza': 2, 'nombreRareza': 'BRONCE'}",FALSE,TRUE,FALSE,FALSE,FALSE,FALSE,FALSE,FALSE,FALSE,FALSE,FALSE,,,FALSE,FALSE,FALSE,FALSE,FALSE,FALSE,FALSE,FALSE,FALSE,,FALSE,FALSE,FALSE,FALSE,TRUE,FALSE,FALSE,TRUE,FALSE,FALSE,FALSE,FALSE,FALSE,,,,,,,,,,,,
72,TESORO ESCONDIDO,,0/9,0,TRUE,,Revela un tesoro y muévelo a la zona de tesoros agotados.,2,FALSE,,,,,,https://i.postimg.cc/MGfTRVJJ/TESORO-ESCONDIDO-copia.jpg,https://i.postimg.cc/pTdQZtYC/tesoro-escondido.webp,https://i.postimg.cc/zXTtwfCJ/TESORO-ESCONDIDO.webp,https://i.postimg.cc/NfDYsmRv/TESORO-ESCONDIDO-copia.webp,,,,,,,,,"{'idExpansion': 3, 'nombreExpansion': 'PACTO SECRETO', 'fechaLanzamiento': '2024-05-26T04:09:09.000+00:00', 'visibilidad': True}","{'idTipo': 1, 'nombreTipo': 'ACCION'}",,"{'idSubTipo': 14, 'nombreSubTipo': 'COMUN'}",,,,"{'idRareza': 1, 'nombreRareza': 'PLATA'}",,"{'idRareza': 1, 'nombreRareza': 'PLATA'}",FALSE,FALSE,FALSE,FALSE,FALSE,FALSE,FALSE,FALSE,FALSE,FALSE,FALSE,,,FALSE,FALSE,FALSE,FALSE,FALSE,FALSE,FALSE,FALSE,FALSE,,FALSE,FALSE,FALSE,FALSE,TRUE,TRUE,TRUE,TRUE,TRUE,TRUE,TRUE,TRUE,TRUE,,,,,,,,,,,,
175,TESORO GENERICO,,0/9,0,FALSE,,Agotar: Genera 1 oro.,0,FALSE,-1,,,,,https://i.postimg.cc/SQ3LSNxF/CUEVA-DE-URLAMOK.jpg,https://i.postimg.cc/wj0ZVNVR/Mesa-de-trabajo-131.png,https://i.postimg.cc/fRjMYJ5c/Ficha.webp,,,,,,,,,"Los tesoros genéricos pueden agregarse en cualquier cantidad de copias a tu bóveda, y restan un punto del resultado final obtenido de la suma de todos los tesoros que tengas.","{'idExpansion': 4, 'nombreExpansion': 'TRONO COMPARTIDO', 'fechaLanzamiento': '2024-05-26T04:09:14.000+00:00', 'visibilidad': True}","{'idTipo': 6, 'nombreTipo': 'TESORO'}",,,,,,"{'idRareza': 2, 'nombreRareza': 'BRONCE'}",,"{'idRareza': 2, 'nombreRareza': 'BRONCE'}",FALSE,FALSE,FALSE,FALSE,FALSE,FALSE,FALSE,FALSE,FALSE,FALSE,FALSE,,,FALSE,FALSE,FALSE,FALSE,FALSE,FALSE,FALSE,FALSE,FALSE,,FALSE,FALSE,FALSE,FALSE,TRUE,TRUE,TRUE,TRUE,TRUE,TRUE,TRUE,TRUE,TRUE,,,,,,,,,,,,
142,"TIM, EL VALIENTE",,0/9,1,FALSE,,"Si controlas a Phill, el mejor amigo, esta unidad gana +1/+1.",1,FALSE,,1,1,,,https://i.postimg.cc/mDQgp4rd/TIM-EL-VALIENTE-copia.jpg,https://i.postimg.cc/wB40xRpk/TIM-EL-VALIENTE.webp,,,,,,,,,,,"{'idExpansion': 3, 'nombreExpansion': 'PACTO SECRETO', 'fechaLanzamiento': '2024-05-26T04:09:09.000+00:00', 'visibilidad': True}","{'idTipo': 28, 'nombreTipo': 'UNIDAD'}",,"{'idSubTipo': 2, 'nombreSubTipo': 'SOLDADO'}",,,,"{'idRareza': 2, 'nombreRareza': 'BRONCE'}",,"{'idRareza': 3, 'nombreRareza': 'ORO'}",FALSE,TRUE,FALSE,FALSE,FALSE,FALSE,FALSE,FALSE,FALSE,FALSE,FALSE,,,FALSE,FALSE,FALSE,FALSE,FALSE,FALSE,FALSE,FALSE,FALSE,,FALSE,FALSE,FALSE,FALSE,TRUE,TRUE,TRUE,TRUE,TRUE,TRUE,TRUE,TRUE,TRUE,,,,,,,,,,,,
135,TIMONEL SIN RUMBO,,0/9,2,FALSE,,Aparición en juego: El jugador objetivo descarta  una carta.,2,FALSE,,2,1,,,https://i.postimg.cc/zv7X5kKK/TIMONEL-SIN-RUMBO-copia.jpg,https://i.postimg.cc/Kv274sMN/Timonel-sin-rumbo-ARTE-ALTERNATIVO.webp,https://i.postimg.cc/63DcnsT2/TIMONEL-SIN-RUMBO.webp,https://i.postimg.cc/yxLWW5Kk/METAL-TIMONEL-SIN-RUMBO.png,,,,,,,,,"{'idExpansion': 3, 'nombreExpansion': 'PACTO SECRETO', 'fechaLanzamiento': '2024-05-26T04:09:09.000+00:00', 'visibilidad': True}","{'idTipo': 28, 'nombreTipo': 'UNIDAD'}",,"{'idSubTipo': 1, 'nombreSubTipo': 'PIRATA'}",,,,"{'idRareza': 2, 'nombreRareza': 'BRONCE'}",,"{'idRareza': 2, 'nombreRareza': 'BRONCE'}",FALSE,TRUE,FALSE,FALSE,FALSE,FALSE,FALSE,FALSE,FALSE,FALSE,FALSE,,,FALSE,FALSE,FALSE,FALSE,FALSE,FALSE,FALSE,FALSE,FALSE,,FALSE,FALSE,FALSE,TRUE,TRUE,TRUE,TRUE,TRUE,TRUE,TRUE,TRUE,TRUE,TRUE,,,,,,,,,,,,
107,TIRADOR DE HAMRRA,,7/9,1.25,FALSE,,"Vigía. Siempre que bloquee a una unidad con Evasión, esta unidad gana +1/+0 hasta el final del turno.",3,FALSE,,2,4,,,https://i.postimg.cc/HndsfNcT/TIRADOR-DE-HAMRRA-copia.jpg,https://i.postimg.cc/mZH8Rr6Q/TIRADOR-DE-HAMRRA.webp,,,,,,,,,,,"{'idExpansion': 3, 'nombreExpansion': 'PACTO SECRETO', 'fechaLanzamiento': '2024-05-26T04:09:09.000+00:00', 'visibilidad': True}","{'idTipo': 28, 'nombreTipo': 'UNIDAD'}",,"{'idSubTipo': 6, 'nombreSubTipo': 'DESERTOR'}",,,,"{'idRareza': 2, 'nombreRareza': 'BRONCE'}",,"{'idRareza': 2, 'nombreRareza': 'BRONCE'}",FALSE,TRUE,FALSE,FALSE,FALSE,FALSE,FALSE,FALSE,FALSE,FALSE,FALSE,,,TRUE,FALSE,TRUE,FALSE,FALSE,FALSE,FALSE,FALSE,FALSE,,FALSE,FALSE,FALSE,FALSE,TRUE,FALSE,FALSE,TRUE,FALSE,FALSE,FALSE,FALSE,FALSE,,,,,,,,,,,,
543,TITAN DE LA RUINA,,5/9,3.6,FALSE,,"Arrollar. Siempre que haga daño de combate, destrúyelo. Aparición en juego: Aplasta 1. Elige 1 (dispara solo si fue jugado de tu mano). -Destruye la unidad rival objetivo de resistencia 3 o menos. -Hace 3 daños a cada oponente.",4,FALSE,5,6,3,,,https://i.postimg.cc/TPymvmjt/TITAN_DE_LA_RUINA__copia.webp,,,,,,,,,,,,"{'idExpansion': 6, 'nombreExpansion': 'ANCESTROS', 'fechaLanzamiento': '2024-11-19T03:36:06.000+00:00', 'visibilidad': True}","{'idTipo': 28, 'nombreTipo': 'UNIDAD'}",,"{'idSubTipo': 18, 'nombreSubTipo': 'GIGANTE'}",,,,"{'idRareza': 1, 'nombreRareza': 'PLATA'}",,"{'idRareza': 2, 'nombreRareza': 'BRONCE'}",TRUE,TRUE,FALSE,FALSE,FALSE,FALSE,TRUE,FALSE,FALSE,FALSE,FALSE,,,FALSE,FALSE,FALSE,TRUE,FALSE,TRUE,FALSE,FALSE,FALSE,,FALSE,FALSE,FALSE,FALSE,FALSE,TRUE,TRUE,TRUE,FALSE,FALSE,TRUE,FALSE,FALSE,,,,,,,,,,,,
544,TITAN DE ROCA,,8/9,2.25,FALSE,,"Pedramancia 3. Agrupar. Arrollar. Frenesí. Resguardo: 2 de oro. Al inicio de tu combate, regresa hasta una carta de unidad de tu Averno al campo, que fuera condenada por esta Pedramancia.",6,FALSE,5,6,6,,,https://i.postimg.cc/SsCMJhv8/TITAN_DE_ROCA_copia.webp,,,,,,,,,,,,"{'idExpansion': 6, 'nombreExpansion': 'ANCESTROS', 'fechaLanzamiento': '2024-11-19T03:36:06.000+00:00', 'visibilidad': True}","{'idTipo': 28, 'nombreTipo': 'UNIDAD'}","{'idTipo': 17, 'nombreTipo': 'MONUMENTO'}","{'idSubTipo': 19, 'nombreSubTipo': 'ENANO'}",,,,"{'idRareza': 2, 'nombreRareza': 'BRONCE'}",,"{'idRareza': 2, 'nombreRareza': 'BRONCE'}",FALSE,TRUE,FALSE,FALSE,FALSE,FALSE,FALSE,FALSE,FALSE,FALSE,FALSE,,,FALSE,FALSE,FALSE,FALSE,FALSE,TRUE,FALSE,FALSE,FALSE,,TRUE,FALSE,FALSE,FALSE,FALSE,FALSE,FALSE,TRUE,FALSE,FALSE,FALSE,FALSE,FALSE,,,,,,,,,,,,
545,"TITAN, SANGRE DE FUEGO",,2/9,1.1,FALSE,,Vigía. Derrotado: Hace daño igual a su fuerza hasta a unidad rival objetivo.,3,FALSE,5,5,2,,,"https://i.postimg.cc/rsTt4PBH/TITAN,_SANGRE_DE_FUEGO_copia.webp",,,,,,,,,,,,"{'idExpansion': 6, 'nombreExpansion': 'ANCESTROS', 'fechaLanzamiento': '2024-11-19T03:36:06.000+00:00', 'visibilidad': True}","{'idTipo': 28, 'nombreTipo': 'UNIDAD'}",,"{'idSubTipo': 18, 'nombreSubTipo': 'GIGANTE'}",,,,"{'idRareza': 2, 'nombreRareza': 'BRONCE'}",,"{'idRareza': 4, 'nombreRareza': 'DIAMANTE'}",FALSE,TRUE,FALSE,FALSE,FALSE,FALSE,FALSE,FALSE,FALSE,FALSE,FALSE,,,FALSE,FALSE,TRUE,FALSE,FALSE,FALSE,FALSE,FALSE,FALSE,,FALSE,FALSE,FALSE,FALSE,FALSE,TRUE,TRUE,TRUE,TRUE,TRUE,TRUE,TRUE,FALSE,,,,,,,,,,,,
546,TOQUE DE DRAGON,,2/9,2,FALSE,,"Cambia la fuerza con la resistencia de todas las unidades hasta el final del turno. Roba una carta, luego descarta una carta.",3,FALSE,5,5,2,,,https://i.postimg.cc/nr19G1Zh/TOQUE_DE_DRAGON_copia.webp,,,,,,,,,,,,"{'idExpansion': 6, 'nombreExpansion': 'ANCESTROS', 'fechaLanzamiento': '2024-11-19T03:36:06.000+00:00', 'visibilidad': True}","{'idTipo': 1, 'nombreTipo': 'ACCION'}",,"{'idSubTipo': 9, 'nombreSubTipo': 'DRAGON'}",,"{'idSubTipo': 12, 'nombreSubTipo': 'RAPIDA'}",,"{'idRareza': 2, 'nombreRareza': 'BRONCE'}",,"{'idRareza': 2, 'nombreRareza': 'BRONCE'}",FALSE,TRUE,FALSE,FALSE,FALSE,FALSE,FALSE,FALSE,FALSE,FALSE,TRUE,,,FALSE,FALSE,FALSE,FALSE,FALSE,FALSE,FALSE,FALSE,FALSE,,FALSE,FALSE,FALSE,FALSE,FALSE,TRUE,TRUE,TRUE,TRUE,TRUE,TRUE,TRUE,FALSE,,,,,,,,,,,,
52,TORMENTA DE ARENA,,0/9,0,TRUE,,Hace 3 puntos de daño a cada unidad y a cada jugador.,3,FALSE,,,,,,https://i.postimg.cc/R0ZgzQjF/TORMENTA-DE-ARENA.webp,https://i.postimg.cc/QtzLZT06/Mesa-de-trabajo-57.png,https://i.postimg.cc/YSbK8VgB/Mesa-de-trabajo-67-200x.png,https://i.postimg.cc/LsHFtRJV/Mesa-de-trabajo-68-200x.png,https://i.postimg.cc/T3rVmkGy/tormenta-full-art-ff.jpg,,,,,,,,"{'idExpansion': 2, 'nombreExpansion': 'FUNDAMENTOS', 'fechaLanzamiento': '2024-05-26T04:08:58.000+00:00', 'visibilidad': True}","{'idTipo': 1, 'nombreTipo': 'ACCION'}",,"{'idSubTipo': 14, 'nombreSubTipo': 'COMUN'}",,,,"{'idRareza': 3, 'nombreRareza': 'ORO'}",,"{'idRareza': 4, 'nombreRareza': 'DIAMANTE'}",FALSE,FALSE,FALSE,FALSE,FALSE,FALSE,FALSE,FALSE,FALSE,FALSE,FALSE,,,FALSE,FALSE,FALSE,FALSE,FALSE,FALSE,FALSE,FALSE,FALSE,,FALSE,FALSE,FALSE,FALSE,TRUE,TRUE,TRUE,TRUE,TRUE,TRUE,TRUE,TRUE,TRUE,,,,,,,,,,,,
169,TORMENTA DE FUEGO,,0/9,0,TRUE,,Agotar: Hace 1 punto de daño a las unidades que controla el jugador objetivo.,5,TRUE,5,,,,,https://i.postimg.cc/zDFfnq6v/TORMENTA-DE-FUEGO-copia.jpg,https://i.postimg.cc/zBLpyDDY/TORMENTA-DE-FUEGO.webp,,,,,,,,,,,"{'idExpansion': 3, 'nombreExpansion': 'PACTO SECRETO', 'fechaLanzamiento': '2024-05-26T04:09:09.000+00:00', 'visibilidad': True}","{'idTipo': 6, 'nombreTipo': 'TESORO'}",,,,,,"{'idRareza': 1, 'nombreRareza': 'PLATA'}",,"{'idRareza': 1, 'nombreRareza': 'PLATA'}",FALSE,FALSE,FALSE,FALSE,FALSE,FALSE,FALSE,FALSE,FALSE,FALSE,FALSE,,,FALSE,FALSE,FALSE,FALSE,FALSE,FALSE,FALSE,FALSE,FALSE,,FALSE,FALSE,FALSE,FALSE,TRUE,TRUE,TRUE,TRUE,TRUE,TRUE,TRUE,TRUE,TRUE,,,,,,,,,,,,
336,TORRE DE BORNIS,,4/9,2,TRUE,,Aparición en juego: Hace 4 daños hasta a dos unidades rivales objetivo. Siempre que un oponente juegue su primera orden cada turno. Interrúmpela a menos que pague 1 oro.,5,FALSE,,2,3,,,https://i.postimg.cc/mDf6sh5S/TORRE-DE-BORNIS-copia.webp,,,,,,,,,,,,"{'idExpansion': 5, 'nombreExpansion': 'IMPERIO', 'fechaLanzamiento': '2024-07-04T19:48:17.000+00:00', 'visibilidad': True}","{'idTipo': 17, 'nombreTipo': 'MONUMENTO'}",,"{'idSubTipo': 7, 'nombreSubTipo': 'MAGO'}",,,,"{'idRareza': 1, 'nombreRareza': 'PLATA'}",,"{'idRareza': 1, 'nombreRareza': 'PLATA'}",TRUE,TRUE,FALSE,FALSE,FALSE,FALSE,FALSE,FALSE,FALSE,FALSE,FALSE,,,FALSE,FALSE,FALSE,FALSE,FALSE,FALSE,FALSE,FALSE,FALSE,,FALSE,FALSE,FALSE,FALSE,TRUE,TRUE,TRUE,TRUE,FALSE,FALSE,TRUE,FALSE,FALSE,,,,,,,,,,,,
149,TOTEM DE ESPIRITU ANIMAL,,0/9,1,TRUE,,Una vez durante tu turno puedes erosionar para crear una ficha animal 1/1. Erosión 3.,1,FALSE,,,,,,https://i.postimg.cc/MKZp5hJD/TOTEM-EL-ESPIRITU-ANIMAL-copia.jpg,https://i.postimg.cc/j5kH3kMb/totem.webp,https://i.postimg.cc/QC1bq6W6/TOTEM-DE-ESPIRITU-ANIMAL.webp,https://i.postimg.cc/FHRK5wjD/TOTEM-DE-ESPIRITU-ANIMAL-copia.jpg,,,,,,,,,"{'idExpansion': 3, 'nombreExpansion': 'PACTO SECRETO', 'fechaLanzamiento': '2024-05-26T04:09:09.000+00:00', 'visibilidad': True}","{'idTipo': 17, 'nombreTipo': 'MONUMENTO'}",,,,,,"{'idRareza': 1, 'nombreRareza': 'PLATA'}",,"{'idRareza': 2, 'nombreRareza': 'BRONCE'}",FALSE,TRUE,FALSE,FALSE,FALSE,FALSE,FALSE,FALSE,FALSE,FALSE,FALSE,,,FALSE,FALSE,FALSE,FALSE,FALSE,FALSE,FALSE,FALSE,FALSE,,FALSE,FALSE,FALSE,FALSE,TRUE,TRUE,TRUE,TRUE,TRUE,TRUE,TRUE,TRUE,TRUE,,,,,,,,,,,,
412,TOTEM DEL DRAGON,,0/9,1,FALSE,,"1 de oro y Destruir: Elige 2: -Condena el Descarte del oponente objetivo. -Purga el averno del oponente objetivo. -Puedes descartar una carta. Si lo haces, roba una carta.",1,FALSE,,,,,,https://i.postimg.cc/tT3vCp0G/TOTEM-DE-DRAGON-copia.webp,,,,,,,,,,,,"{'idExpansion': 5, 'nombreExpansion': 'IMPERIO', 'fechaLanzamiento': '2024-07-04T19:48:17.000+00:00', 'visibilidad': True}","{'idTipo': 17, 'nombreTipo': 'MONUMENTO'}",,,,,,"{'idRareza': 2, 'nombreRareza': 'BRONCE'}",,"{'idRareza': 2, 'nombreRareza': 'BRONCE'}",FALSE,FALSE,FALSE,FALSE,FALSE,FALSE,FALSE,FALSE,FALSE,FALSE,TRUE,,,FALSE,FALSE,FALSE,FALSE,FALSE,FALSE,FALSE,FALSE,FALSE,,FALSE,FALSE,FALSE,FALSE,TRUE,TRUE,TRUE,TRUE,TRUE,TRUE,TRUE,TRUE,TRUE,,,,,,,,,,,,
388,TRAIDOR AVARO,,8/9,1,FALSE,,Aparición en juego: Condena el tesoro aliado no agotado objetivo. Regrésalo al campo al inicio de la próxima fase final.,4,FALSE,3,4,4,,,https://i.postimg.cc/mkTXPJRz/TRAIDOR-AVARO-copia.webp,,,,,,,,,,,,"{'idExpansion': 5, 'nombreExpansion': 'IMPERIO', 'fechaLanzamiento': '2024-07-04T19:48:17.000+00:00', 'visibilidad': True}","{'idTipo': 28, 'nombreTipo': 'UNIDAD'}",,"{'idSubTipo': 17, 'nombreSubTipo': 'MONJE'}","{'idSubTipo': 1, 'nombreSubTipo': 'PIRATA'}",,,"{'idRareza': 1, 'nombreRareza': 'PLATA'}",,"{'idRareza': 2, 'nombreRareza': 'BRONCE'}",FALSE,TRUE,FALSE,FALSE,FALSE,FALSE,FALSE,FALSE,FALSE,FALSE,FALSE,,,FALSE,FALSE,FALSE,FALSE,FALSE,FALSE,FALSE,FALSE,FALSE,,FALSE,FALSE,FALSE,FALSE,FALSE,FALSE,FALSE,TRUE,FALSE,FALSE,FALSE,FALSE,FALSE,,,,,,,,,,,,
150,TRAMPA DE ESPINAS,,0/9,0.15,FALSE,,Destruir: Hasta tres unidades objetivo sin Evasión no puedan atacar este turno.,1,FALSE,,,,,,https://i.postimg.cc/pX0X6q2t/TRAMPA-DE-ESPINAS-copia.jpg,https://i.postimg.cc/28dGbKYy/TRAMPA-DE-ESPINAS.webp,,,,,,,,,,,"{'idExpansion': 3, 'nombreExpansion': 'PACTO SECRETO', 'fechaLanzamiento': '2024-05-26T04:09:09.000+00:00', 'visibilidad': True}","{'idTipo': 17, 'nombreTipo': 'MONUMENTO'}",,,,,,"{'idRareza': 2, 'nombreRareza': 'BRONCE'}",,"{'idRareza': 2, 'nombreRareza': 'BRONCE'}",FALSE,FALSE,FALSE,FALSE,FALSE,FALSE,FALSE,FALSE,FALSE,FALSE,FALSE,,,TRUE,FALSE,FALSE,FALSE,FALSE,FALSE,FALSE,FALSE,FALSE,,FALSE,FALSE,FALSE,FALSE,TRUE,TRUE,TRUE,TRUE,TRUE,TRUE,TRUE,TRUE,TRUE,,,,,,,,,,,,
53,TRIPULACION EN CAMINO,,0/9,0,TRUE,,Busca en tu Reino dos cartas de unidad de coste 2 o menos y juégalas sin pagar su coste. Esas órdenes no pueden ser interrumpidas.,3,FALSE,,,,,,https://i.postimg.cc/MpWDymZD/TRIPULACION-EN-CAMINO.webp,https://i.postimg.cc/YCTm0njk/Mesa-de-trabajo-55.png,https://i.postimg.cc/X7H5S7br/Mesa-de-trabajo-69-200x.png,https://i.postimg.cc/kg2bn3Jf/Mesa-de-trabajo-70-200x.png,https://i.postimg.cc/R04cTcVg/tripu-ff.jpg,https://i.postimg.cc/43Pp2mYs/tripu-full-art-ff.jpg,https://i.postimg.cc/mDrCvB9M/tripulacion-full-art.jpg,https://i.postimg.cc/BnZxBLNP/Tripulacion-en-camino-ARTE-ALTERNATIVO.webp,,,,"Las unidades buscadas son jugadas sin pagar sus costes. Las unidades buscadas son colocadas en la pila, decidiendo cuál colocamos primero en la pila y cuál colocamos segundo (la última colocada será la primera en resolver cuando la pila empiece a resolverse).","{'idExpansion': 2, 'nombreExpansion': 'FUNDAMENTOS', 'fechaLanzamiento': '2024-05-26T04:08:58.000+00:00', 'visibilidad': True}","{'idTipo': 1, 'nombreTipo': 'ACCION'}",,,,"{'idSubTipo': 12, 'nombreSubTipo': 'RAPIDA'}",,"{'idRareza': 3, 'nombreRareza': 'ORO'}",,"{'idRareza': 1, 'nombreRareza': 'PLATA'}",FALSE,FALSE,FALSE,FALSE,FALSE,FALSE,FALSE,FALSE,FALSE,FALSE,FALSE,,,FALSE,FALSE,FALSE,FALSE,FALSE,FALSE,FALSE,FALSE,FALSE,,FALSE,FALSE,FALSE,FALSE,TRUE,TRUE,TRUE,TRUE,TRUE,TRUE,TRUE,TRUE,TRUE,,,,,,,,,,,,
337,TRIPULANTE TRAICIONADO,,4/9,1,FALSE,,Derrotado: Excavar Bóveda 2. (Mira las primeras X cartas de tu Bóveda. Puedes poner cualquier cantidad en el tope y el resto en el Descarte).,2,FALSE,,2,3,,,https://i.postimg.cc/05CXTkdp/TRIPULANTE-TRAICIONADO-copia.webp,,,,,,,,,,,,"{'idExpansion': 5, 'nombreExpansion': 'IMPERIO', 'fechaLanzamiento': '2024-07-04T19:48:17.000+00:00', 'visibilidad': True}","{'idTipo': 28, 'nombreTipo': 'UNIDAD'}",,"{'idSubTipo': 1, 'nombreSubTipo': 'PIRATA'}",,,,"{'idRareza': 2, 'nombreRareza': 'BRONCE'}",,"{'idRareza': 1, 'nombreRareza': 'PLATA'}",FALSE,TRUE,FALSE,FALSE,FALSE,FALSE,FALSE,FALSE,FALSE,FALSE,FALSE,,,FALSE,FALSE,FALSE,FALSE,FALSE,FALSE,FALSE,FALSE,FALSE,,FALSE,FALSE,FALSE,FALSE,TRUE,TRUE,TRUE,TRUE,FALSE,FALSE,TRUE,FALSE,FALSE,,,,,,,,,,,,
547,TROPA DE LA PEDRAMANCIA,,1/9,1,FALSE,,Aparición en juego: Crea dos fichas enano 1/1. Derrotado: Regresa la carta de monumento objetivo de coste 2 o menos de tu Descarte a tu mano.,3,FALSE,5,3,2,,,https://i.postimg.cc/DfQGh7s3/TROPA_DE_LA_PEDRAMANCIA_copia.webp,,,,,,,,,,,,"{'idExpansion': 6, 'nombreExpansion': 'ANCESTROS', 'fechaLanzamiento': '2024-11-19T03:36:06.000+00:00', 'visibilidad': True}","{'idTipo': 28, 'nombreTipo': 'UNIDAD'}",,"{'idSubTipo': 19, 'nombreSubTipo': 'ENANO'}",,,,"{'idRareza': 2, 'nombreRareza': 'BRONCE'}",,"{'idRareza': 2, 'nombreRareza': 'BRONCE'}",FALSE,TRUE,FALSE,FALSE,FALSE,FALSE,FALSE,FALSE,FALSE,FALSE,FALSE,,,FALSE,FALSE,FALSE,FALSE,FALSE,FALSE,FALSE,FALSE,FALSE,,FALSE,FALSE,FALSE,FALSE,TRUE,TRUE,TRUE,TRUE,TRUE,TRUE,TRUE,TRUE,FALSE,,,,,,,,,,,,
352,TROPAS DE REFUERZO,,1/9,1,FALSE,,"Aparición en juego: Crea dos fichas soldado 1/1. Al inicio de tu fase de combate, la unidad aliada objetivo gana Apoyo hasta el final del turno.",4,FALSE,,2,2,,,https://i.postimg.cc/m22pRv8K/TROPAS-DE-REFUERZO-copia.webp,,,,,,,,,,,,"{'idExpansion': 5, 'nombreExpansion': 'IMPERIO', 'fechaLanzamiento': '2024-07-04T19:48:17.000+00:00', 'visibilidad': True}","{'idTipo': 28, 'nombreTipo': 'UNIDAD'}",,"{'idSubTipo': 2, 'nombreSubTipo': 'SOLDADO'}",,,,"{'idRareza': 2, 'nombreRareza': 'BRONCE'}",,"{'idRareza': 2, 'nombreRareza': 'BRONCE'}",FALSE,TRUE,FALSE,FALSE,FALSE,FALSE,FALSE,FALSE,FALSE,FALSE,FALSE,,,FALSE,FALSE,FALSE,FALSE,FALSE,FALSE,FALSE,FALSE,FALSE,,FALSE,FALSE,FALSE,FALSE,TRUE,TRUE,TRUE,TRUE,TRUE,TRUE,TRUE,TRUE,FALSE,,,,,,,,,,,,
548,TROPAS DEL FRENTE,,1/9,1,FALSE,,Agrupar. Derrotado: Crea tres fichas enano 1/1.,3,FALSE,5,3,2,,,https://i.postimg.cc/3JKvJzC4/TROPAS_DEL_FRENTE_copia.webp,,,,,,,,,,,Un permanente con derrotado dispara su habilidad cuando muerte y es enviado al descarte.,"{'idExpansion': 6, 'nombreExpansion': 'ANCESTROS', 'fechaLanzamiento': '2024-11-19T03:36:06.000+00:00', 'visibilidad': True}","{'idTipo': 28, 'nombreTipo': 'UNIDAD'}",,"{'idSubTipo': 19, 'nombreSubTipo': 'ENANO'}",,,,"{'idRareza': 2, 'nombreRareza': 'BRONCE'}",,"{'idRareza': 3, 'nombreRareza': 'ORO'}",FALSE,TRUE,FALSE,FALSE,FALSE,FALSE,FALSE,FALSE,FALSE,FALSE,FALSE,,,FALSE,FALSE,FALSE,FALSE,FALSE,FALSE,FALSE,FALSE,FALSE,,FALSE,FALSE,FALSE,FALSE,TRUE,TRUE,TRUE,TRUE,TRUE,TRUE,TRUE,TRUE,FALSE,,,,,,,,,,,,
549,"UGUEY, FUNDADOR DE LA FE",,7/9,2.9,TRUE,,"Curar. Frenesí. Aparición en juego: La unidad aliada objetivo lucha con la unidad rival objetivo. Si una unidad aliada no ficha fuera a morir en una lucha, condénala y crea una ficha ángel 3/3 con Evasión en su lugar.",4,FALSE,5,3,5,,,"https://i.postimg.cc/Qx0WBS06/UGUEY,_FUNDADOR_DE_LA_FE_copia.webp",,,,,,,,,,,,"{'idExpansion': 6, 'nombreExpansion': 'ANCESTROS', 'fechaLanzamiento': '2024-11-19T03:36:06.000+00:00', 'visibilidad': True}","{'idTipo': 28, 'nombreTipo': 'UNIDAD'}",,"{'idSubTipo': 3, 'nombreSubTipo': 'ANIMAL'}","{'idSubTipo': 17, 'nombreSubTipo': 'MONJE'}","{'idSubTipo': 13, 'nombreSubTipo': 'REALEZA'}",,"{'idRareza': 4, 'nombreRareza': 'DIAMANTE'}",,"{'idRareza': 3, 'nombreRareza': 'ORO'}",FALSE,TRUE,FALSE,FALSE,FALSE,FALSE,TRUE,TRUE,FALSE,FALSE,FALSE,,,TRUE,FALSE,FALSE,FALSE,FALSE,FALSE,TRUE,FALSE,FALSE,,FALSE,FALSE,FALSE,FALSE,TRUE,FALSE,FALSE,TRUE,FALSE,FALSE,FALSE,FALSE,FALSE,,,,,,,,,,,,
79,UNION DE BRUJAS,,0/9,1,TRUE,,Interrumpe la orden de acción objetivo.,2,FALSE,,,,,,https://i.postimg.cc/x1cTDMCN/UNION-DE-BRUJAS-copia.jpg,https://i.postimg.cc/76wDwmMx/Full-Art-Uni-n-de-brujas-copia.jpg,https://i.postimg.cc/d3b8wZMN/union.webp,https://i.postimg.cc/0jMpTd4J/union-full-art.webp,https://i.postimg.cc/P52MKvPk/UNION-DE-BRUJAS.webp,,,,,,,,"{'idExpansion': 3, 'nombreExpansion': 'PACTO SECRETO', 'fechaLanzamiento': '2024-05-26T04:09:09.000+00:00', 'visibilidad': True}","{'idTipo': 1, 'nombreTipo': 'ACCION'}",,,,"{'idSubTipo': 12, 'nombreSubTipo': 'RAPIDA'}",,"{'idRareza': 2, 'nombreRareza': 'BRONCE'}",,"{'idRareza': 3, 'nombreRareza': 'ORO'}",FALSE,FALSE,FALSE,FALSE,FALSE,TRUE,FALSE,FALSE,FALSE,FALSE,FALSE,,,FALSE,FALSE,FALSE,FALSE,FALSE,FALSE,FALSE,FALSE,FALSE,,FALSE,FALSE,FALSE,FALSE,TRUE,TRUE,TRUE,TRUE,TRUE,TRUE,TRUE,TRUE,TRUE,,,,,,,,,,,,
295,"URLAMOK, GUARDIAN DEL ORO",,8/9,8.9,TRUE,,Ininterrumpible. Evasión. Guardián. Resguardo: 2 de oro. Aparición en juego: Elige 2: -Crea una ficha espíritu 5/5 con Arrollar. -Naturaliza la unidad o tesoro rival objetivo. -Ganas 7 vidas. -Roba una carta.,7,FALSE,,7,7,,,https://i.postimg.cc/BZ1CqqzH/URLAMOK-GUARDIAN-DEL-ORO-copia.webp,https://i.postimg.cc/zfHGBqbR/urlamok.webp,https://i.postimg.cc/9z3mdCt4/URLAMOK_GUARDIAN_DEL_ORO_COPIA.webp,https://i.postimg.cc/bwvPsrRD/URLAMOK-GUARDIAN-DEL-ORO-copia.webp,,,,,,,,,"{'idExpansion': 4, 'nombreExpansion': 'TRONO COMPARTIDO', 'fechaLanzamiento': '2024-05-26T04:09:14.000+00:00', 'visibilidad': True}","{'idTipo': 28, 'nombreTipo': 'UNIDAD'}",,"{'idSubTipo': 8, 'nombreSubTipo': 'ELEMENTAL'}","{'idSubTipo': 9, 'nombreSubTipo': 'DRAGON'}",,,"{'idRareza': 4, 'nombreRareza': 'DIAMANTE'}",,"{'idRareza': 1, 'nombreRareza': 'PLATA'}",FALSE,TRUE,FALSE,TRUE,FALSE,FALSE,FALSE,FALSE,FALSE,FALSE,TRUE,,,TRUE,TRUE,FALSE,FALSE,FALSE,TRUE,FALSE,TRUE,FALSE,,2,TRUE,FALSE,FALSE,FALSE,FALSE,FALSE,TRUE,FALSE,FALSE,FALSE,FALSE,FALSE,,,,,,,,,,,,
415,VENDAJES DE GUERRA,,0/9,0,TRUE,,Agotar: Pon hasta dos cartas no tesoro objetivo de un mismo Descarte en el fondo del Reino.,1,FALSE,1,,,,,https://i.postimg.cc/Dwm4B58w/VENDAJE-DE-GUERRA.jpg,,,,,,,,,,,,"{'idExpansion': 5, 'nombreExpansion': 'IMPERIO', 'fechaLanzamiento': '2024-07-04T19:48:17.000+00:00', 'visibilidad': True}","{'idTipo': 6, 'nombreTipo': 'TESORO'}",,,,,,"{'idRareza': 1, 'nombreRareza': 'PLATA'}",,"{'idRareza': 4, 'nombreRareza': 'DIAMANTE'}",FALSE,FALSE,FALSE,FALSE,FALSE,FALSE,FALSE,FALSE,FALSE,FALSE,FALSE,,,FALSE,FALSE,FALSE,FALSE,FALSE,FALSE,FALSE,FALSE,FALSE,,FALSE,FALSE,FALSE,FALSE,TRUE,TRUE,TRUE,TRUE,TRUE,TRUE,TRUE,TRUE,TRUE,,,,,,,,,,,,
296,VENGANZA DE ERODON,,0/9,1.25,FALSE,,Condena las unidades con contadores.,5,FALSE,,,,,"Pudieron arrebatarnos el amuleto del templo para abrir el portal, pero esta vez nos vengaremos de ellos por sus acciones.",https://i.postimg.cc/05z70n0x/VENGANZA_DE_ERODON_COPIA.webp,https://i.postimg.cc/Jnw4HSZY/venganza_de_erodon.webp,https://i.postimg.cc/VkVkY4g1/VENGANZA-DE-ERODON-copia.jpg,,,,,,,,,,"{'idExpansion': 4, 'nombreExpansion': 'TRONO COMPARTIDO', 'fechaLanzamiento': '2024-05-26T04:09:14.000+00:00', 'visibilidad': True}","{'idTipo': 1, 'nombreTipo': 'ACCION'}",,,,"{'idSubTipo': 12, 'nombreSubTipo': 'RAPIDA'}",,"{'idRareza': 1, 'nombreRareza': 'PLATA'}",,"{'idRareza': 1, 'nombreRareza': 'PLATA'}",FALSE,FALSE,FALSE,FALSE,FALSE,FALSE,TRUE,FALSE,FALSE,FALSE,FALSE,,,FALSE,FALSE,FALSE,FALSE,FALSE,FALSE,FALSE,FALSE,FALSE,,FALSE,FALSE,FALSE,FALSE,TRUE,TRUE,TRUE,TRUE,TRUE,TRUE,TRUE,TRUE,TRUE,,,,,,,,,,,,
297,VERDUGO INFERNAL,,1/9,2.25,FALSE,,Aparición en juego: Condena la carta de unidad objetivo de un Descarte.,1,FALSE,,2,2,,,https://i.postimg.cc/sfb76WTW/VERDUGO_INFERNAL_COPIA.webp,,,,,,,,,,,,"{'idExpansion': 4, 'nombreExpansion': 'TRONO COMPARTIDO', 'fechaLanzamiento': '2024-05-26T04:09:14.000+00:00', 'visibilidad': True}","{'idTipo': 28, 'nombreTipo': 'UNIDAD'}",,"{'idSubTipo': 15, 'nombreSubTipo': 'DEMONIO'}",,,,"{'idRareza': 2, 'nombreRareza': 'BRONCE'}",,,FALSE,TRUE,FALSE,FALSE,FALSE,FALSE,TRUE,FALSE,FALSE,FALSE,FALSE,,,FALSE,FALSE,FALSE,FALSE,FALSE,FALSE,FALSE,FALSE,FALSE,,FALSE,FALSE,FALSE,FALSE,TRUE,TRUE,TRUE,TRUE,TRUE,TRUE,TRUE,TRUE,FALSE,,,,,,,,,,,,
550,"VERONICA, LA MALDITA",,1/9,1,TRUE,,Derrotado: Cada oponente pierde 2 vidas.,1,FALSE,5,1,2,,"A los pocos años de que Catalina descubriera a los secretos arcanos, no tardaron en aparecer otras que también lo practicarían. Lamentablemente, no todas eran buenas personas.","https://i.postimg.cc/3xN02pq3/VERONICA,_LA_MALDITA_copia.webp",,,,,,,,,,,,"{'idExpansion': 6, 'nombreExpansion': 'ANCESTROS', 'fechaLanzamiento': '2024-11-19T03:36:06.000+00:00', 'visibilidad': True}","{'idTipo': 28, 'nombreTipo': 'UNIDAD'}",,"{'idSubTipo': 5, 'nombreSubTipo': 'BRUJA'}",,,,"{'idRareza': 2, 'nombreRareza': 'BRONCE'}",,,FALSE,TRUE,FALSE,FALSE,FALSE,FALSE,FALSE,FALSE,FALSE,FALSE,FALSE,,,FALSE,FALSE,FALSE,FALSE,FALSE,FALSE,FALSE,FALSE,FALSE,,FALSE,FALSE,FALSE,FALSE,TRUE,TRUE,TRUE,TRUE,TRUE,TRUE,TRUE,TRUE,FALSE,,,,,,,,,,,,
93,VIDENTE DEL BOSQUE,,1/9,2,FALSE,,Aparición en juego: Predicción 1. Destruir: Roba una carta. Activa solo durante tu turno.,2,FALSE,,2,2,,,https://i.postimg.cc/Hk8cWM4t/VIDENTE-DEL-BOSQUE-copia.jpg,https://i.postimg.cc/wTYFBdSn/VIDENTE-DEL-BOSQUE.webp,,,,,,,,,,,"{'idExpansion': 3, 'nombreExpansion': 'PACTO SECRETO', 'fechaLanzamiento': '2024-05-26T04:09:09.000+00:00', 'visibilidad': True}","{'idTipo': 28, 'nombreTipo': 'UNIDAD'}",,"{'idSubTipo': 5, 'nombreSubTipo': 'BRUJA'}",,,,"{'idRareza': 2, 'nombreRareza': 'BRONCE'}",,,FALSE,TRUE,FALSE,FALSE,FALSE,FALSE,FALSE,FALSE,FALSE,FALSE,TRUE,,,FALSE,FALSE,FALSE,FALSE,FALSE,FALSE,FALSE,FALSE,FALSE,,FALSE,FALSE,FALSE,FALSE,TRUE,TRUE,TRUE,TRUE,TRUE,TRUE,TRUE,TRUE,FALSE,,,,,,,,,,,,
114,VIDENTE EFECTIVA,,0/9,1,FALSE,,"Predicción 2. (Mira las primeras X cartas de tu Reino, dónde X es el número de Predicción, luego pon cualquier cantidad en la parte superior y el resto en el fondo).",1,FALSE,,1,1,,,https://i.postimg.cc/MHr0DmCk/VIDENTE-EFECTIVA.jpg,https://i.postimg.cc/Wb6CDvxy/vidente-tcgcon.jpg,https://i.postimg.cc/R0hLYCHJ/VIDENTE-EFECTIVA.webp,,,,,,,,,,"{'idExpansion': 3, 'nombreExpansion': 'PACTO SECRETO', 'fechaLanzamiento': '2024-05-26T04:09:09.000+00:00', 'visibilidad': True}","{'idTipo': 28, 'nombreTipo': 'UNIDAD'}",,"{'idSubTipo': 5, 'nombreSubTipo': 'BRUJA'}",,,,"{'idRareza': 2, 'nombreRareza': 'BRONCE'}",,,FALSE,TRUE,FALSE,FALSE,FALSE,FALSE,FALSE,FALSE,FALSE,FALSE,FALSE,,,FALSE,FALSE,FALSE,FALSE,FALSE,FALSE,FALSE,FALSE,FALSE,,FALSE,FALSE,FALSE,FALSE,TRUE,TRUE,TRUE,TRUE,TRUE,TRUE,TRUE,TRUE,TRUE,,,,,,,,,,,,
298,VIGILANTE DEL PORTAL,,4/9,1,TRUE,,Aparición en juego: Cada jugador condena una carta de su mano.,2,FALSE,,2,3,,,https://i.postimg.cc/zXWW9fQc/VIGILANTE_DEL_PORTAL_COPIA.webp,https://i.postimg.cc/KzncPQ5G/vigilante_de_portal.webp,,,,,,,,,,"Si al momento de resolver el efecto, uno de los jugadores no tuviera una carta en su mano, igual resuelve condenando una carta de la mano al jugador que si tenga cartas en su mano.","{'idExpansion': 4, 'nombreExpansion': 'TRONO COMPARTIDO', 'fechaLanzamiento': '2024-05-26T04:09:14.000+00:00', 'visibilidad': True}","{'idTipo': 28, 'nombreTipo': 'UNIDAD'}",,"{'idSubTipo': 15, 'nombreSubTipo': 'DEMONIO'}",,,,"{'idRareza': 1, 'nombreRareza': 'PLATA'}",,,FALSE,TRUE,FALSE,FALSE,FALSE,FALSE,FALSE,FALSE,FALSE,FALSE,FALSE,,,FALSE,FALSE,FALSE,FALSE,FALSE,FALSE,FALSE,FALSE,FALSE,,FALSE,FALSE,FALSE,FALSE,TRUE,TRUE,TRUE,TRUE,FALSE,FALSE,TRUE,FALSE,FALSE,,,,,,,,,,,,
299,VINO VIGORIZANTE DE MONJE,,0/9,0,FALSE,,Agotar: Remueve hasta un contador de la unidad objetivo.,1,FALSE,1,,,,,https://i.postimg.cc/t4jPyjQC/VINO_VIGOTIZANTE_COPIA.webp,https://i.postimg.cc/x8nftHsK/vino.webp,https://i.postimg.cc/FR9hpTLZ/ARTE-ALTERNATIVO-3-COPIA.webp,https://i.postimg.cc/15SwMPxp/Arte-alternativo-Vino-vigorizante.webp,https://i.postimg.cc/43HNnt2c/VINO-VIGORIZANTE-DE-MONJE-copia.jpg,,,,,,,,"{'idExpansion': 4, 'nombreExpansion': 'TRONO COMPARTIDO', 'fechaLanzamiento': '2024-05-26T04:09:14.000+00:00', 'visibilidad': True}","{'idTipo': 6, 'nombreTipo': 'TESORO'}",,,,,,"{'idRareza': 1, 'nombreRareza': 'PLATA'}",,,FALSE,FALSE,FALSE,FALSE,FALSE,FALSE,FALSE,FALSE,FALSE,FALSE,FALSE,,,FALSE,FALSE,FALSE,FALSE,FALSE,FALSE,FALSE,FALSE,FALSE,,FALSE,FALSE,FALSE,FALSE,TRUE,TRUE,TRUE,TRUE,TRUE,TRUE,TRUE,TRUE,TRUE,,,,,,,,,,,,
300,VOLUNTARIO PARA SACRIFICIO,,7/9,1.15,FALSE,,Derrotado: Crea una ficha ángel 3/3 con Evasión.,4,FALSE,,3,4,,,https://i.postimg.cc/cLB3Lb07/VOLUNTARIO_PARA_SACRIFICIO_COPIA.webp,,,,,,,,,,,,"{'idExpansion': 4, 'nombreExpansion': 'TRONO COMPARTIDO', 'fechaLanzamiento': '2024-05-26T04:09:14.000+00:00', 'visibilidad': True}","{'idTipo': 28, 'nombreTipo': 'UNIDAD'}",,"{'idSubTipo': 17, 'nombreSubTipo': 'MONJE'}",,,,"{'idRareza': 2, 'nombreRareza': 'BRONCE'}",,,FALSE,TRUE,FALSE,FALSE,FALSE,FALSE,FALSE,FALSE,FALSE,FALSE,FALSE,,,TRUE,FALSE,FALSE,FALSE,FALSE,FALSE,FALSE,FALSE,FALSE,,FALSE,FALSE,FALSE,FALSE,TRUE,FALSE,FALSE,TRUE,FALSE,FALSE,FALSE,FALSE,FALSE,,,,,,,,,,,,
301,VOLVIENDO DEL PASEO,,0/9,0,TRUE,,"Reaparece la unidad objetivo. Si controlas un monje, ganas 2 vidas.",1,TRUE,,,,,,https://i.postimg.cc/jjq7w4Sp/VOLVIENDO_DEL_PASEO.webp,https://i.postimg.cc/T3TwQTJf/volviendo-juez-copia.webp,https://i.postimg.cc/jjq7w4Sp/VOLVIENDO_DEL_PASEO.webp,,,,,,,,,"La habilidad de ganar 2 vidas resolverá luego de que reaparezca la unidad, por lo que si la unidad reaparecida  es un Monje, cuenta.","{'idExpansion': 4, 'nombreExpansion': 'TRONO COMPARTIDO', 'fechaLanzamiento': '2024-05-26T04:09:14.000+00:00', 'visibilidad': True}","{'idTipo': 1, 'nombreTipo': 'ACCION'}",,,"{'idSubTipo': 17, 'nombreSubTipo': 'MONJE'}","{'idSubTipo': 12, 'nombreSubTipo': 'RAPIDA'}",,"{'idRareza': 2, 'nombreRareza': 'BRONCE'}",,,FALSE,FALSE,FALSE,FALSE,FALSE,FALSE,FALSE,FALSE,FALSE,FALSE,FALSE,,,FALSE,FALSE,FALSE,FALSE,FALSE,FALSE,FALSE,FALSE,FALSE,,FALSE,FALSE,FALSE,FALSE,TRUE,TRUE,TRUE,TRUE,TRUE,TRUE,TRUE,TRUE,TRUE,,,,,,,,,,,,
389,VORTICE DE ALMAS,,8/9,1,TRUE,,1 de oro y Destruir: Regresa la unidad objetivo a la mano.,3,FALSE,3,4,4,,,https://i.postimg.cc/kX115THG/VORTICE-DE-ALMAS-copia.webp,,,,,,,,,,,,"{'idExpansion': 5, 'nombreExpansion': 'IMPERIO', 'fechaLanzamiento': '2024-07-04T19:48:17.000+00:00', 'visibilidad': True}","{'idTipo': 6, 'nombreTipo': 'TESORO'}",,,,,,"{'idRareza': 3, 'nombreRareza': 'ORO'}",,,FALSE,TRUE,FALSE,FALSE,FALSE,FALSE,FALSE,FALSE,FALSE,FALSE,FALSE,,,FALSE,FALSE,FALSE,FALSE,FALSE,FALSE,FALSE,FALSE,FALSE,,FALSE,FALSE,FALSE,FALSE,FALSE,FALSE,FALSE,TRUE,FALSE,FALSE,FALSE,FALSE,FALSE,,,,,,,,,,,,
393,"WAGNER, ARCHIMAGO DE LA TORRE",,7/9,2.5,FALSE,,"Sorpresivo. Resguardo: Cada oponente crea una ficha libro. Las fichas libro aliadas ganan: ""1 de oro y Destruir: Hace 2 daños a cada oponente. Predicción 2."".",5,FALSE,3,3,6,,,https://i.postimg.cc/Kc0fH5Ss/WAGNER-ARCHIMAGO-DE-LA-TORRE-copia.jpg,,,,,,,,,,,,"{'idExpansion': 5, 'nombreExpansion': 'IMPERIO', 'fechaLanzamiento': '2024-07-04T19:48:17.000+00:00', 'visibilidad': True}","{'idTipo': 28, 'nombreTipo': 'UNIDAD'}",,"{'idSubTipo': 7, 'nombreSubTipo': 'MAGO'}",,"{'idSubTipo': 13, 'nombreSubTipo': 'REALEZA'}",,"{'idRareza': 3, 'nombreRareza': 'ORO'}",,,TRUE,TRUE,FALSE,FALSE,FALSE,FALSE,FALSE,FALSE,FALSE,FALSE,FALSE,,,FALSE,FALSE,FALSE,FALSE,FALSE,FALSE,TRUE,FALSE,FALSE,,TRUE,FALSE,FALSE,FALSE,TRUE,FALSE,FALSE,TRUE,FALSE,FALSE,FALSE,FALSE,FALSE,,,,,,,,,,,,
551,"YIAN, CULTOR DE ORDENES",,7/9,3.65,TRUE,,"Evasión. Guardián. Resguardo: 1 de oro y cada oponente crea una ficha de tesoro. Siempre que elijas 1, copia esa orden o efecto. Puedes elegir nuevos objetivos para la copia.",4,FALSE,5,2,5,,,"https://i.postimg.cc/cJ8KbWZj/YIAN,_CULTOR_DE_ORDENES_copia.webp",,,,,,,,,,,,"{'idExpansion': 6, 'nombreExpansion': 'ANCESTROS', 'fechaLanzamiento': '2024-11-19T03:36:06.000+00:00', 'visibilidad': True}","{'idTipo': 28, 'nombreTipo': 'UNIDAD'}",,"{'idSubTipo': 20, 'nombreSubTipo': 'DJINN'}",,"{'idSubTipo': 13, 'nombreSubTipo': 'REALEZA'}",,"{'idRareza': 3, 'nombreRareza': 'ORO'}",,,FALSE,TRUE,FALSE,TRUE,FALSE,FALSE,FALSE,FALSE,FALSE,FALSE,FALSE,,,TRUE,FALSE,FALSE,FALSE,FALSE,FALSE,TRUE,FALSE,FALSE,,TRUE,TRUE,FALSE,FALSE,TRUE,FALSE,FALSE,TRUE,FALSE,FALSE,FALSE,FALSE,FALSE,,,,,,,,,,,,
570,"YIEN, EL DESEO PERFECTO",,8/9,2.5,FALSE,,"Guardián. Resguardo: 3 de oro. Cuando juegues esta orden, puedes elegir todos los deseos de un permanente aliado (aunque ya fueran elegidos).",5,FALSE,,5,7,,,"https://i.postimg.cc/3R5yMqxw/YIEN,_EL_DESEO_PERFECTO_copia.webp",,,,,,,,,,,,"{'idExpansion': 6, 'nombreExpansion': 'ANCESTROS', 'fechaLanzamiento': '2024-11-19T03:36:06.000+00:00', 'visibilidad': True}","{'idTipo': 28, 'nombreTipo': 'UNIDAD'}",,"{'idSubTipo': 20, 'nombreSubTipo': 'DJINN'}",,"{'idSubTipo': 13, 'nombreSubTipo': 'REALEZA'}",,"{'idRareza': 1, 'nombreRareza': 'PLATA'}",,,FALSE,TRUE,FALSE,TRUE,FALSE,FALSE,FALSE,FALSE,FALSE,FALSE,FALSE,,,FALSE,FALSE,FALSE,FALSE,FALSE,FALSE,TRUE,FALSE,FALSE,,TRUE,FALSE,FALSE,FALSE,FALSE,FALSE,FALSE,TRUE,FALSE,FALSE,FALSE,FALSE,FALSE,,,,,,,,,,,,
552,"YION, CREADORA DE ILUSIONES",,7/9,1.65,TRUE,,"Evasión. Resguardo: 1 de oro. Si fueras a elegir por una acción que juegues o deseo, puedes elegir una opción más.",3,FALSE,5,2,4,,,"https://i.postimg.cc/RF7WvTWL/YION,_CREADORA_DE_ILUSIONES_copia.webp",,,,,,,,,,,,"{'idExpansion': 6, 'nombreExpansion': 'ANCESTROS', 'fechaLanzamiento': '2024-11-19T03:36:06.000+00:00', 'visibilidad': True}","{'idTipo': 28, 'nombreTipo': 'UNIDAD'}",,"{'idSubTipo': 20, 'nombreSubTipo': 'DJINN'}",,"{'idSubTipo': 13, 'nombreSubTipo': 'REALEZA'}",,"{'idRareza': 1, 'nombreRareza': 'PLATA'}",,,FALSE,TRUE,FALSE,FALSE,FALSE,FALSE,FALSE,FALSE,FALSE,FALSE,FALSE,,,TRUE,FALSE,FALSE,FALSE,FALSE,FALSE,TRUE,FALSE,FALSE,,TRUE,FALSE,FALSE,FALSE,TRUE,FALSE,FALSE,TRUE,FALSE,FALSE,FALSE,FALSE,FALSE,,,,,,,,,,,,
411,"YOR-NAN, MANIPULADOR ENERGETICO",,7/9,1.65,FALSE,,"Evasión. Sorpresivo. Resguardo: 1 de oro. Aparición en juego: Puedes mostrar la primera carta de tu Reino. Siempre que muestres una carta de coste 4 o más por efecto, cancela el efecto rival objetivo y naturaliza su fuente hasta que esta unidad deje el campo.",4,FALSE,1,3,4,,,https://i.postimg.cc/4xjW6msT/YOR-NAN-MANIPULADOR-ENERGETICO-copia.webp,,,,,,,,,,,,"{'idExpansion': 5, 'nombreExpansion': 'IMPERIO', 'fechaLanzamiento': '2024-07-04T19:48:17.000+00:00', 'visibilidad': True}","{'idTipo': 28, 'nombreTipo': 'UNIDAD'}",,"{'idSubTipo': 7, 'nombreSubTipo': 'MAGO'}","{'idSubTipo': 8, 'nombreSubTipo': 'ELEMENTAL'}","{'idSubTipo': 13, 'nombreSubTipo': 'REALEZA'}",,"{'idRareza': 4, 'nombreRareza': 'DIAMANTE'}",,,FALSE,TRUE,FALSE,FALSE,FALSE,FALSE,FALSE,FALSE,FALSE,FALSE,FALSE,,,TRUE,FALSE,FALSE,FALSE,FALSE,FALSE,TRUE,FALSE,FALSE,,TRUE,FALSE,FALSE,FALSE,TRUE,FALSE,FALSE,TRUE,FALSE,FALSE,FALSE,FALSE,FALSE,,,,,,,,,,,,
553,"YOYI, HERALDO DE LA DESTRUCCION",,8/9,3.1,FALSE,,Arrollar. Vigía. Resguardo: 1 de oro y te hace 2 daños. Aparición en juego: Destruye las unidades de resistencia 2 o menos.,5,FALSE,5,7,5,,,"https://i.postimg.cc/fyMJy0Xn/YOYI,_HERALDO_DE_LA_DESTRUCCION.webp",,,,,,,,,,,,"{'idExpansion': 6, 'nombreExpansion': 'ANCESTROS', 'fechaLanzamiento': '2024-11-19T03:36:06.000+00:00', 'visibilidad': True}","{'idTipo': 28, 'nombreTipo': 'UNIDAD'}",,"{'idSubTipo': 18, 'nombreSubTipo': 'GIGANTE'}",,"{'idSubTipo': 13, 'nombreSubTipo': 'REALEZA'}",,"{'idRareza': 1, 'nombreRareza': 'PLATA'}",,,FALSE,TRUE,FALSE,FALSE,FALSE,FALSE,TRUE,FALSE,FALSE,FALSE,FALSE,,,FALSE,FALSE,TRUE,FALSE,FALSE,TRUE,TRUE,FALSE,FALSE,,TRUE,FALSE,FALSE,FALSE,FALSE,FALSE,FALSE,TRUE,FALSE,FALSE,FALSE,FALSE,FALSE,,,,,,,,,,,,
575,ZONA DE TERREMOTO,,4/9,2,FALSE,,Agotar: Aplasta el tesoro agotado rival objetivo y este.,4,FALSE,4,1,3,,,https://i.postimg.cc/FzG1Lsgf/ZONA_DE_TERREMOTO_copia.webp,,,,,,,,,,,,"{'idExpansion': 6, 'nombreExpansion': 'ANCESTROS', 'fechaLanzamiento': '2024-11-19T03:36:06.000+00:00', 'visibilidad': True}","{'idTipo': 6, 'nombreTipo': 'TESORO'}",,,,,,"{'idRareza': 3, 'nombreRareza': 'ORO'}",,,FALSE,TRUE,FALSE,FALSE,FALSE,FALSE,FALSE,FALSE,FALSE,FALSE,FALSE,,,FALSE,FALSE,FALSE,FALSE,TRUE,FALSE,FALSE,FALSE,FALSE,,FALSE,FALSE,FALSE,FALSE,TRUE,TRUE,TRUE,TRUE,FALSE,FALSE,TRUE,FALSE,FALSE,,,,,,,,,,,,
,,,0/9,0,FALSE,,,,,,,,,,,,,,,,,,,,,,,,,,,,,,,,FALSE,FALSE,FALSE,FALSE,FALSE,FALSE,FALSE,FALSE,FALSE,FALSE,FALSE,,,FALSE,FALSE,FALSE,FALSE,FALSE,FALSE,FALSE,FALSE,FALSE,,FALSE,FALSE,FALSE,FALSE,TRUE,TRUE,TRUE,TRUE,TRUE,TRUE,TRUE,TRUE,TRUE,,,,,,,,,,,,
,,,0/9,0,FALSE,,,,,,,,,,,,,,,,,,,,,,,,,,,,,,,,FALSE,FALSE,FALSE,FALSE,FALSE,FALSE,FALSE,FALSE,FALSE,FALSE,FALSE,,,FALSE,FALSE,FALSE,FALSE,FALSE,FALSE,FALSE,FALSE,FALSE,,FALSE,FALSE,FALSE,FALSE,TRUE,TRUE,TRUE,TRUE,TRUE,TRUE,TRUE,TRUE,TRUE,,,,,,,,,,,,
,,,0/9,0,FALSE,,,,,,,,,,,,,,,,,,,,,,,,,,,,,,,,FALSE,FALSE,FALSE,FALSE,FALSE,FALSE,FALSE,FALSE,FALSE,FALSE,FALSE,,,FALSE,FALSE,FALSE,FALSE,FALSE,FALSE,FALSE,FALSE,FALSE,,FALSE,FALSE,FALSE,FALSE,TRUE,TRUE,TRUE,TRUE,TRUE,TRUE,TRUE,TRUE,TRUE,,,,,,,,,,,,
,,,0/9,0,FALSE,,,,,,,,,,,,,,,,,,,,,,,,,,,,,,,,FALSE,FALSE,FALSE,FALSE,FALSE,FALSE,FALSE,FALSE,FALSE,FALSE,FALSE,,,FALSE,FALSE,FALSE,FALSE,FALSE,FALSE,FALSE,FALSE,FALSE,,FALSE,FALSE,FALSE,FALSE,TRUE,TRUE,TRUE,TRUE,TRUE,TRUE,TRUE,TRUE,TRUE,,,,,,,,,,,,
,,,0/9,0,FALSE,,,,,,,,,,,,,,,,,,,,,,,,,,,,,,,,FALSE,FALSE,FALSE,FALSE,FALSE,FALSE,FALSE,FALSE,FALSE,FALSE,FALSE,,,FALSE,FALSE,FALSE,FALSE,FALSE,FALSE,FALSE,FALSE,FALSE,,FALSE,FALSE,FALSE,FALSE,TRUE,TRUE,TRUE,TRUE,TRUE,TRUE,TRUE,TRUE,TRUE,,,,,,,,,,,,
,,,0/9,0,FALSE,,,,,,,,,,,,,,,,,,,,,,,,,,,,,,,,FALSE,FALSE,FALSE,FALSE,FALSE,FALSE,FALSE,FALSE,FALSE,FALSE,FALSE,,,FALSE,FALSE,FALSE,FALSE,FALSE,FALSE,FALSE,FALSE,FALSE,,FALSE,FALSE,FALSE,FALSE,TRUE,TRUE,TRUE,TRUE,TRUE,TRUE,TRUE,TRUE,TRUE,,,,,,,,,,,,
,,,0/9,0,FALSE,,,,,,,,,,,,,,,,,,,,,,,,,,,,,,,,FALSE,FALSE,FALSE,FALSE,FALSE,FALSE,FALSE,FALSE,FALSE,FALSE,FALSE,,,FALSE,FALSE,FALSE,FALSE,FALSE,FALSE,FALSE,FALSE,FALSE,,FALSE,FALSE,FALSE,FALSE,TRUE,TRUE,TRUE,TRUE,TRUE,TRUE,TRUE,TRUE,TRUE,,,,,,,,,,,,
,,,0/9,0,FALSE,,,,,,,,,,,,,,,,,,,,,,,,,,,,,,,,FALSE,FALSE,FALSE,FALSE,FALSE,FALSE,FALSE,FALSE,FALSE,FALSE,FALSE,,,FALSE,FALSE,FALSE,FALSE,FALSE,FALSE,FALSE,FALSE,FALSE,,FALSE,FALSE,FALSE,FALSE,TRUE,TRUE,TRUE,TRUE,TRUE,TRUE,TRUE,TRUE,TRUE,,,,,,,,,,,,
,,,0/9,0,FALSE,,,,,,,,,,,,,,,,,,,,,,,,,,,,,,,,FALSE,FALSE,FALSE,FALSE,FALSE,FALSE,FALSE,FALSE,FALSE,FALSE,FALSE,,,FALSE,FALSE,FALSE,FALSE,FALSE,FALSE,FALSE,FALSE,FALSE,,FALSE,FALSE,FALSE,FALSE,TRUE,TRUE,TRUE,TRUE,TRUE,TRUE,TRUE,TRUE,TRUE,,,,,,,,,,,,
,,,0/9,0,FALSE,,,,,,,,,,,,,,,,,,,,,,,,,,,,,,,,FALSE,FALSE,FALSE,FALSE,FALSE,FALSE,FALSE,FALSE,FALSE,FALSE,FALSE,,,FALSE,FALSE,FALSE,FALSE,FALSE,FALSE,FALSE,FALSE,FALSE,,FALSE,FALSE,FALSE,FALSE,TRUE,TRUE,TRUE,TRUE,TRUE,TRUE,TRUE,TRUE,TRUE,,,,,,,,,,,,
,,,0/9,0,FALSE,,,,,,,,,,,,,,,,,,,,,,,,,,,,,,,,FALSE,FALSE,FALSE,FALSE,FALSE,FALSE,FALSE,FALSE,FALSE,FALSE,FALSE,,,FALSE,FALSE,FALSE,FALSE,FALSE,FALSE,FALSE,FALSE,FALSE,,FALSE,FALSE,FALSE,FALSE,TRUE,TRUE,TRUE,TRUE,TRUE,TRUE,TRUE,TRUE,TRUE,,,,,,,,,,,,
,,,0/9,0,FALSE,,,,,,,,,,,,,,,,,,,,,,,,,,,,,,,,FALSE,FALSE,FALSE,FALSE,FALSE,FALSE,FALSE,FALSE,FALSE,FALSE,FALSE,,,FALSE,FALSE,FALSE,FALSE,FALSE,FALSE,FALSE,FALSE,FALSE,,FALSE,FALSE,FALSE,FALSE,TRUE,TRUE,TRUE,TRUE,TRUE,TRUE,TRUE,TRUE,TRUE,,,,,,,,,,,,
,,,0/9,0,FALSE,,,,,,,,,,,,,,,,,,,,,,,,,,,,,,,,FALSE,FALSE,FALSE,FALSE,FALSE,FALSE,FALSE,FALSE,FALSE,FALSE,FALSE,,,FALSE,FALSE,FALSE,FALSE,FALSE,FALSE,FALSE,FALSE,FALSE,,FALSE,FALSE,FALSE,FALSE,TRUE,TRUE,TRUE,TRUE,TRUE,TRUE,TRUE,TRUE,TRUE,,,,,,,,,,,,
,,,0/9,0,FALSE,,,,,,,,,,,,,,,,,,,,,,,,,,,,,,,,FALSE,FALSE,FALSE,FALSE,FALSE,FALSE,FALSE,FALSE,FALSE,FALSE,FALSE,,,FALSE,FALSE,FALSE,FALSE,FALSE,FALSE,FALSE,FALSE,FALSE,,FALSE,FALSE,FALSE,FALSE,TRUE,TRUE,TRUE,TRUE,TRUE,TRUE,TRUE,TRUE,TRUE,,,,,,,,,,,,
,,,0/9,0,FALSE,,,,,,,,,,,,,,,,,,,,,,,,,,,,,,,,FALSE,FALSE,FALSE,FALSE,FALSE,FALSE,FALSE,FALSE,FALSE,FALSE,FALSE,,,FALSE,FALSE,FALSE,FALSE,FALSE,FALSE,FALSE,FALSE,FALSE,,FALSE,FALSE,FALSE,FALSE,TRUE,TRUE,TRUE,TRUE,TRUE,TRUE,TRUE,TRUE,TRUE,,,,,,,,,,,,
,,,0/9,0,FALSE,,,,,,,,,,,,,,,,,,,,,,,,,,,,,,,,FALSE,FALSE,FALSE,FALSE,FALSE,FALSE,FALSE,FALSE,FALSE,FALSE,FALSE,,,FALSE,FALSE,FALSE,FALSE,FALSE,FALSE,FALSE,FALSE,FALSE,,FALSE,FALSE,FALSE,FALSE,TRUE,TRUE,TRUE,TRUE,TRUE,TRUE,TRUE,TRUE,TRUE,,,,,,,,,,,,
,,,0/9,0,FALSE,,,,,,,,,,,,,,,,,,,,,,,,,,,,,,,,FALSE,FALSE,FALSE,FALSE,FALSE,FALSE,FALSE,FALSE,FALSE,FALSE,FALSE,,,FALSE,FALSE,FALSE,FALSE,FALSE,FALSE,FALSE,FALSE,FALSE,,FALSE,FALSE,FALSE,FALSE,TRUE,TRUE,TRUE,TRUE,TRUE,TRUE,TRUE,TRUE,TRUE,,,,,,,,,,,,
,,,0/9,0,FALSE,,,,,,,,,,,,,,,,,,,,,,,,,,,,,,,,FALSE,FALSE,FALSE,FALSE,FALSE,FALSE,FALSE,FALSE,FALSE,FALSE,FALSE,,,FALSE,FALSE,FALSE,FALSE,FALSE,FALSE,FALSE,FALSE,FALSE,,FALSE,FALSE,FALSE,FALSE,TRUE,TRUE,TRUE,TRUE,TRUE,TRUE,TRUE,TRUE,TRUE,,,,,,,,,,,,
,,,0/9,0,FALSE,,,,,,,,,,,,,,,,,,,,,,,,,,,,,,,,FALSE,FALSE,FALSE,FALSE,FALSE,FALSE,FALSE,FALSE,FALSE,FALSE,FALSE,,,FALSE,FALSE,FALSE,FALSE,FALSE,FALSE,FALSE,FALSE,FALSE,,FALSE,FALSE,FALSE,FALSE,TRUE,TRUE,TRUE,TRUE,TRUE,TRUE,TRUE,TRUE,TRUE,,,,,,,,,,,,
,,,0/9,0,FALSE,,,,,,,,,,,,,,,,,,,,,,,,,,,,,,,,FALSE,FALSE,FALSE,FALSE,FALSE,FALSE,FALSE,FALSE,FALSE,FALSE,FALSE,,,FALSE,FALSE,FALSE,FALSE,FALSE,FALSE,FALSE,FALSE,FALSE,,FALSE,FALSE,FALSE,FALSE,TRUE,TRUE,TRUE,TRUE,TRUE,TRUE,TRUE,TRUE,TRUE,,,,,,,,,,,,
,,,0/9,0,FALSE,,,,,,,,,,,,,,,,,,,,,,,,,,,,,,,,FALSE,FALSE,FALSE,FALSE,FALSE,FALSE,FALSE,FALSE,FALSE,FALSE,FALSE,,,FALSE,FALSE,FALSE,FALSE,FALSE,FALSE,FALSE,FALSE,FALSE,,FALSE,FALSE,FALSE,FALSE,TRUE,TRUE,TRUE,TRUE,TRUE,TRUE,TRUE,TRUE,TRUE,,,,,,,,,,,,
,,,0/9,0,FALSE,,,,,,,,,,,,,,,,,,,,,,,,,,,,,,,,FALSE,FALSE,FALSE,FALSE,FALSE,FALSE,FALSE,FALSE,FALSE,FALSE,FALSE,,,FALSE,FALSE,FALSE,FALSE,FALSE,FALSE,FALSE,FALSE,FALSE,,FALSE,FALSE,FALSE,FALSE,TRUE,TRUE,TRUE,TRUE,TRUE,TRUE,TRUE,TRUE,TRUE,,,,,,,,,,,,
,,,0/9,0,FALSE,,,,,,,,,,,,,,,,,,,,,,,,,,,,,,,,FALSE,FALSE,FALSE,FALSE,FALSE,FALSE,FALSE,FALSE,FALSE,FALSE,FALSE,,,FALSE,FALSE,FALSE,FALSE,FALSE,FALSE,FALSE,FALSE,FALSE,,FALSE,FALSE,FALSE,FALSE,TRUE,TRUE,TRUE,TRUE,TRUE,TRUE,TRUE,TRUE,TRUE,,,,,,,,,,,,
,,,0/9,0,FALSE,,,,,,,,,,,,,,,,,,,,,,,,,,,,,,,,FALSE,FALSE,FALSE,FALSE,FALSE,FALSE,FALSE,FALSE,FALSE,FALSE,FALSE,,,FALSE,FALSE,FALSE,FALSE,FALSE,FALSE,FALSE,FALSE,FALSE,,FALSE,FALSE,FALSE,FALSE,TRUE,TRUE,TRUE,TRUE,TRUE,TRUE,TRUE,TRUE,TRUE,,,,,,,,,,,,
,,,0/9,0,FALSE,,,,,,,,,,,,,,,,,,,,,,,,,,,,,,,,FALSE,FALSE,FALSE,FALSE,FALSE,FALSE,FALSE,FALSE,FALSE,FALSE,FALSE,,,FALSE,FALSE,FALSE,FALSE,FALSE,FALSE,FALSE,FALSE,FALSE,,FALSE,FALSE,FALSE,FALSE,TRUE,TRUE,TRUE,TRUE,TRUE,TRUE,TRUE,TRUE,TRUE,,,,,,,,,,,,
,,,0/9,0,FALSE,,,,,,,,,,,,,,,,,,,,,,,,,,,,,,,,FALSE,FALSE,FALSE,FALSE,FALSE,FALSE,FALSE,FALSE,FALSE,FALSE,FALSE,,,FALSE,FALSE,FALSE,FALSE,FALSE,FALSE,FALSE,FALSE,FALSE,,FALSE,FALSE,FALSE,FALSE,TRUE,TRUE,TRUE,TRUE,TRUE,TRUE,TRUE,TRUE,TRUE,,,,,,,,,,,,
,,,0/9,0,FALSE,,,,,,,,,,,,,,,,,,,,,,,,,,,,,,,,FALSE,FALSE,FALSE,FALSE,FALSE,FALSE,FALSE,FALSE,FALSE,FALSE,FALSE,,,FALSE,FALSE,FALSE,FALSE,FALSE,FALSE,FALSE,FALSE,FALSE,,FALSE,FALSE,FALSE,FALSE,TRUE,TRUE,TRUE,TRUE,TRUE,TRUE,TRUE,TRUE,TRUE,,,,,,,,,,,,
,,,0/9,0,FALSE,,,,,,,,,,,,,,,,,,,,,,,,,,,,,,,,FALSE,FALSE,FALSE,FALSE,FALSE,FALSE,FALSE,FALSE,FALSE,FALSE,FALSE,,,FALSE,FALSE,FALSE,FALSE,FALSE,FALSE,FALSE,FALSE,FALSE,,FALSE,FALSE,FALSE,FALSE,TRUE,TRUE,TRUE,TRUE,TRUE,TRUE,TRUE,TRUE,TRUE,,,,,,,,,,,,
,,,0/9,0,FALSE,,,,,,,,,,,,,,,,,,,,,,,,,,,,,,,,FALSE,FALSE,FALSE,FALSE,FALSE,FALSE,FALSE,FALSE,FALSE,FALSE,FALSE,,,FALSE,FALSE,FALSE,FALSE,FALSE,FALSE,FALSE,FALSE,FALSE,,FALSE,FALSE,FALSE,FALSE,TRUE,TRUE,TRUE,TRUE,TRUE,TRUE,TRUE,TRUE,TRUE,,,,,,,,,,,,
,,,0/9,0,FALSE,,,,,,,,,,,,,,,,,,,,,,,,,,,,,,,,FALSE,FALSE,FALSE,FALSE,FALSE,FALSE,FALSE,FALSE,FALSE,FALSE,FALSE,,,FALSE,FALSE,FALSE,FALSE,FALSE,FALSE,FALSE,FALSE,FALSE,,FALSE,FALSE,FALSE,FALSE,TRUE,TRUE,TRUE,TRUE,TRUE,TRUE,TRUE,TRUE,TRUE,,,,,,,,,,,,
,,,0/9,0,FALSE,,,,,,,,,,,,,,,,,,,,,,,,,,,,,,,,FALSE,FALSE,FALSE,FALSE,FALSE,FALSE,FALSE,FALSE,FALSE,FALSE,FALSE,,,FALSE,FALSE,FALSE,FALSE,FALSE,FALSE,FALSE,FALSE,FALSE,,FALSE,FALSE,FALSE,FALSE,TRUE,TRUE,TRUE,TRUE,TRUE,TRUE,TRUE,TRUE,TRUE,,,,,,,,,,,,
,,,0/9,0,FALSE,,,,,,,,,,,,,,,,,,,,,,,,,,,,,,,,FALSE,FALSE,FALSE,FALSE,FALSE,FALSE,FALSE,FALSE,FALSE,FALSE,FALSE,,,FALSE,FALSE,FALSE,FALSE,FALSE,FALSE,FALSE,FALSE,FALSE,,FALSE,FALSE,FALSE,FALSE,TRUE,TRUE,TRUE,TRUE,TRUE,TRUE,TRUE,TRUE,TRUE,,,,,,,,,,,,
,,,0/9,0,FALSE,,,,,,,,,,,,,,,,,,,,,,,,,,,,,,,,FALSE,FALSE,FALSE,FALSE,FALSE,FALSE,FALSE,FALSE,FALSE,FALSE,FALSE,,,FALSE,FALSE,FALSE,FALSE,FALSE,FALSE,FALSE,FALSE,FALSE,,FALSE,FALSE,FALSE,FALSE,TRUE,TRUE,TRUE,TRUE,TRUE,TRUE,TRUE,TRUE,TRUE,,,,,,,,,,,,
,,,0/9,0,FALSE,,,,,,,,,,,,,,,,,,,,,,,,,,,,,,,,FALSE,FALSE,FALSE,FALSE,FALSE,FALSE,FALSE,FALSE,FALSE,FALSE,FALSE,,,FALSE,FALSE,FALSE,FALSE,FALSE,FALSE,FALSE,FALSE,FALSE,,FALSE,FALSE,FALSE,FALSE,TRUE,TRUE,TRUE,TRUE,TRUE,TRUE,TRUE,TRUE,TRUE,,,,,,,,,,,,
,,,0/9,0,FALSE,,,,,,,,,,,,,,,,,,,,,,,,,,,,,,,,FALSE,FALSE,FALSE,FALSE,FALSE,FALSE,FALSE,FALSE,FALSE,FALSE,FALSE,,,FALSE,FALSE,FALSE,FALSE,FALSE,FALSE,FALSE,FALSE,FALSE,,FALSE,FALSE,FALSE,FALSE,TRUE,TRUE,TRUE,TRUE,TRUE,TRUE,TRUE,TRUE,TRUE,,,,,,,,,,,,
,,,0/9,0,FALSE,,,,,,,,,,,,,,,,,,,,,,,,,,,,,,,,FALSE,FALSE,FALSE,FALSE,FALSE,FALSE,FALSE,FALSE,FALSE,FALSE,FALSE,,,FALSE,FALSE,FALSE,FALSE,FALSE,FALSE,FALSE,FALSE,FALSE,,FALSE,FALSE,FALSE,FALSE,TRUE,TRUE,TRUE,TRUE,TRUE,TRUE,TRUE,TRUE,TRUE,,,,,,,,,,,,
,,,0/9,0,FALSE,,,,,,,,,,,,,,,,,,,,,,,,,,,,,,,,FALSE,FALSE,FALSE,FALSE,FALSE,FALSE,FALSE,FALSE,FALSE,FALSE,FALSE,,,FALSE,FALSE,FALSE,FALSE,FALSE,FALSE,FALSE,FALSE,FALSE,,FALSE,FALSE,FALSE,FALSE,TRUE,TRUE,TRUE,TRUE,TRUE,TRUE,TRUE,TRUE,TRUE,,,,,,,,,,,,
,,,0/9,0,FALSE,,,,,,,,,,,,,,,,,,,,,,,,,,,,,,,,FALSE,FALSE,FALSE,FALSE,FALSE,FALSE,FALSE,FALSE,FALSE,FALSE,FALSE,,,FALSE,FALSE,FALSE,FALSE,FALSE,FALSE,FALSE,FALSE,FALSE,,FALSE,FALSE,FALSE,FALSE,TRUE,TRUE,TRUE,TRUE,TRUE,TRUE,TRUE,TRUE,TRUE,,,,,,,,,,,,
,,,0/9,0,FALSE,,,,,,,,,,,,,,,,,,,,,,,,,,,,,,,,FALSE,FALSE,FALSE,FALSE,FALSE,FALSE,FALSE,FALSE,FALSE,FALSE,FALSE,,,FALSE,FALSE,FALSE,FALSE,FALSE,FALSE,FALSE,FALSE,FALSE,,FALSE,FALSE,FALSE,FALSE,TRUE,TRUE,TRUE,TRUE,TRUE,TRUE,TRUE,TRUE,TRUE,,,,,,,,,,,,
,,,0/9,0,FALSE,,,,,,,,,,,,,,,,,,,,,,,,,,,,,,,,FALSE,FALSE,FALSE,FALSE,FALSE,FALSE,FALSE,FALSE,FALSE,FALSE,FALSE,,,FALSE,FALSE,FALSE,FALSE,FALSE,FALSE,FALSE,FALSE,FALSE,,FALSE,FALSE,FALSE,FALSE,TRUE,TRUE,TRUE,TRUE,TRUE,TRUE,TRUE,TRUE,TRUE,,,,,,,,,,,,
,,,0/9,0,FALSE,,,,,,,,,,,,,,,,,,,,,,,,,,,,,,,,FALSE,FALSE,FALSE,FALSE,FALSE,FALSE,FALSE,FALSE,FALSE,FALSE,FALSE,,,FALSE,FALSE,FALSE,FALSE,FALSE,FALSE,FALSE,FALSE,FALSE,,FALSE,FALSE,FALSE,FALSE,TRUE,TRUE,TRUE,TRUE,TRUE,TRUE,TRUE,TRUE,TRUE,,,,,,,,,,,,
,,,0/9,0,FALSE,,,,,,,,,,,,,,,,,,,,,,,,,,,,,,,,FALSE,FALSE,FALSE,FALSE,FALSE,FALSE,FALSE,FALSE,FALSE,FALSE,FALSE,,,FALSE,FALSE,FALSE,FALSE,FALSE,FALSE,FALSE,FALSE,FALSE,,FALSE,FALSE,FALSE,FALSE,TRUE,TRUE,TRUE,TRUE,TRUE,TRUE,TRUE,TRUE,TRUE,,,,,,,,,,,,
,,,0/9,0,FALSE,,,,,,,,,,,,,,,,,,,,,,,,,,,,,,,,FALSE,FALSE,FALSE,FALSE,FALSE,FALSE,FALSE,FALSE,FALSE,FALSE,FALSE,,,FALSE,FALSE,FALSE,FALSE,FALSE,FALSE,FALSE,FALSE,FALSE,,FALSE,FALSE,FALSE,FALSE,TRUE,TRUE,TRUE,TRUE,TRUE,TRUE,TRUE,TRUE,TRUE,,,,,,,,,,,,
,,,0/9,0,FALSE,,,,,,,,,,,,,,,,,,,,,,,,,,,,,,,,FALSE,FALSE,FALSE,FALSE,FALSE,FALSE,FALSE,FALSE,FALSE,FALSE,FALSE,,,FALSE,FALSE,FALSE,FALSE,FALSE,FALSE,FALSE,FALSE,FALSE,,FALSE,FALSE,FALSE,FALSE,TRUE,TRUE,TRUE,TRUE,TRUE,TRUE,TRUE,TRUE,TRUE,,,,,,,,,,,,
,,,0/9,0,FALSE,,,,,,,,,,,,,,,,,,,,,,,,,,,,,,,,FALSE,FALSE,FALSE,FALSE,FALSE,FALSE,FALSE,FALSE,FALSE,FALSE,FALSE,,,FALSE,FALSE,FALSE,FALSE,FALSE,FALSE,FALSE,FALSE,FALSE,,FALSE,FALSE,FALSE,FALSE,TRUE,TRUE,TRUE,TRUE,TRUE,TRUE,TRUE,TRUE,TRUE,,,,,,,,,,,,
,,,0/9,0,FALSE,,,,,,,,,,,,,,,,,,,,,,,,,,,,,,,,FALSE,FALSE,FALSE,FALSE,FALSE,FALSE,FALSE,FALSE,FALSE,FALSE,FALSE,,,FALSE,FALSE,FALSE,FALSE,FALSE,FALSE,FALSE,FALSE,FALSE,,FALSE,FALSE,FALSE,FALSE,TRUE,TRUE,TRUE,TRUE,TRUE,TRUE,TRUE,TRUE,TRUE,,,,,,,,,,,,
,,,0/9,0,FALSE,,,,,,,,,,,,,,,,,,,,,,,,,,,,,,,,FALSE,FALSE,FALSE,FALSE,FALSE,FALSE,FALSE,FALSE,FALSE,FALSE,FALSE,,,FALSE,FALSE,FALSE,FALSE,FALSE,FALSE,FALSE,FALSE,FALSE,,FALSE,FALSE,FALSE,FALSE,TRUE,TRUE,TRUE,TRUE,TRUE,TRUE,TRUE,TRUE,TRUE,,,,,,,,,,,,
,,,0/9,0,FALSE,,,,,,,,,,,,,,,,,,,,,,,,,,,,,,,,FALSE,FALSE,FALSE,FALSE,FALSE,FALSE,FALSE,FALSE,FALSE,FALSE,FALSE,,,FALSE,FALSE,FALSE,FALSE,FALSE,FALSE,FALSE,FALSE,FALSE,,FALSE,FALSE,FALSE,FALSE,TRUE,TRUE,TRUE,TRUE,TRUE,TRUE,TRUE,TRUE,TRUE,,,,,,,,,,,,
,,,0/9,0,FALSE,,,,,,,,,,,,,,,,,,,,,,,,,,,,,,,,FALSE,FALSE,FALSE,FALSE,FALSE,FALSE,FALSE,FALSE,FALSE,FALSE,FALSE,,,FALSE,FALSE,FALSE,FALSE,FALSE,FALSE,FALSE,FALSE,FALSE,,FALSE,FALSE,FALSE,FALSE,TRUE,TRUE,TRUE,TRUE,TRUE,TRUE,TRUE,TRUE,TRUE,,,,,,,,,,,,
,,,0/9,0,FALSE,,,,,,,,,,,,,,,,,,,,,,,,,,,,,,,,FALSE,FALSE,FALSE,FALSE,FALSE,FALSE,FALSE,FALSE,FALSE,FALSE,FALSE,,,FALSE,FALSE,FALSE,FALSE,FALSE,FALSE,FALSE,FALSE,FALSE,,FALSE,FALSE,FALSE,FALSE,TRUE,TRUE,TRUE,TRUE,TRUE,TRUE,TRUE,TRUE,TRUE,,,,,,,,,,,,
,,,0/9,0,FALSE,,,,,,,,,,,,,,,,,,,,,,,,,,,,,,,,FALSE,FALSE,FALSE,FALSE,FALSE,FALSE,FALSE,FALSE,FALSE,FALSE,FALSE,,,FALSE,FALSE,FALSE,FALSE,FALSE,FALSE,FALSE,FALSE,FALSE,,FALSE,FALSE,FALSE,FALSE,TRUE,TRUE,TRUE,TRUE,TRUE,TRUE,TRUE,TRUE,TRUE,,,,,,,,,,,,
,,,0/9,0,FALSE,,,,,,,,,,,,,,,,,,,,,,,,,,,,,,,,FALSE,FALSE,FALSE,FALSE,FALSE,FALSE,FALSE,FALSE,FALSE,FALSE,FALSE,,,FALSE,FALSE,FALSE,FALSE,FALSE,FALSE,FALSE,FALSE,FALSE,,FALSE,FALSE,FALSE,FALSE,TRUE,TRUE,TRUE,TRUE,TRUE,TRUE,TRUE,TRUE,TRUE,,,,,,,,,,,,
,,,0/9,0,FALSE,,,,,,,,,,,,,,,,,,,,,,,,,,,,,,,,FALSE,FALSE,FALSE,FALSE,FALSE,FALSE,FALSE,FALSE,FALSE,FALSE,FALSE,,,FALSE,FALSE,FALSE,FALSE,FALSE,FALSE,FALSE,FALSE,FALSE,,FALSE,FALSE,FALSE,FALSE,TRUE,TRUE,TRUE,TRUE,TRUE,TRUE,TRUE,TRUE,TRUE,,,,,,,,,,,,
,,,0/9,0,FALSE,,,,,,,,,,,,,,,,,,,,,,,,,,,,,,,,FALSE,FALSE,FALSE,FALSE,FALSE,FALSE,FALSE,FALSE,FALSE,FALSE,FALSE,,,FALSE,FALSE,FALSE,FALSE,FALSE,FALSE,FALSE,FALSE,FALSE,,FALSE,FALSE,FALSE,FALSE,TRUE,TRUE,TRUE,TRUE,TRUE,TRUE,TRUE,TRUE,TRUE,,,,,,,,,,,,
,,,0/9,0,FALSE,,,,,,,,,,,,,,,,,,,,,,,,,,,,,,,,FALSE,FALSE,FALSE,FALSE,FALSE,FALSE,FALSE,FALSE,FALSE,FALSE,FALSE,,,FALSE,FALSE,FALSE,FALSE,FALSE,FALSE,FALSE,FALSE,FALSE,,FALSE,FALSE,FALSE,FALSE,TRUE,TRUE,TRUE,TRUE,TRUE,TRUE,TRUE,TRUE,TRUE,,,,,,,,,,,,
,,,0/9,0,FALSE,,,,,,,,,,,,,,,,,,,,,,,,,,,,,,,,FALSE,FALSE,FALSE,FALSE,FALSE,FALSE,FALSE,FALSE,FALSE,FALSE,FALSE,,,FALSE,FALSE,FALSE,FALSE,FALSE,FALSE,FALSE,FALSE,FALSE,,FALSE,FALSE,FALSE,FALSE,TRUE,TRUE,TRUE,TRUE,TRUE,TRUE,TRUE,TRUE,TRUE,,,,,,,,,,,,
,,,0/9,0,FALSE,,,,,,,,,,,,,,,,,,,,,,,,,,,,,,,,FALSE,FALSE,FALSE,FALSE,FALSE,FALSE,FALSE,FALSE,FALSE,FALSE,FALSE,,,FALSE,FALSE,FALSE,FALSE,FALSE,FALSE,FALSE,FALSE,FALSE,,FALSE,FALSE,FALSE,FALSE,TRUE,TRUE,TRUE,TRUE,TRUE,TRUE,TRUE,TRUE,TRUE,,,,,,,,,,,,
,,,0/9,0,FALSE,,,,,,,,,,,,,,,,,,,,,,,,,,,,,,,,FALSE,FALSE,FALSE,FALSE,FALSE,FALSE,FALSE,FALSE,FALSE,FALSE,FALSE,,,FALSE,FALSE,FALSE,FALSE,FALSE,FALSE,FALSE,FALSE,FALSE,,FALSE,FALSE,FALSE,FALSE,TRUE,TRUE,TRUE,TRUE,TRUE,TRUE,TRUE,TRUE,TRUE,,,,,,,,,,,,
,,,0/9,0,FALSE,,,,,,,,,,,,,,,,,,,,,,,,,,,,,,,,FALSE,FALSE,FALSE,FALSE,FALSE,FALSE,FALSE,FALSE,FALSE,FALSE,FALSE,,,FALSE,FALSE,FALSE,FALSE,FALSE,FALSE,FALSE,FALSE,FALSE,,FALSE,FALSE,FALSE,FALSE,TRUE,TRUE,TRUE,TRUE,TRUE,TRUE,TRUE,TRUE,TRUE,,,,,,,,,,,,
,,,0/9,0,FALSE,,,,,,,,,,,,,,,,,,,,,,,,,,,,,,,,FALSE,FALSE,FALSE,FALSE,FALSE,FALSE,FALSE,FALSE,FALSE,FALSE,FALSE,,,FALSE,FALSE,FALSE,FALSE,FALSE,FALSE,FALSE,FALSE,FALSE,,FALSE,FALSE,FALSE,FALSE,TRUE,TRUE,TRUE,TRUE,TRUE,TRUE,TRUE,TRUE,TRUE,,,,,,,,,,,,
,,,0/9,0,FALSE,,,,,,,,,,,,,,,,,,,,,,,,,,,,,,,,FALSE,FALSE,FALSE,FALSE,FALSE,FALSE,FALSE,FALSE,FALSE,FALSE,FALSE,,,FALSE,FALSE,FALSE,FALSE,FALSE,FALSE,FALSE,FALSE,FALSE,,FALSE,FALSE,FALSE,FALSE,TRUE,TRUE,TRUE,TRUE,TRUE,TRUE,TRUE,TRUE,TRUE,,,,,,,,,,,,
,,,0/9,0,FALSE,,,,,,,,,,,,,,,,,,,,,,,,,,,,,,,,FALSE,FALSE,FALSE,FALSE,FALSE,FALSE,FALSE,FALSE,FALSE,FALSE,FALSE,,,FALSE,FALSE,FALSE,FALSE,FALSE,FALSE,FALSE,FALSE,FALSE,,FALSE,FALSE,FALSE,FALSE,TRUE,TRUE,TRUE,TRUE,TRUE,TRUE,TRUE,TRUE,TRUE,,,,,,,,,,,,
,,,0/9,0,FALSE,,,,,,,,,,,,,,,,,,,,,,,,,,,,,,,,FALSE,FALSE,FALSE,FALSE,FALSE,FALSE,FALSE,FALSE,FALSE,FALSE,FALSE,,,FALSE,FALSE,FALSE,FALSE,FALSE,FALSE,FALSE,FALSE,FALSE,,FALSE,FALSE,FALSE,FALSE,TRUE,TRUE,TRUE,TRUE,TRUE,TRUE,TRUE,TRUE,TRUE,,,,,,,,,,,,
,,,0/9,0,FALSE,,,,,,,,,,,,,,,,,,,,,,,,,,,,,,,,FALSE,FALSE,FALSE,FALSE,FALSE,FALSE,FALSE,FALSE,FALSE,FALSE,FALSE,,,FALSE,FALSE,FALSE,FALSE,FALSE,FALSE,FALSE,FALSE,FALSE,,FALSE,FALSE,FALSE,FALSE,TRUE,TRUE,TRUE,TRUE,TRUE,TRUE,TRUE,TRUE,TRUE,,,,,,,,,,,,
,,,0/9,0,FALSE,,,,,,,,,,,,,,,,,,,,,,,,,,,,,,,,FALSE,FALSE,FALSE,FALSE,FALSE,FALSE,FALSE,FALSE,FALSE,FALSE,FALSE,,,FALSE,FALSE,FALSE,FALSE,FALSE,FALSE,FALSE,FALSE,FALSE,,FALSE,FALSE,FALSE,FALSE,TRUE,TRUE,TRUE,TRUE,TRUE,TRUE,TRUE,TRUE,TRUE,,,,,,,,,,,,
,,,0/9,0,FALSE,,,,,,,,,,,,,,,,,,,,,,,,,,,,,,,,FALSE,FALSE,FALSE,FALSE,FALSE,FALSE,FALSE,FALSE,FALSE,FALSE,FALSE,,,FALSE,FALSE,FALSE,FALSE,FALSE,FALSE,FALSE,FALSE,FALSE,,FALSE,FALSE,FALSE,FALSE,TRUE,TRUE,TRUE,TRUE,TRUE,TRUE,TRUE,TRUE,TRUE,,,,,,,,,,,,
,,,0/9,0,FALSE,,,,,,,,,,,,,,,,,,,,,,,,,,,,,,,,FALSE,FALSE,FALSE,FALSE,FALSE,FALSE,FALSE,FALSE,FALSE,FALSE,FALSE,,,FALSE,FALSE,FALSE,FALSE,FALSE,FALSE,FALSE,FALSE,FALSE,,FALSE,FALSE,FALSE,FALSE,TRUE,TRUE,TRUE,TRUE,TRUE,TRUE,TRUE,TRUE,TRUE,,,,,,,,,,,,
,,,0/9,0,FALSE,,,,,,,,,,,,,,,,,,,,,,,,,,,,,,,,FALSE,FALSE,FALSE,FALSE,FALSE,FALSE,FALSE,FALSE,FALSE,FALSE,FALSE,,,FALSE,FALSE,FALSE,FALSE,FALSE,FALSE,FALSE,FALSE,FALSE,,FALSE,FALSE,FALSE,FALSE,TRUE,TRUE,TRUE,TRUE,TRUE,TRUE,TRUE,TRUE,TRUE,,,,,,,,,,,,
,,,0/9,0,FALSE,,,,,,,,,,,,,,,,,,,,,,,,,,,,,,,,FALSE,FALSE,FALSE,FALSE,FALSE,FALSE,FALSE,FALSE,FALSE,FALSE,FALSE,,,FALSE,FALSE,FALSE,FALSE,FALSE,FALSE,FALSE,FALSE,FALSE,,FALSE,FALSE,FALSE,FALSE,TRUE,TRUE,TRUE,TRUE,TRUE,TRUE,TRUE,TRUE,TRUE,,,,,,,,,,,,
,,,0/9,0,FALSE,,,,,,,,,,,,,,,,,,,,,,,,,,,,,,,,FALSE,FALSE,FALSE,FALSE,FALSE,FALSE,FALSE,FALSE,FALSE,FALSE,FALSE,,,FALSE,FALSE,FALSE,FALSE,FALSE,FALSE,FALSE,FALSE,FALSE,,FALSE,FALSE,FALSE,FALSE,TRUE,TRUE,TRUE,TRUE,TRUE,TRUE,TRUE,TRUE,TRUE,,,,,,,,,,,,
,,,0/9,0,FALSE,,,,,,,,,,,,,,,,,,,,,,,,,,,,,,,,FALSE,FALSE,FALSE,FALSE,FALSE,FALSE,FALSE,FALSE,FALSE,FALSE,FALSE,,,FALSE,FALSE,FALSE,FALSE,FALSE,FALSE,FALSE,FALSE,FALSE,,FALSE,FALSE,FALSE,FALSE,TRUE,TRUE,TRUE,TRUE,TRUE,TRUE,TRUE,TRUE,TRUE,,,,,,,,,,,,
,,,0/9,0,FALSE,,,,,,,,,,,,,,,,,,,,,,,,,,,,,,,,FALSE,FALSE,FALSE,FALSE,FALSE,FALSE,FALSE,FALSE,FALSE,FALSE,FALSE,,,FALSE,FALSE,FALSE,FALSE,FALSE,FALSE,FALSE,FALSE,FALSE,,FALSE,FALSE,FALSE,FALSE,TRUE,TRUE,TRUE,TRUE,TRUE,TRUE,TRUE,TRUE,TRUE,,,,,,,,,,,,
,,,0/9,0,FALSE,,,,,,,,,,,,,,,,,,,,,,,,,,,,,,,,FALSE,FALSE,FALSE,FALSE,FALSE,FALSE,FALSE,FALSE,FALSE,FALSE,FALSE,,,FALSE,FALSE,FALSE,FALSE,FALSE,FALSE,FALSE,FALSE,FALSE,,FALSE,FALSE,FALSE,FALSE,TRUE,TRUE,TRUE,TRUE,TRUE,TRUE,TRUE,TRUE,TRUE,,,,,,,,,,,,
,,,0/9,0,FALSE,,,,,,,,,,,,,,,,,,,,,,,,,,,,,,,,FALSE,FALSE,FALSE,FALSE,FALSE,FALSE,FALSE,FALSE,FALSE,FALSE,FALSE,,,FALSE,FALSE,FALSE,FALSE,FALSE,FALSE,FALSE,FALSE,FALSE,,FALSE,FALSE,FALSE,FALSE,TRUE,TRUE,TRUE,TRUE,TRUE,TRUE,TRUE,TRUE,TRUE,,,,,,,,,,,,
,,,0/9,0,FALSE,,,,,,,,,,,,,,,,,,,,,,,,,,,,,,,,FALSE,FALSE,FALSE,FALSE,FALSE,FALSE,FALSE,FALSE,FALSE,FALSE,FALSE,,,FALSE,FALSE,FALSE,FALSE,FALSE,FALSE,FALSE,FALSE,FALSE,,FALSE,FALSE,FALSE,FALSE,TRUE,TRUE,TRUE,TRUE,TRUE,TRUE,TRUE,TRUE,TRUE,,,,,,,,,,,,
,,,0/9,0,FALSE,,,,,,,,,,,,,,,,,,,,,,,,,,,,,,,,FALSE,FALSE,FALSE,FALSE,FALSE,FALSE,FALSE,FALSE,FALSE,FALSE,FALSE,,,FALSE,FALSE,FALSE,FALSE,FALSE,FALSE,FALSE,FALSE,FALSE,,FALSE,FALSE,FALSE,FALSE,TRUE,TRUE,TRUE,TRUE,TRUE,TRUE,TRUE,TRUE,TRUE,,,,,,,,,,,,
,,,0/9,0,FALSE,,,,,,,,,,,,,,,,,,,,,,,,,,,,,,,,FALSE,FALSE,FALSE,FALSE,FALSE,FALSE,FALSE,FALSE,FALSE,FALSE,FALSE,,,FALSE,FALSE,FALSE,FALSE,FALSE,FALSE,FALSE,FALSE,FALSE,,FALSE,FALSE,FALSE,FALSE,TRUE,TRUE,TRUE,TRUE,TRUE,TRUE,TRUE,TRUE,TRUE,,,,,,,,,,,,
,,,0/9,0,FALSE,,,,,,,,,,,,,,,,,,,,,,,,,,,,,,,,FALSE,FALSE,FALSE,FALSE,FALSE,FALSE,FALSE,FALSE,FALSE,FALSE,FALSE,,,FALSE,FALSE,FALSE,FALSE,FALSE,FALSE,FALSE,FALSE,FALSE,,FALSE,FALSE,FALSE,FALSE,TRUE,TRUE,TRUE,TRUE,TRUE,TRUE,TRUE,TRUE,TRUE,,,,,,,,,,,,
,,,0/9,0,FALSE,,,,,,,,,,,,,,,,,,,,,,,,,,,,,,,,FALSE,FALSE,FALSE,FALSE,FALSE,FALSE,FALSE,FALSE,FALSE,FALSE,FALSE,,,FALSE,FALSE,FALSE,FALSE,FALSE,FALSE,FALSE,FALSE,FALSE,,FALSE,FALSE,FALSE,FALSE,TRUE,TRUE,TRUE,TRUE,TRUE,TRUE,TRUE,TRUE,TRUE,,,,,,,,,,,,
,,,0/9,0,FALSE,,,,,,,,,,,,,,,,,,,,,,,,,,,,,,,,FALSE,FALSE,FALSE,FALSE,FALSE,FALSE,FALSE,FALSE,FALSE,FALSE,FALSE,,,FALSE,FALSE,FALSE,FALSE,FALSE,FALSE,FALSE,FALSE,FALSE,,FALSE,FALSE,FALSE,FALSE,TRUE,TRUE,TRUE,TRUE,TRUE,TRUE,TRUE,TRUE,TRUE,,,,,,,,,,,,
,,,0/9,0,FALSE,,,,,,,,,,,,,,,,,,,,,,,,,,,,,,,,FALSE,FALSE,FALSE,FALSE,FALSE,FALSE,FALSE,FALSE,FALSE,FALSE,FALSE,,,FALSE,FALSE,FALSE,FALSE,FALSE,FALSE,FALSE,FALSE,FALSE,,FALSE,FALSE,FALSE,FALSE,TRUE,TRUE,TRUE,TRUE,TRUE,TRUE,TRUE,TRUE,TRUE,,,,,,,,,,,,
,,,0/9,0,FALSE,,,,,,,,,,,,,,,,,,,,,,,,,,,,,,,,FALSE,FALSE,FALSE,FALSE,FALSE,FALSE,FALSE,FALSE,FALSE,FALSE,FALSE,,,FALSE,FALSE,FALSE,FALSE,FALSE,FALSE,FALSE,FALSE,FALSE,,FALSE,FALSE,FALSE,FALSE,TRUE,TRUE,TRUE,TRUE,TRUE,TRUE,TRUE,TRUE,TRUE,,,,,,,,,,,,
,,,0/9,0,FALSE,,,,,,,,,,,,,,,,,,,,,,,,,,,,,,,,FALSE,FALSE,FALSE,FALSE,FALSE,FALSE,FALSE,FALSE,FALSE,FALSE,FALSE,,,FALSE,FALSE,FALSE,FALSE,FALSE,FALSE,FALSE,FALSE,FALSE,,FALSE,FALSE,FALSE,FALSE,TRUE,TRUE,TRUE,TRUE,TRUE,TRUE,TRUE,TRUE,TRUE,,,,,,,,,,,,
,,,0/9,0,FALSE,,,,,,,,,,,,,,,,,,,,,,,,,,,,,,,,FALSE,FALSE,FALSE,FALSE,FALSE,FALSE,FALSE,FALSE,FALSE,FALSE,FALSE,,,FALSE,FALSE,FALSE,FALSE,FALSE,FALSE,FALSE,FALSE,FALSE,,FALSE,FALSE,FALSE,FALSE,TRUE,TRUE,TRUE,TRUE,TRUE,TRUE,TRUE,TRUE,TRUE,,,,,,,,,,,,
,,,0/9,0,FALSE,,,,,,,,,,,,,,,,,,,,,,,,,,,,,,,,FALSE,FALSE,FALSE,FALSE,FALSE,FALSE,FALSE,FALSE,FALSE,FALSE,FALSE,,,FALSE,FALSE,FALSE,FALSE,FALSE,FALSE,FALSE,FALSE,FALSE,,FALSE,FALSE,FALSE,FALSE,TRUE,TRUE,TRUE,TRUE,TRUE,TRUE,TRUE,TRUE,TRUE,,,,,,,,,,,,
,,,0/9,0,FALSE,,,,,,,,,,,,,,,,,,,,,,,,,,,,,,,,FALSE,FALSE,FALSE,FALSE,FALSE,FALSE,FALSE,FALSE,FALSE,FALSE,FALSE,,,FALSE,FALSE,FALSE,FALSE,FALSE,FALSE,FALSE,FALSE,FALSE,,FALSE,FALSE,FALSE,FALSE,TRUE,TRUE,TRUE,TRUE,TRUE,TRUE,TRUE,TRUE,TRUE,,,,,,,,,,,,
,,,0/9,0,FALSE,,,,,,,,,,,,,,,,,,,,,,,,,,,,,,,,FALSE,FALSE,FALSE,FALSE,FALSE,FALSE,FALSE,FALSE,FALSE,FALSE,FALSE,,,FALSE,FALSE,FALSE,FALSE,FALSE,FALSE,FALSE,FALSE,FALSE,,FALSE,FALSE,FALSE,FALSE,TRUE,TRUE,TRUE,TRUE,TRUE,TRUE,TRUE,TRUE,TRUE,,,,,,,,,,,,
,,,0/9,0,FALSE,,,,,,,,,,,,,,,,,,,,,,,,,,,,,,,,FALSE,FALSE,FALSE,FALSE,FALSE,FALSE,FALSE,FALSE,FALSE,FALSE,FALSE,,,FALSE,FALSE,FALSE,FALSE,FALSE,FALSE,FALSE,FALSE,FALSE,,FALSE,FALSE,FALSE,FALSE,TRUE,TRUE,TRUE,TRUE,TRUE,TRUE,TRUE,TRUE,TRUE,,,,,,,,,,,,
,,,0/9,0,FALSE,,,,,,,,,,,,,,,,,,,,,,,,,,,,,,,,FALSE,FALSE,FALSE,FALSE,FALSE,FALSE,FALSE,FALSE,FALSE,FALSE,FALSE,,,FALSE,FALSE,FALSE,FALSE,FALSE,FALSE,FALSE,FALSE,FALSE,,FALSE,FALSE,FALSE,FALSE,TRUE,TRUE,TRUE,TRUE,TRUE,TRUE,TRUE,TRUE,TRUE,,,,,,,,,,,,
,,,0/9,0,FALSE,,,,,,,,,,,,,,,,,,,,,,,,,,,,,,,,FALSE,FALSE,FALSE,FALSE,FALSE,FALSE,FALSE,FALSE,FALSE,FALSE,FALSE,,,FALSE,FALSE,FALSE,FALSE,FALSE,FALSE,FALSE,FALSE,FALSE,,FALSE,FALSE,FALSE,FALSE,TRUE,TRUE,TRUE,TRUE,TRUE,TRUE,TRUE,TRUE,TRUE,,,,,,,,,,,,
,,,0/9,0,FALSE,,,,,,,,,,,,,,,,,,,,,,,,,,,,,,,,FALSE,FALSE,FALSE,FALSE,FALSE,FALSE,FALSE,FALSE,FALSE,FALSE,FALSE,,,FALSE,FALSE,FALSE,FALSE,FALSE,FALSE,FALSE,FALSE,FALSE,,FALSE,FALSE,FALSE,FALSE,TRUE,TRUE,TRUE,TRUE,TRUE,TRUE,TRUE,TRUE,TRUE,,,,,,,,,,,,
,,,0/9,0,FALSE,,,,,,,,,,,,,,,,,,,,,,,,,,,,,,,,FALSE,FALSE,FALSE,FALSE,FALSE,FALSE,FALSE,FALSE,FALSE,FALSE,FALSE,,,FALSE,FALSE,FALSE,FALSE,FALSE,FALSE,FALSE,FALSE,FALSE,,FALSE,FALSE,FALSE,FALSE,TRUE,TRUE,TRUE,TRUE,TRUE,TRUE,TRUE,TRUE,TRUE,,,,,,,,,,,,
,,,0/9,0,FALSE,,,,,,,,,,,,,,,,,,,,,,,,,,,,,,,,FALSE,FALSE,FALSE,FALSE,FALSE,FALSE,FALSE,FALSE,FALSE,FALSE,FALSE,,,FALSE,FALSE,FALSE,FALSE,FALSE,FALSE,FALSE,FALSE,FALSE,,FALSE,FALSE,FALSE,FALSE,TRUE,TRUE,TRUE,TRUE,TRUE,TRUE,TRUE,TRUE,TRUE,,,,,,,,,,,,
,,,0/9,0,FALSE,,,,,,,,,,,,,,,,,,,,,,,,,,,,,,,,FALSE,FALSE,FALSE,FALSE,FALSE,FALSE,FALSE,FALSE,FALSE,FALSE,FALSE,,,FALSE,FALSE,FALSE,FALSE,FALSE,FALSE,FALSE,FALSE,FALSE,,FALSE,FALSE,FALSE,FALSE,TRUE,TRUE,TRUE,TRUE,TRUE,TRUE,TRUE,TRUE,TRUE,,,,,,,,,,,,
,,,0/9,0,FALSE,,,,,,,,,,,,,,,,,,,,,,,,,,,,,,,,FALSE,FALSE,FALSE,FALSE,FALSE,FALSE,FALSE,FALSE,FALSE,FALSE,FALSE,,,FALSE,FALSE,FALSE,FALSE,FALSE,FALSE,FALSE,FALSE,FALSE,,FALSE,FALSE,FALSE,FALSE,TRUE,TRUE,TRUE,TRUE,TRUE,TRUE,TRUE,TRUE,TRUE,,,,,,,,,,,,
,,,0/9,0,FALSE,,,,,,,,,,,,,,,,,,,,,,,,,,,,,,,,FALSE,FALSE,FALSE,FALSE,FALSE,FALSE,FALSE,FALSE,FALSE,FALSE,FALSE,,,FALSE,FALSE,FALSE,FALSE,FALSE,FALSE,FALSE,FALSE,FALSE,,FALSE,FALSE,FALSE,FALSE,TRUE,TRUE,TRUE,TRUE,TRUE,TRUE,TRUE,TRUE,TRUE,,,,,,,,,,,,
,,,0/9,0,FALSE,,,,,,,,,,,,,,,,,,,,,,,,,,,,,,,,FALSE,FALSE,FALSE,FALSE,FALSE,FALSE,FALSE,FALSE,FALSE,FALSE,FALSE,,,FALSE,FALSE,FALSE,FALSE,FALSE,FALSE,FALSE,FALSE,FALSE,,FALSE,FALSE,FALSE,FALSE,TRUE,TRUE,TRUE,TRUE,TRUE,TRUE,TRUE,TRUE,TRUE,,,,,,,,,,,,
,,,0/9,0,FALSE,,,,,,,,,,,,,,,,,,,,,,,,,,,,,,,,FALSE,FALSE,FALSE,FALSE,FALSE,FALSE,FALSE,FALSE,FALSE,FALSE,FALSE,,,FALSE,FALSE,FALSE,FALSE,FALSE,FALSE,FALSE,FALSE,FALSE,,FALSE,FALSE,FALSE,FALSE,TRUE,TRUE,TRUE,TRUE,TRUE,TRUE,TRUE,TRUE,TRUE,,,,,,,,,,,,
,,,0/9,0,FALSE,,,,,,,,,,,,,,,,,,,,,,,,,,,,,,,,FALSE,FALSE,FALSE,FALSE,FALSE,FALSE,FALSE,FALSE,FALSE,FALSE,FALSE,,,FALSE,FALSE,FALSE,FALSE,FALSE,FALSE,FALSE,FALSE,FALSE,,FALSE,FALSE,FALSE,FALSE,TRUE,TRUE,TRUE,TRUE,TRUE,TRUE,TRUE,TRUE,TRUE,,,,,,,,,,,,
,,,0/9,0,FALSE,,,,,,,,,,,,,,,,,,,,,,,,,,,,,,,,FALSE,FALSE,FALSE,FALSE,FALSE,FALSE,FALSE,FALSE,FALSE,FALSE,FALSE,,,FALSE,FALSE,FALSE,FALSE,FALSE,FALSE,FALSE,FALSE,FALSE,,FALSE,FALSE,FALSE,FALSE,TRUE,TRUE,TRUE,TRUE,TRUE,TRUE,TRUE,TRUE,TRUE,,,,,,,,,,,,
,,,0/9,0,FALSE,,,,,,,,,,,,,,,,,,,,,,,,,,,,,,,,FALSE,FALSE,FALSE,FALSE,FALSE,FALSE,FALSE,FALSE,FALSE,FALSE,FALSE,,,FALSE,FALSE,FALSE,FALSE,FALSE,FALSE,FALSE,FALSE,FALSE,,FALSE,FALSE,FALSE,FALSE,TRUE,TRUE,TRUE,TRUE,TRUE,TRUE,TRUE,TRUE,TRUE,,,,,,,,,,,,
,,,0/9,0,FALSE,,,,,,,,,,,,,,,,,,,,,,,,,,,,,,,,FALSE,FALSE,FALSE,FALSE,FALSE,FALSE,FALSE,FALSE,FALSE,FALSE,FALSE,,,FALSE,FALSE,FALSE,FALSE,FALSE,FALSE,FALSE,FALSE,FALSE,,FALSE,FALSE,FALSE,FALSE,TRUE,TRUE,TRUE,TRUE,TRUE,TRUE,TRUE,TRUE,TRUE,,,,,,,,,,,,
,,,0/9,0,FALSE,,,,,,,,,,,,,,,,,,,,,,,,,,,,,,,,FALSE,FALSE,FALSE,FALSE,FALSE,FALSE,FALSE,FALSE,FALSE,FALSE,FALSE,,,FALSE,FALSE,FALSE,FALSE,FALSE,FALSE,FALSE,FALSE,FALSE,,FALSE,FALSE,FALSE,FALSE,TRUE,TRUE,TRUE,TRUE,TRUE,TRUE,TRUE,TRUE,TRUE,,,,,,,,,,,,
,,,0/9,0,FALSE,,,,,,,,,,,,,,,,,,,,,,,,,,,,,,,,FALSE,FALSE,FALSE,FALSE,FALSE,FALSE,FALSE,FALSE,FALSE,FALSE,FALSE,,,FALSE,FALSE,FALSE,FALSE,FALSE,FALSE,FALSE,FALSE,FALSE,,FALSE,FALSE,FALSE,FALSE,TRUE,TRUE,TRUE,TRUE,TRUE,TRUE,TRUE,TRUE,TRUE,,,,,,,,,,,,
,,,0/9,0,FALSE,,,,,,,,,,,,,,,,,,,,,,,,,,,,,,,,FALSE,FALSE,FALSE,FALSE,FALSE,FALSE,FALSE,FALSE,FALSE,FALSE,FALSE,,,FALSE,FALSE,FALSE,FALSE,FALSE,FALSE,FALSE,FALSE,FALSE,,FALSE,FALSE,FALSE,FALSE,TRUE,TRUE,TRUE,TRUE,TRUE,TRUE,TRUE,TRUE,TRUE,,,,,,,,,,,,
,,,0/9,0,FALSE,,,,,,,,,,,,,,,,,,,,,,,,,,,,,,,,FALSE,FALSE,FALSE,FALSE,FALSE,FALSE,FALSE,FALSE,FALSE,FALSE,FALSE,,,FALSE,FALSE,FALSE,FALSE,FALSE,FALSE,FALSE,FALSE,FALSE,,FALSE,FALSE,FALSE,FALSE,TRUE,TRUE,TRUE,TRUE,TRUE,TRUE,TRUE,TRUE,TRUE,,,,,,,,,,,,
,,,0/9,0,FALSE,,,,,,,,,,,,,,,,,,,,,,,,,,,,,,,,FALSE,FALSE,FALSE,FALSE,FALSE,FALSE,FALSE,FALSE,FALSE,FALSE,FALSE,,,FALSE,FALSE,FALSE,FALSE,FALSE,FALSE,FALSE,FALSE,FALSE,,FALSE,FALSE,FALSE,FALSE,TRUE,TRUE,TRUE,TRUE,TRUE,TRUE,TRUE,TRUE,TRUE,,,,,,,,,,,,
,,,0/9,0,FALSE,,,,,,,,,,,,,,,,,,,,,,,,,,,,,,,,FALSE,FALSE,FALSE,FALSE,FALSE,FALSE,FALSE,FALSE,FALSE,FALSE,FALSE,,,FALSE,FALSE,FALSE,FALSE,FALSE,FALSE,FALSE,FALSE,FALSE,,FALSE,FALSE,FALSE,FALSE,TRUE,TRUE,TRUE,TRUE,TRUE,TRUE,TRUE,TRUE,TRUE,,,,,,,,,,,,
,,,0/9,0,FALSE,,,,,,,,,,,,,,,,,,,,,,,,,,,,,,,,FALSE,FALSE,FALSE,FALSE,FALSE,FALSE,FALSE,FALSE,FALSE,FALSE,FALSE,,,FALSE,FALSE,FALSE,FALSE,FALSE,FALSE,FALSE,FALSE,FALSE,,FALSE,FALSE,FALSE,FALSE,TRUE,TRUE,TRUE,TRUE,TRUE,TRUE,TRUE,TRUE,TRUE,,,,,,,,,,,,
,,,0/9,0,FALSE,,,,,,,,,,,,,,,,,,,,,,,,,,,,,,,,FALSE,FALSE,FALSE,FALSE,FALSE,FALSE,FALSE,FALSE,FALSE,FALSE,FALSE,,,FALSE,FALSE,FALSE,FALSE,FALSE,FALSE,FALSE,FALSE,FALSE,,FALSE,FALSE,FALSE,FALSE,TRUE,TRUE,TRUE,TRUE,TRUE,TRUE,TRUE,TRUE,TRUE,,,,,,,,,,,,
,,,0/9,0,FALSE,,,,,,,,,,,,,,,,,,,,,,,,,,,,,,,,FALSE,FALSE,FALSE,FALSE,FALSE,FALSE,FALSE,FALSE,FALSE,FALSE,FALSE,,,FALSE,FALSE,FALSE,FALSE,FALSE,FALSE,FALSE,FALSE,FALSE,,FALSE,FALSE,FALSE,FALSE,TRUE,TRUE,TRUE,TRUE,TRUE,TRUE,TRUE,TRUE,TRUE,,,,,,,,,,,,
,,,0/9,0,FALSE,,,,,,,,,,,,,,,,,,,,,,,,,,,,,,,,FALSE,FALSE,FALSE,FALSE,FALSE,FALSE,FALSE,FALSE,FALSE,FALSE,FALSE,,,FALSE,FALSE,FALSE,FALSE,FALSE,FALSE,FALSE,FALSE,FALSE,,FALSE,FALSE,FALSE,FALSE,TRUE,TRUE,TRUE,TRUE,TRUE,TRUE,TRUE,TRUE,TRUE,,,,,,,,,,,,
,,,0/9,0,FALSE,,,,,,,,,,,,,,,,,,,,,,,,,,,,,,,,FALSE,FALSE,FALSE,FALSE,FALSE,FALSE,FALSE,FALSE,FALSE,FALSE,FALSE,,,FALSE,FALSE,FALSE,FALSE,FALSE,FALSE,FALSE,FALSE,FALSE,,FALSE,FALSE,FALSE,FALSE,TRUE,TRUE,TRUE,TRUE,TRUE,TRUE,TRUE,TRUE,TRUE,,,,,,,,,,,,
,,,0/9,0,FALSE,,,,,,,,,,,,,,,,,,,,,,,,,,,,,,,,FALSE,FALSE,FALSE,FALSE,FALSE,FALSE,FALSE,FALSE,FALSE,FALSE,FALSE,,,FALSE,FALSE,FALSE,FALSE,FALSE,FALSE,FALSE,FALSE,FALSE,,FALSE,FALSE,FALSE,FALSE,TRUE,TRUE,TRUE,TRUE,TRUE,TRUE,TRUE,TRUE,TRUE,,,,,,,,,,,,
,,,0/9,0,FALSE,,,,,,,,,,,,,,,,,,,,,,,,,,,,,,,,FALSE,FALSE,FALSE,FALSE,FALSE,FALSE,FALSE,FALSE,FALSE,FALSE,FALSE,,,FALSE,FALSE,FALSE,FALSE,FALSE,FALSE,FALSE,FALSE,FALSE,,FALSE,FALSE,FALSE,FALSE,TRUE,TRUE,TRUE,TRUE,TRUE,TRUE,TRUE,TRUE,TRUE,,,,,,,,,,,,
,,,0/9,0,FALSE,,,,,,,,,,,,,,,,,,,,,,,,,,,,,,,,FALSE,FALSE,FALSE,FALSE,FALSE,FALSE,FALSE,FALSE,FALSE,FALSE,FALSE,,,FALSE,FALSE,FALSE,FALSE,FALSE,FALSE,FALSE,FALSE,FALSE,,FALSE,FALSE,FALSE,FALSE,TRUE,TRUE,TRUE,TRUE,TRUE,TRUE,TRUE,TRUE,TRUE,,,,,,,,,,,,
,,,0/9,0,FALSE,,,,,,,,,,,,,,,,,,,,,,,,,,,,,,,,FALSE,FALSE,FALSE,FALSE,FALSE,FALSE,FALSE,FALSE,FALSE,FALSE,FALSE,,,FALSE,FALSE,FALSE,FALSE,FALSE,FALSE,FALSE,FALSE,FALSE,,FALSE,FALSE,FALSE,FALSE,TRUE,TRUE,TRUE,TRUE,TRUE,TRUE,TRUE,TRUE,TRUE,,,,,,,,,,,,
,,,0/9,0,FALSE,,,,,,,,,,,,,,,,,,,,,,,,,,,,,,,,FALSE,FALSE,FALSE,FALSE,FALSE,FALSE,FALSE,FALSE,FALSE,FALSE,FALSE,,,FALSE,FALSE,FALSE,FALSE,FALSE,FALSE,FALSE,FALSE,FALSE,,FALSE,FALSE,FALSE,FALSE,TRUE,TRUE,TRUE,TRUE,TRUE,TRUE,TRUE,TRUE,TRUE,,,,,,,,,,,,
,,,0/9,0,FALSE,,,,,,,,,,,,,,,,,,,,,,,,,,,,,,,,FALSE,FALSE,FALSE,FALSE,FALSE,FALSE,FALSE,FALSE,FALSE,FALSE,FALSE,,,FALSE,FALSE,FALSE,FALSE,FALSE,FALSE,FALSE,FALSE,FALSE,,FALSE,FALSE,FALSE,FALSE,TRUE,TRUE,TRUE,TRUE,TRUE,TRUE,TRUE,TRUE,TRUE,,,,,,,,,,,,
,,,0/9,0,FALSE,,,,,,,,,,,,,,,,,,,,,,,,,,,,,,,,FALSE,FALSE,FALSE,FALSE,FALSE,FALSE,FALSE,FALSE,FALSE,FALSE,FALSE,,,FALSE,FALSE,FALSE,FALSE,FALSE,FALSE,FALSE,FALSE,FALSE,,FALSE,FALSE,FALSE,FALSE,TRUE,TRUE,TRUE,TRUE,TRUE,TRUE,TRUE,TRUE,TRUE,,,,,,,,,,,,
,,,0/9,0,FALSE,,,,,,,,,,,,,,,,,,,,,,,,,,,,,,,,FALSE,FALSE,FALSE,FALSE,FALSE,FALSE,FALSE,FALSE,FALSE,FALSE,FALSE,,,FALSE,FALSE,FALSE,FALSE,FALSE,FALSE,FALSE,FALSE,FALSE,,FALSE,FALSE,FALSE,FALSE,TRUE,TRUE,TRUE,TRUE,TRUE,TRUE,TRUE,TRUE,TRUE,,,,,,,,,,,,
,,,0/9,0,FALSE,,,,,,,,,,,,,,,,,,,,,,,,,,,,,,,,FALSE,FALSE,FALSE,FALSE,FALSE,FALSE,FALSE,FALSE,FALSE,FALSE,FALSE,,,FALSE,FALSE,FALSE,FALSE,FALSE,FALSE,FALSE,FALSE,FALSE,,FALSE,FALSE,FALSE,FALSE,TRUE,TRUE,TRUE,TRUE,TRUE,TRUE,TRUE,TRUE,TRUE,,,,,,,,,,,,
,,,0/9,0,FALSE,,,,,,,,,,,,,,,,,,,,,,,,,,,,,,,,FALSE,FALSE,FALSE,FALSE,FALSE,FALSE,FALSE,FALSE,FALSE,FALSE,FALSE,,,FALSE,FALSE,FALSE,FALSE,FALSE,FALSE,FALSE,FALSE,FALSE,,FALSE,FALSE,FALSE,FALSE,TRUE,TRUE,TRUE,TRUE,TRUE,TRUE,TRUE,TRUE,TRUE,,,,,,,,,,,,
,,,0/9,0,FALSE,,,,,,,,,,,,,,,,,,,,,,,,,,,,,,,,FALSE,FALSE,FALSE,FALSE,FALSE,FALSE,FALSE,FALSE,FALSE,FALSE,FALSE,,,FALSE,FALSE,FALSE,FALSE,FALSE,FALSE,FALSE,FALSE,FALSE,,FALSE,FALSE,FALSE,FALSE,TRUE,TRUE,TRUE,TRUE,TRUE,TRUE,TRUE,TRUE,TRUE,,,,,,,,,,,,
,,,0/9,0,FALSE,,,,,,,,,,,,,,,,,,,,,,,,,,,,,,,,FALSE,FALSE,FALSE,FALSE,FALSE,FALSE,FALSE,FALSE,FALSE,FALSE,FALSE,,,FALSE,FALSE,FALSE,FALSE,FALSE,FALSE,FALSE,FALSE,FALSE,,FALSE,FALSE,FALSE,FALSE,TRUE,TRUE,TRUE,TRUE,TRUE,TRUE,TRUE,TRUE,TRUE,,,,,,,,,,,,
,,,0/9,0,FALSE,,,,,,,,,,,,,,,,,,,,,,,,,,,,,,,,FALSE,FALSE,FALSE,FALSE,FALSE,FALSE,FALSE,FALSE,FALSE,FALSE,FALSE,,,FALSE,FALSE,FALSE,FALSE,FALSE,FALSE,FALSE,FALSE,FALSE,,FALSE,FALSE,FALSE,FALSE,TRUE,TRUE,TRUE,TRUE,TRUE,TRUE,TRUE,TRUE,TRUE,,,,,,,,,,,,
,,,0/9,0,FALSE,,,,,,,,,,,,,,,,,,,,,,,,,,,,,,,,FALSE,FALSE,FALSE,FALSE,FALSE,FALSE,FALSE,FALSE,FALSE,FALSE,FALSE,,,FALSE,FALSE,FALSE,FALSE,FALSE,FALSE,FALSE,FALSE,FALSE,,FALSE,FALSE,FALSE,FALSE,TRUE,TRUE,TRUE,TRUE,TRUE,TRUE,TRUE,TRUE,TRUE,,,,,,,,,,,,
,,,0/9,0,FALSE,,,,,,,,,,,,,,,,,,,,,,,,,,,,,,,,FALSE,FALSE,FALSE,FALSE,FALSE,FALSE,FALSE,FALSE,FALSE,FALSE,FALSE,,,FALSE,FALSE,FALSE,FALSE,FALSE,FALSE,FALSE,FALSE,FALSE,,FALSE,FALSE,FALSE,FALSE,TRUE,TRUE,TRUE,TRUE,TRUE,TRUE,TRUE,TRUE,TRUE,,,,,,,,,,,,
,,,0/9,0,FALSE,,,,,,,,,,,,,,,,,,,,,,,,,,,,,,,,FALSE,FALSE,FALSE,FALSE,FALSE,FALSE,FALSE,FALSE,FALSE,FALSE,FALSE,,,FALSE,FALSE,FALSE,FALSE,FALSE,FALSE,FALSE,FALSE,FALSE,,FALSE,FALSE,FALSE,FALSE,TRUE,TRUE,TRUE,TRUE,TRUE,TRUE,TRUE,TRUE,TRUE,,,,,,,,,,,,
,,,0/9,0,FALSE,,,,,,,,,,,,,,,,,,,,,,,,,,,,,,,,FALSE,FALSE,FALSE,FALSE,FALSE,FALSE,FALSE,FALSE,FALSE,FALSE,FALSE,,,FALSE,FALSE,FALSE,FALSE,FALSE,FALSE,FALSE,FALSE,FALSE,,FALSE,FALSE,FALSE,FALSE,TRUE,TRUE,TRUE,TRUE,TRUE,TRUE,TRUE,TRUE,TRUE,,,,,,,,,,,,
,,,0/9,0,FALSE,,,,,,,,,,,,,,,,,,,,,,,,,,,,,,,,FALSE,FALSE,FALSE,FALSE,FALSE,FALSE,FALSE,FALSE,FALSE,FALSE,FALSE,,,FALSE,FALSE,FALSE,FALSE,FALSE,FALSE,FALSE,FALSE,FALSE,,FALSE,FALSE,FALSE,FALSE,TRUE,TRUE,TRUE,TRUE,TRUE,TRUE,TRUE,TRUE,TRUE,,,,,,,,,,,,
,,,0/9,0,FALSE,,,,,,,,,,,,,,,,,,,,,,,,,,,,,,,,FALSE,FALSE,FALSE,FALSE,FALSE,FALSE,FALSE,FALSE,FALSE,FALSE,FALSE,,,FALSE,FALSE,FALSE,FALSE,FALSE,FALSE,FALSE,FALSE,FALSE,,FALSE,FALSE,FALSE,FALSE,TRUE,TRUE,TRUE,TRUE,TRUE,TRUE,TRUE,TRUE,TRUE,,,,,,,,,,,,
,,,0/9,0,FALSE,,,,,,,,,,,,,,,,,,,,,,,,,,,,,,,,FALSE,FALSE,FALSE,FALSE,FALSE,FALSE,FALSE,FALSE,FALSE,FALSE,FALSE,,,FALSE,FALSE,FALSE,FALSE,FALSE,FALSE,FALSE,FALSE,FALSE,,FALSE,FALSE,FALSE,FALSE,TRUE,TRUE,TRUE,TRUE,TRUE,TRUE,TRUE,TRUE,TRUE,,,,,,,,,,,,
,,,0/9,0,FALSE,,,,,,,,,,,,,,,,,,,,,,,,,,,,,,,,FALSE,FALSE,FALSE,FALSE,FALSE,FALSE,FALSE,FALSE,FALSE,FALSE,FALSE,,,FALSE,FALSE,FALSE,FALSE,FALSE,FALSE,FALSE,FALSE,FALSE,,FALSE,FALSE,FALSE,FALSE,TRUE,TRUE,TRUE,TRUE,TRUE,TRUE,TRUE,TRUE,TRUE,,,,,,,,,,,,
,,,0/9,0,FALSE,,,,,,,,,,,,,,,,,,,,,,,,,,,,,,,,FALSE,FALSE,FALSE,FALSE,FALSE,FALSE,FALSE,FALSE,FALSE,FALSE,FALSE,,,FALSE,FALSE,FALSE,FALSE,FALSE,FALSE,FALSE,FALSE,FALSE,,FALSE,FALSE,FALSE,FALSE,TRUE,TRUE,TRUE,TRUE,TRUE,TRUE,TRUE,TRUE,TRUE,,,,,,,,,,,,
,,,0/9,0,FALSE,,,,,,,,,,,,,,,,,,,,,,,,,,,,,,,,FALSE,FALSE,FALSE,FALSE,FALSE,FALSE,FALSE,FALSE,FALSE,FALSE,FALSE,,,FALSE,FALSE,FALSE,FALSE,FALSE,FALSE,FALSE,FALSE,FALSE,,FALSE,FALSE,FALSE,FALSE,TRUE,TRUE,TRUE,TRUE,TRUE,TRUE,TRUE,TRUE,TRUE,,,,,,,,,,,,
,,,0/9,0,FALSE,,,,,,,,,,,,,,,,,,,,,,,,,,,,,,,,FALSE,FALSE,FALSE,FALSE,FALSE,FALSE,FALSE,FALSE,FALSE,FALSE,FALSE,,,FALSE,FALSE,FALSE,FALSE,FALSE,FALSE,FALSE,FALSE,FALSE,,FALSE,FALSE,FALSE,FALSE,TRUE,TRUE,TRUE,TRUE,TRUE,TRUE,TRUE,TRUE,TRUE,,,,,,,,,,,,
,,,0/9,0,FALSE,,,,,,,,,,,,,,,,,,,,,,,,,,,,,,,,FALSE,FALSE,FALSE,FALSE,FALSE,FALSE,FALSE,FALSE,FALSE,FALSE,FALSE,,,FALSE,FALSE,FALSE,FALSE,FALSE,FALSE,FALSE,FALSE,FALSE,,FALSE,FALSE,FALSE,FALSE,TRUE,TRUE,TRUE,TRUE,TRUE,TRUE,TRUE,TRUE,TRUE,,,,,,,,,,,,
,,,0/9,0,FALSE,,,,,,,,,,,,,,,,,,,,,,,,,,,,,,,,FALSE,FALSE,FALSE,FALSE,FALSE,FALSE,FALSE,FALSE,FALSE,FALSE,FALSE,,,FALSE,FALSE,FALSE,FALSE,FALSE,FALSE,FALSE,FALSE,FALSE,,FALSE,FALSE,FALSE,FALSE,TRUE,TRUE,TRUE,TRUE,TRUE,TRUE,TRUE,TRUE,TRUE,,,,,,,,,,,,
,,,0/9,0,FALSE,,,,,,,,,,,,,,,,,,,,,,,,,,,,,,,,FALSE,FALSE,FALSE,FALSE,FALSE,FALSE,FALSE,FALSE,FALSE,FALSE,FALSE,,,FALSE,FALSE,FALSE,FALSE,FALSE,FALSE,FALSE,FALSE,FALSE,,FALSE,FALSE,FALSE,FALSE,TRUE,TRUE,TRUE,TRUE,TRUE,TRUE,TRUE,TRUE,TRUE,,,,,,,,,,,,
,,,0/9,0,FALSE,,,,,,,,,,,,,,,,,,,,,,,,,,,,,,,,FALSE,FALSE,FALSE,FALSE,FALSE,FALSE,FALSE,FALSE,FALSE,FALSE,FALSE,,,FALSE,FALSE,FALSE,FALSE,FALSE,FALSE,FALSE,FALSE,FALSE,,FALSE,FALSE,FALSE,FALSE,TRUE,TRUE,TRUE,TRUE,TRUE,TRUE,TRUE,TRUE,TRUE,,,,,,,,,,,,
,,,0/9,0,FALSE,,,,,,,,,,,,,,,,,,,,,,,,,,,,,,,,FALSE,FALSE,FALSE,FALSE,FALSE,FALSE,FALSE,FALSE,FALSE,FALSE,FALSE,,,FALSE,FALSE,FALSE,FALSE,FALSE,FALSE,FALSE,FALSE,FALSE,,FALSE,FALSE,FALSE,FALSE,TRUE,TRUE,TRUE,TRUE,TRUE,TRUE,TRUE,TRUE,TRUE,,,,,,,,,,,,
,,,0/9,0,FALSE,,,,,,,,,,,,,,,,,,,,,,,,,,,,,,,,FALSE,FALSE,FALSE,FALSE,FALSE,FALSE,FALSE,FALSE,FALSE,FALSE,FALSE,,,FALSE,FALSE,FALSE,FALSE,FALSE,FALSE,FALSE,FALSE,FALSE,,FALSE,FALSE,FALSE,FALSE,TRUE,TRUE,TRUE,TRUE,TRUE,TRUE,TRUE,TRUE,TRUE,,,,,,,,,,,,
,,,0/9,0,FALSE,,,,,,,,,,,,,,,,,,,,,,,,,,,,,,,,FALSE,FALSE,FALSE,FALSE,FALSE,FALSE,FALSE,FALSE,FALSE,FALSE,FALSE,,,FALSE,FALSE,FALSE,FALSE,FALSE,FALSE,FALSE,FALSE,FALSE,,FALSE,FALSE,FALSE,FALSE,TRUE,TRUE,TRUE,TRUE,TRUE,TRUE,TRUE,TRUE,TRUE,,,,,,,,,,,,
,,,0/9,0,FALSE,,,,,,,,,,,,,,,,,,,,,,,,,,,,,,,,FALSE,FALSE,FALSE,FALSE,FALSE,FALSE,FALSE,FALSE,FALSE,FALSE,FALSE,,,FALSE,FALSE,FALSE,FALSE,FALSE,FALSE,FALSE,FALSE,FALSE,,FALSE,FALSE,FALSE,FALSE,TRUE,TRUE,TRUE,TRUE,TRUE,TRUE,TRUE,TRUE,TRUE,,,,,,,,,,,,
,,,0/9,0,FALSE,,,,,,,,,,,,,,,,,,,,,,,,,,,,,,,,FALSE,FALSE,FALSE,FALSE,FALSE,FALSE,FALSE,FALSE,FALSE,FALSE,FALSE,,,FALSE,FALSE,FALSE,FALSE,FALSE,FALSE,FALSE,FALSE,FALSE,,FALSE,FALSE,FALSE,FALSE,TRUE,TRUE,TRUE,TRUE,TRUE,TRUE,TRUE,TRUE,TRUE,,,,,,,,,,,,
,,,0/9,0,FALSE,,,,,,,,,,,,,,,,,,,,,,,,,,,,,,,,FALSE,FALSE,FALSE,FALSE,FALSE,FALSE,FALSE,FALSE,FALSE,FALSE,FALSE,,,FALSE,FALSE,FALSE,FALSE,FALSE,FALSE,FALSE,FALSE,FALSE,,FALSE,FALSE,FALSE,FALSE,TRUE,TRUE,TRUE,TRUE,TRUE,TRUE,TRUE,TRUE,TRUE,,,,,,,,,,,,
,,,0/9,0,FALSE,,,,,,,,,,,,,,,,,,,,,,,,,,,,,,,,FALSE,FALSE,FALSE,FALSE,FALSE,FALSE,FALSE,FALSE,FALSE,FALSE,FALSE,,,FALSE,FALSE,FALSE,FALSE,FALSE,FALSE,FALSE,FALSE,FALSE,,FALSE,FALSE,FALSE,FALSE,TRUE,TRUE,TRUE,TRUE,TRUE,TRUE,TRUE,TRUE,TRUE,,,,,,,,,,,,
,,,0/9,0,FALSE,,,,,,,,,,,,,,,,,,,,,,,,,,,,,,,,FALSE,FALSE,FALSE,FALSE,FALSE,FALSE,FALSE,FALSE,FALSE,FALSE,FALSE,,,FALSE,FALSE,FALSE,FALSE,FALSE,FALSE,FALSE,FALSE,FALSE,,FALSE,FALSE,FALSE,FALSE,TRUE,TRUE,TRUE,TRUE,TRUE,TRUE,TRUE,TRUE,TRUE,,,,,,,,,,,,
,,,0/9,0,FALSE,,,,,,,,,,,,,,,,,,,,,,,,,,,,,,,,FALSE,FALSE,FALSE,FALSE,FALSE,FALSE,FALSE,FALSE,FALSE,FALSE,FALSE,,,FALSE,FALSE,FALSE,FALSE,FALSE,FALSE,FALSE,FALSE,FALSE,,FALSE,FALSE,FALSE,FALSE,TRUE,TRUE,TRUE,TRUE,TRUE,TRUE,TRUE,TRUE,TRUE,,,,,,,,,,,,
,,,0/9,0,FALSE,,,,,,,,,,,,,,,,,,,,,,,,,,,,,,,,FALSE,FALSE,FALSE,FALSE,FALSE,FALSE,FALSE,FALSE,FALSE,FALSE,FALSE,,,FALSE,FALSE,FALSE,FALSE,FALSE,FALSE,FALSE,FALSE,FALSE,,FALSE,FALSE,FALSE,FALSE,TRUE,TRUE,TRUE,TRUE,TRUE,TRUE,TRUE,TRUE,TRUE,,,,,,,,,,,,
,,,0/9,0,FALSE,,,,,,,,,,,,,,,,,,,,,,,,,,,,,,,,FALSE,FALSE,FALSE,FALSE,FALSE,FALSE,FALSE,FALSE,FALSE,FALSE,FALSE,,,FALSE,FALSE,FALSE,FALSE,FALSE,FALSE,FALSE,FALSE,FALSE,,FALSE,FALSE,FALSE,FALSE,TRUE,TRUE,TRUE,TRUE,TRUE,TRUE,TRUE,TRUE,TRUE,,,,,,,,,,,,
,,,0/9,0,FALSE,,,,,,,,,,,,,,,,,,,,,,,,,,,,,,,,FALSE,FALSE,FALSE,FALSE,FALSE,FALSE,FALSE,FALSE,FALSE,FALSE,FALSE,,,FALSE,FALSE,FALSE,FALSE,FALSE,FALSE,FALSE,FALSE,FALSE,,FALSE,FALSE,FALSE,FALSE,TRUE,TRUE,TRUE,TRUE,TRUE,TRUE,TRUE,TRUE,TRUE,,,,,,,,,,,,
,,,0/9,0,FALSE,,,,,,,,,,,,,,,,,,,,,,,,,,,,,,,,FALSE,FALSE,FALSE,FALSE,FALSE,FALSE,FALSE,FALSE,FALSE,FALSE,FALSE,,,FALSE,FALSE,FALSE,FALSE,FALSE,FALSE,FALSE,FALSE,FALSE,,FALSE,FALSE,FALSE,FALSE,TRUE,TRUE,TRUE,TRUE,TRUE,TRUE,TRUE,TRUE,TRUE,,,,,,,,,,,,
,,,0/9,0,FALSE,,,,,,,,,,,,,,,,,,,,,,,,,,,,,,,,FALSE,FALSE,FALSE,FALSE,FALSE,FALSE,FALSE,FALSE,FALSE,FALSE,FALSE,,,FALSE,FALSE,FALSE,FALSE,FALSE,FALSE,FALSE,FALSE,FALSE,,FALSE,FALSE,FALSE,FALSE,TRUE,TRUE,TRUE,TRUE,TRUE,TRUE,TRUE,TRUE,TRUE,,,,,,,,,,,,
,,,0/9,0,FALSE,,,,,,,,,,,,,,,,,,,,,,,,,,,,,,,,FALSE,FALSE,FALSE,FALSE,FALSE,FALSE,FALSE,FALSE,FALSE,FALSE,FALSE,,,FALSE,FALSE,FALSE,FALSE,FALSE,FALSE,FALSE,FALSE,FALSE,,FALSE,FALSE,FALSE,FALSE,TRUE,TRUE,TRUE,TRUE,TRUE,TRUE,TRUE,TRUE,TRUE,,,,,,,,,,,,
,,,0/9,0,FALSE,,,,,,,,,,,,,,,,,,,,,,,,,,,,,,,,FALSE,FALSE,FALSE,FALSE,FALSE,FALSE,FALSE,FALSE,FALSE,FALSE,FALSE,,,FALSE,FALSE,FALSE,FALSE,FALSE,FALSE,FALSE,FALSE,FALSE,,FALSE,FALSE,FALSE,FALSE,TRUE,TRUE,TRUE,TRUE,TRUE,TRUE,TRUE,TRUE,TRUE,,,,,,,,,,,,
,,,0/9,0,FALSE,,,,,,,,,,,,,,,,,,,,,,,,,,,,,,,,FALSE,FALSE,FALSE,FALSE,FALSE,FALSE,FALSE,FALSE,FALSE,FALSE,FALSE,,,FALSE,FALSE,FALSE,FALSE,FALSE,FALSE,FALSE,FALSE,FALSE,,FALSE,FALSE,FALSE,FALSE,TRUE,TRUE,TRUE,TRUE,TRUE,TRUE,TRUE,TRUE,TRUE,,,,,,,,,,,,
,,,0/9,0,FALSE,,,,,,,,,,,,,,,,,,,,,,,,,,,,,,,,FALSE,FALSE,FALSE,FALSE,FALSE,FALSE,FALSE,FALSE,FALSE,FALSE,FALSE,,,FALSE,FALSE,FALSE,FALSE,FALSE,FALSE,FALSE,FALSE,FALSE,,FALSE,FALSE,FALSE,FALSE,TRUE,TRUE,TRUE,TRUE,TRUE,TRUE,TRUE,TRUE,TRUE,,,,,,,,,,,,
,,,0/9,0,FALSE,,,,,,,,,,,,,,,,,,,,,,,,,,,,,,,,FALSE,FALSE,FALSE,FALSE,FALSE,FALSE,FALSE,FALSE,FALSE,FALSE,FALSE,,,FALSE,FALSE,FALSE,FALSE,FALSE,FALSE,FALSE,FALSE,FALSE,,FALSE,FALSE,FALSE,FALSE,TRUE,TRUE,TRUE,TRUE,TRUE,TRUE,TRUE,TRUE,TRUE,,,,,,,,,,,,
,,,0/9,0,FALSE,,,,,,,,,,,,,,,,,,,,,,,,,,,,,,,,FALSE,FALSE,FALSE,FALSE,FALSE,FALSE,FALSE,FALSE,FALSE,FALSE,FALSE,,,FALSE,FALSE,FALSE,FALSE,FALSE,FALSE,FALSE,FALSE,FALSE,,FALSE,FALSE,FALSE,FALSE,TRUE,TRUE,TRUE,TRUE,TRUE,TRUE,TRUE,TRUE,TRUE,,,,,,,,,,,,
,,,0/9,0,FALSE,,,,,,,,,,,,,,,,,,,,,,,,,,,,,,,,FALSE,FALSE,FALSE,FALSE,FALSE,FALSE,FALSE,FALSE,FALSE,FALSE,FALSE,,,FALSE,FALSE,FALSE,FALSE,FALSE,FALSE,FALSE,FALSE,FALSE,,FALSE,FALSE,FALSE,FALSE,TRUE,TRUE,TRUE,TRUE,TRUE,TRUE,TRUE,TRUE,TRUE,,,,,,,,,,,,
,,,0/9,0,FALSE,,,,,,,,,,,,,,,,,,,,,,,,,,,,,,,,FALSE,FALSE,FALSE,FALSE,FALSE,FALSE,FALSE,FALSE,FALSE,FALSE,FALSE,,,FALSE,FALSE,FALSE,FALSE,FALSE,FALSE,FALSE,FALSE,FALSE,,FALSE,FALSE,FALSE,FALSE,TRUE,TRUE,TRUE,TRUE,TRUE,TRUE,TRUE,TRUE,TRUE,,,,,,,,,,,,
,,,0/9,0,FALSE,,,,,,,,,,,,,,,,,,,,,,,,,,,,,,,,FALSE,FALSE,FALSE,FALSE,FALSE,FALSE,FALSE,FALSE,FALSE,FALSE,FALSE,,,FALSE,FALSE,FALSE,FALSE,FALSE,FALSE,FALSE,FALSE,FALSE,,FALSE,FALSE,FALSE,FALSE,TRUE,TRUE,TRUE,TRUE,TRUE,TRUE,TRUE,TRUE,TRUE,,,,,,,,,,,,
,,,0/9,0,FALSE,,,,,,,,,,,,,,,,,,,,,,,,,,,,,,,,FALSE,FALSE,FALSE,FALSE,FALSE,FALSE,FALSE,FALSE,FALSE,FALSE,FALSE,,,FALSE,FALSE,FALSE,FALSE,FALSE,FALSE,FALSE,FALSE,FALSE,,FALSE,FALSE,FALSE,FALSE,TRUE,TRUE,TRUE,TRUE,TRUE,TRUE,TRUE,TRUE,TRUE,,,,,,,,,,,,
,,,0/9,0,FALSE,,,,,,,,,,,,,,,,,,,,,,,,,,,,,,,,FALSE,FALSE,FALSE,FALSE,FALSE,FALSE,FALSE,FALSE,FALSE,FALSE,FALSE,,,FALSE,FALSE,FALSE,FALSE,FALSE,FALSE,FALSE,FALSE,FALSE,,FALSE,FALSE,FALSE,FALSE,TRUE,TRUE,TRUE,TRUE,TRUE,TRUE,TRUE,TRUE,TRUE,,,,,,,,,,,,
,,,0/9,0,FALSE,,,,,,,,,,,,,,,,,,,,,,,,,,,,,,,,FALSE,FALSE,FALSE,FALSE,FALSE,FALSE,FALSE,FALSE,FALSE,FALSE,FALSE,,,FALSE,FALSE,FALSE,FALSE,FALSE,FALSE,FALSE,FALSE,FALSE,,FALSE,FALSE,FALSE,FALSE,TRUE,TRUE,TRUE,TRUE,TRUE,TRUE,TRUE,TRUE,TRUE,,,,,,,,,,,,
,,,0/9,0,FALSE,,,,,,,,,,,,,,,,,,,,,,,,,,,,,,,,FALSE,FALSE,FALSE,FALSE,FALSE,FALSE,FALSE,FALSE,FALSE,FALSE,FALSE,,,FALSE,FALSE,FALSE,FALSE,FALSE,FALSE,FALSE,FALSE,FALSE,,FALSE,FALSE,FALSE,FALSE,TRUE,TRUE,TRUE,TRUE,TRUE,TRUE,TRUE,TRUE,TRUE,,,,,,,,,,,,
,,,0/9,0,FALSE,,,,,,,,,,,,,,,,,,,,,,,,,,,,,,,,FALSE,FALSE,FALSE,FALSE,FALSE,FALSE,FALSE,FALSE,FALSE,FALSE,FALSE,,,FALSE,FALSE,FALSE,FALSE,FALSE,FALSE,FALSE,FALSE,FALSE,,FALSE,FALSE,FALSE,FALSE,TRUE,TRUE,TRUE,TRUE,TRUE,TRUE,TRUE,TRUE,TRUE,,,,,,,,,,,,
,,,0/9,0,FALSE,,,,,,,,,,,,,,,,,,,,,,,,,,,,,,,,FALSE,FALSE,FALSE,FALSE,FALSE,FALSE,FALSE,FALSE,FALSE,FALSE,FALSE,,,FALSE,FALSE,FALSE,FALSE,FALSE,FALSE,FALSE,FALSE,FALSE,,FALSE,FALSE,FALSE,FALSE,TRUE,TRUE,TRUE,TRUE,TRUE,TRUE,TRUE,TRUE,TRUE,,,,,,,,,,,,
,,,0/9,0,FALSE,,,,,,,,,,,,,,,,,,,,,,,,,,,,,,,,FALSE,FALSE,FALSE,FALSE,FALSE,FALSE,FALSE,FALSE,FALSE,FALSE,FALSE,,,FALSE,FALSE,FALSE,FALSE,FALSE,FALSE,FALSE,FALSE,FALSE,,FALSE,FALSE,FALSE,FALSE,TRUE,TRUE,TRUE,TRUE,TRUE,TRUE,TRUE,TRUE,TRUE,,,,,,,,,,,,
,,,0/9,0,FALSE,,,,,,,,,,,,,,,,,,,,,,,,,,,,,,,,FALSE,FALSE,FALSE,FALSE,FALSE,FALSE,FALSE,FALSE,FALSE,FALSE,FALSE,,,FALSE,FALSE,FALSE,FALSE,FALSE,FALSE,FALSE,FALSE,FALSE,,FALSE,FALSE,FALSE,FALSE,TRUE,TRUE,TRUE,TRUE,TRUE,TRUE,TRUE,TRUE,TRUE,,,,,,,,,,,,
,,,0/9,0,FALSE,,,,,,,,,,,,,,,,,,,,,,,,,,,,,,,,FALSE,FALSE,FALSE,FALSE,FALSE,FALSE,FALSE,FALSE,FALSE,FALSE,FALSE,,,FALSE,FALSE,FALSE,FALSE,FALSE,FALSE,FALSE,FALSE,FALSE,,FALSE,FALSE,FALSE,FALSE,TRUE,TRUE,TRUE,TRUE,TRUE,TRUE,TRUE,TRUE,TRUE,,,,,,,,,,,,
,,,0/9,0,FALSE,,,,,,,,,,,,,,,,,,,,,,,,,,,,,,,,FALSE,FALSE,FALSE,FALSE,FALSE,FALSE,FALSE,FALSE,FALSE,FALSE,FALSE,,,FALSE,FALSE,FALSE,FALSE,FALSE,FALSE,FALSE,FALSE,FALSE,,FALSE,FALSE,FALSE,FALSE,TRUE,TRUE,TRUE,TRUE,TRUE,TRUE,TRUE,TRUE,TRUE,,,,,,,,,,,,
,,,0/9,0,FALSE,,,,,,,,,,,,,,,,,,,,,,,,,,,,,,,,FALSE,FALSE,FALSE,FALSE,FALSE,FALSE,FALSE,FALSE,FALSE,FALSE,FALSE,,,FALSE,FALSE,FALSE,FALSE,FALSE,FALSE,FALSE,FALSE,FALSE,,FALSE,FALSE,FALSE,FALSE,TRUE,TRUE,TRUE,TRUE,TRUE,TRUE,TRUE,TRUE,TRUE,,,,,,,,,,,,
,,,0/9,0,FALSE,,,,,,,,,,,,,,,,,,,,,,,,,,,,,,,,FALSE,FALSE,FALSE,FALSE,FALSE,FALSE,FALSE,FALSE,FALSE,FALSE,FALSE,,,FALSE,FALSE,FALSE,FALSE,FALSE,FALSE,FALSE,FALSE,FALSE,,FALSE,FALSE,FALSE,FALSE,TRUE,TRUE,TRUE,TRUE,TRUE,TRUE,TRUE,TRUE,TRUE,,,,,,,,,,,,
,,,0/9,0,FALSE,,,,,,,,,,,,,,,,,,,,,,,,,,,,,,,,FALSE,FALSE,FALSE,FALSE,FALSE,FALSE,FALSE,FALSE,FALSE,FALSE,FALSE,,,FALSE,FALSE,FALSE,FALSE,FALSE,FALSE,FALSE,FALSE,FALSE,,FALSE,FALSE,FALSE,FALSE,TRUE,TRUE,TRUE,TRUE,TRUE,TRUE,TRUE,TRUE,TRUE,,,,,,,,,,,,
,,,0/9,0,FALSE,,,,,,,,,,,,,,,,,,,,,,,,,,,,,,,,FALSE,FALSE,FALSE,FALSE,FALSE,FALSE,FALSE,FALSE,FALSE,FALSE,FALSE,,,FALSE,FALSE,FALSE,FALSE,FALSE,FALSE,FALSE,FALSE,FALSE,,FALSE,FALSE,FALSE,FALSE,TRUE,TRUE,TRUE,TRUE,TRUE,TRUE,TRUE,TRUE,TRUE,,,,,,,,,,,,
,,,0/9,0,FALSE,,,,,,,,,,,,,,,,,,,,,,,,,,,,,,,,FALSE,FALSE,FALSE,FALSE,FALSE,FALSE,FALSE,FALSE,FALSE,FALSE,FALSE,,,FALSE,FALSE,FALSE,FALSE,FALSE,FALSE,FALSE,FALSE,FALSE,,FALSE,FALSE,FALSE,FALSE,TRUE,TRUE,TRUE,TRUE,TRUE,TRUE,TRUE,TRUE,TRUE,,,,,,,,,,,,
,,,0/9,0,FALSE,,,,,,,,,,,,,,,,,,,,,,,,,,,,,,,,FALSE,FALSE,FALSE,FALSE,FALSE,FALSE,FALSE,FALSE,FALSE,FALSE,FALSE,,,FALSE,FALSE,FALSE,FALSE,FALSE,FALSE,FALSE,FALSE,FALSE,,FALSE,FALSE,FALSE,FALSE,TRUE,TRUE,TRUE,TRUE,TRUE,TRUE,TRUE,TRUE,TRUE,,,,,,,,,,,,
,,,0/9,0,FALSE,,,,,,,,,,,,,,,,,,,,,,,,,,,,,,,,FALSE,FALSE,FALSE,FALSE,FALSE,FALSE,FALSE,FALSE,FALSE,FALSE,FALSE,,,FALSE,FALSE,FALSE,FALSE,FALSE,FALSE,FALSE,FALSE,FALSE,,FALSE,FALSE,FALSE,FALSE,TRUE,TRUE,TRUE,TRUE,TRUE,TRUE,TRUE,TRUE,TRUE,,,,,,,,,,,,
,,,0/9,0,FALSE,,,,,,,,,,,,,,,,,,,,,,,,,,,,,,,,FALSE,FALSE,FALSE,FALSE,FALSE,FALSE,FALSE,FALSE,FALSE,FALSE,FALSE,,,FALSE,FALSE,FALSE,FALSE,FALSE,FALSE,FALSE,FALSE,FALSE,,FALSE,FALSE,FALSE,FALSE,TRUE,TRUE,TRUE,TRUE,TRUE,TRUE,TRUE,TRUE,TRUE,,,,,,,,,,,,
,,,0/9,0,FALSE,,,,,,,,,,,,,,,,,,,,,,,,,,,,,,,,FALSE,FALSE,FALSE,FALSE,FALSE,FALSE,FALSE,FALSE,FALSE,FALSE,FALSE,,,FALSE,FALSE,FALSE,FALSE,FALSE,FALSE,FALSE,FALSE,FALSE,,FALSE,FALSE,FALSE,FALSE,TRUE,TRUE,TRUE,TRUE,TRUE,TRUE,TRUE,TRUE,TRUE,,,,,,,,,,,,
,,,0/9,0,FALSE,,,,,,,,,,,,,,,,,,,,,,,,,,,,,,,,FALSE,FALSE,FALSE,FALSE,FALSE,FALSE,FALSE,FALSE,FALSE,FALSE,FALSE,,,FALSE,FALSE,FALSE,FALSE,FALSE,FALSE,FALSE,FALSE,FALSE,,FALSE,FALSE,FALSE,FALSE,TRUE,TRUE,TRUE,TRUE,TRUE,TRUE,TRUE,TRUE,TRUE,,,,,,,,,,,,
,,,0/9,0,FALSE,,,,,,,,,,,,,,,,,,,,,,,,,,,,,,,,FALSE,FALSE,FALSE,FALSE,FALSE,FALSE,FALSE,FALSE,FALSE,FALSE,FALSE,,,FALSE,FALSE,FALSE,FALSE,FALSE,FALSE,FALSE,FALSE,FALSE,,FALSE,FALSE,FALSE,FALSE,TRUE,TRUE,TRUE,TRUE,TRUE,TRUE,TRUE,TRUE,TRUE,,,,,,,,,,,,
,,,0/9,0,FALSE,,,,,,,,,,,,,,,,,,,,,,,,,,,,,,,,FALSE,FALSE,FALSE,FALSE,FALSE,FALSE,FALSE,FALSE,FALSE,FALSE,FALSE,,,FALSE,FALSE,FALSE,FALSE,FALSE,FALSE,FALSE,FALSE,FALSE,,FALSE,FALSE,FALSE,FALSE,TRUE,TRUE,TRUE,TRUE,TRUE,TRUE,TRUE,TRUE,TRUE,,,,,,,,,,,,
,,,0/9,0,FALSE,,,,,,,,,,,,,,,,,,,,,,,,,,,,,,,,FALSE,FALSE,FALSE,FALSE,FALSE,FALSE,FALSE,FALSE,FALSE,FALSE,FALSE,,,FALSE,FALSE,FALSE,FALSE,FALSE,FALSE,FALSE,FALSE,FALSE,,FALSE,FALSE,FALSE,FALSE,TRUE,TRUE,TRUE,TRUE,TRUE,TRUE,TRUE,TRUE,TRUE,,,,,,,,,,,,
,,,0/9,0,FALSE,,,,,,,,,,,,,,,,,,,,,,,,,,,,,,,,FALSE,FALSE,FALSE,FALSE,FALSE,FALSE,FALSE,FALSE,FALSE,FALSE,FALSE,,,FALSE,FALSE,FALSE,FALSE,FALSE,FALSE,FALSE,FALSE,FALSE,,FALSE,FALSE,FALSE,FALSE,TRUE,TRUE,TRUE,TRUE,TRUE,TRUE,TRUE,TRUE,TRUE,,,,,,,,,,,,
,,,0/9,0,FALSE,,,,,,,,,,,,,,,,,,,,,,,,,,,,,,,,FALSE,FALSE,FALSE,FALSE,FALSE,FALSE,FALSE,FALSE,FALSE,FALSE,FALSE,,,FALSE,FALSE,FALSE,FALSE,FALSE,FALSE,FALSE,FALSE,FALSE,,FALSE,FALSE,FALSE,FALSE,TRUE,TRUE,TRUE,TRUE,TRUE,TRUE,TRUE,TRUE,TRUE,,,,,,,,,,,,
,,,0/9,0,FALSE,,,,,,,,,,,,,,,,,,,,,,,,,,,,,,,,FALSE,FALSE,FALSE,FALSE,FALSE,FALSE,FALSE,FALSE,FALSE,FALSE,FALSE,,,FALSE,FALSE,FALSE,FALSE,FALSE,FALSE,FALSE,FALSE,FALSE,,FALSE,FALSE,FALSE,FALSE,TRUE,TRUE,TRUE,TRUE,TRUE,TRUE,TRUE,TRUE,TRUE,,,,,,,,,,,,
,,,0/9,0,FALSE,,,,,,,,,,,,,,,,,,,,,,,,,,,,,,,,FALSE,FALSE,FALSE,FALSE,FALSE,FALSE,FALSE,FALSE,FALSE,FALSE,FALSE,,,FALSE,FALSE,FALSE,FALSE,FALSE,FALSE,FALSE,FALSE,FALSE,,FALSE,FALSE,FALSE,FALSE,TRUE,TRUE,TRUE,TRUE,TRUE,TRUE,TRUE,TRUE,TRUE,,,,,,,,,,,,
,,,0/9,0,FALSE,,,,,,,,,,,,,,,,,,,,,,,,,,,,,,,,FALSE,FALSE,FALSE,FALSE,FALSE,FALSE,FALSE,FALSE,FALSE,FALSE,FALSE,,,FALSE,FALSE,FALSE,FALSE,FALSE,FALSE,FALSE,FALSE,FALSE,,FALSE,FALSE,FALSE,FALSE,TRUE,TRUE,TRUE,TRUE,TRUE,TRUE,TRUE,TRUE,TRUE,,,,,,,,,,,,
,,,0/9,0,FALSE,,,,,,,,,,,,,,,,,,,,,,,,,,,,,,,,FALSE,FALSE,FALSE,FALSE,FALSE,FALSE,FALSE,FALSE,FALSE,FALSE,FALSE,,,FALSE,FALSE,FALSE,FALSE,FALSE,FALSE,FALSE,FALSE,FALSE,,FALSE,FALSE,FALSE,FALSE,TRUE,TRUE,TRUE,TRUE,TRUE,TRUE,TRUE,TRUE,TRUE,,,,,,,,,,,,
,,,0/9,0,FALSE,,,,,,,,,,,,,,,,,,,,,,,,,,,,,,,,FALSE,FALSE,FALSE,FALSE,FALSE,FALSE,FALSE,FALSE,FALSE,FALSE,FALSE,,,FALSE,FALSE,FALSE,FALSE,FALSE,FALSE,FALSE,FALSE,FALSE,,FALSE,FALSE,FALSE,FALSE,TRUE,TRUE,TRUE,TRUE,TRUE,TRUE,TRUE,TRUE,TRUE,,,,,,,,,,,,
,,,0/9,0,FALSE,,,,,,,,,,,,,,,,,,,,,,,,,,,,,,,,FALSE,FALSE,FALSE,FALSE,FALSE,FALSE,FALSE,FALSE,FALSE,FALSE,FALSE,,,FALSE,FALSE,FALSE,FALSE,FALSE,FALSE,FALSE,FALSE,FALSE,,FALSE,FALSE,FALSE,FALSE,TRUE,TRUE,TRUE,TRUE,TRUE,TRUE,TRUE,TRUE,TRUE,,,,,,,,,,,,
,,,0/9,0,FALSE,,,,,,,,,,,,,,,,,,,,,,,,,,,,,,,,FALSE,FALSE,FALSE,FALSE,FALSE,FALSE,FALSE,FALSE,FALSE,FALSE,FALSE,,,FALSE,FALSE,FALSE,FALSE,FALSE,FALSE,FALSE,FALSE,FALSE,,FALSE,FALSE,FALSE,FALSE,TRUE,TRUE,TRUE,TRUE,TRUE,TRUE,TRUE,TRUE,TRUE,,,,,,,,,,,,
,,,0/9,0,FALSE,,,,,,,,,,,,,,,,,,,,,,,,,,,,,,,,FALSE,FALSE,FALSE,FALSE,FALSE,FALSE,FALSE,FALSE,FALSE,FALSE,FALSE,,,FALSE,FALSE,FALSE,FALSE,FALSE,FALSE,FALSE,FALSE,FALSE,,FALSE,FALSE,FALSE,FALSE,TRUE,TRUE,TRUE,TRUE,TRUE,TRUE,TRUE,TRUE,TRUE,,,,,,,,,,,,
,,,0/9,0,FALSE,,,,,,,,,,,,,,,,,,,,,,,,,,,,,,,,FALSE,FALSE,FALSE,FALSE,FALSE,FALSE,FALSE,FALSE,FALSE,FALSE,FALSE,,,FALSE,FALSE,FALSE,FALSE,FALSE,FALSE,FALSE,FALSE,FALSE,,FALSE,FALSE,FALSE,FALSE,TRUE,TRUE,TRUE,TRUE,TRUE,TRUE,TRUE,TRUE,TRUE,,,,,,,,,,,,
,,,0/9,0,FALSE,,,,,,,,,,,,,,,,,,,,,,,,,,,,,,,,FALSE,FALSE,FALSE,FALSE,FALSE,FALSE,FALSE,FALSE,FALSE,FALSE,FALSE,,,FALSE,FALSE,FALSE,FALSE,FALSE,FALSE,FALSE,FALSE,FALSE,,FALSE,FALSE,FALSE,FALSE,TRUE,TRUE,TRUE,TRUE,TRUE,TRUE,TRUE,TRUE,TRUE,,,,,,,,,,,,
,,,0/9,0,FALSE,,,,,,,,,,,,,,,,,,,,,,,,,,,,,,,,FALSE,FALSE,FALSE,FALSE,FALSE,FALSE,FALSE,FALSE,FALSE,FALSE,FALSE,,,FALSE,FALSE,FALSE,FALSE,FALSE,FALSE,FALSE,FALSE,FALSE,,FALSE,FALSE,FALSE,FALSE,TRUE,TRUE,TRUE,TRUE,TRUE,TRUE,TRUE,TRUE,TRUE,,,,,,,,,,,,
,,,0/9,0,FALSE,,,,,,,,,,,,,,,,,,,,,,,,,,,,,,,,FALSE,FALSE,FALSE,FALSE,FALSE,FALSE,FALSE,FALSE,FALSE,FALSE,FALSE,,,FALSE,FALSE,FALSE,FALSE,FALSE,FALSE,FALSE,FALSE,FALSE,,FALSE,FALSE,FALSE,FALSE,TRUE,TRUE,TRUE,TRUE,TRUE,TRUE,TRUE,TRUE,TRUE,,,,,,,,,,,,
,,,0/9,0,FALSE,,,,,,,,,,,,,,,,,,,,,,,,,,,,,,,,FALSE,FALSE,FALSE,FALSE,FALSE,FALSE,FALSE,FALSE,FALSE,FALSE,FALSE,,,FALSE,FALSE,FALSE,FALSE,FALSE,FALSE,FALSE,FALSE,FALSE,,FALSE,FALSE,FALSE,FALSE,TRUE,TRUE,TRUE,TRUE,TRUE,TRUE,TRUE,TRUE,TRUE,,,,,,,,,,,,
,,,0/9,0,FALSE,,,,,,,,,,,,,,,,,,,,,,,,,,,,,,,,FALSE,FALSE,FALSE,FALSE,FALSE,FALSE,FALSE,FALSE,FALSE,FALSE,FALSE,,,FALSE,FALSE,FALSE,FALSE,FALSE,FALSE,FALSE,FALSE,FALSE,,FALSE,FALSE,FALSE,FALSE,TRUE,TRUE,TRUE,TRUE,TRUE,TRUE,TRUE,TRUE,TRUE,,,,,,,,,,,,
,,,0/9,0,FALSE,,,,,,,,,,,,,,,,,,,,,,,,,,,,,,,,FALSE,FALSE,FALSE,FALSE,FALSE,FALSE,FALSE,FALSE,FALSE,FALSE,FALSE,,,FALSE,FALSE,FALSE,FALSE,FALSE,FALSE,FALSE,FALSE,FALSE,,FALSE,FALSE,FALSE,FALSE,TRUE,TRUE,TRUE,TRUE,TRUE,TRUE,TRUE,TRUE,TRUE,,,,,,,,,,,,
,,,0/9,0,FALSE,,,,,,,,,,,,,,,,,,,,,,,,,,,,,,,,FALSE,FALSE,FALSE,FALSE,FALSE,FALSE,FALSE,FALSE,FALSE,FALSE,FALSE,,,FALSE,FALSE,FALSE,FALSE,FALSE,FALSE,FALSE,FALSE,FALSE,,FALSE,FALSE,FALSE,FALSE,TRUE,TRUE,TRUE,TRUE,TRUE,TRUE,TRUE,TRUE,TRUE,,,,,,,,,,,,
,,,0/9,0,FALSE,,,,,,,,,,,,,,,,,,,,,,,,,,,,,,,,FALSE,FALSE,FALSE,FALSE,FALSE,FALSE,FALSE,FALSE,FALSE,FALSE,FALSE,,,FALSE,FALSE,FALSE,FALSE,FALSE,FALSE,FALSE,FALSE,FALSE,,FALSE,FALSE,FALSE,FALSE,TRUE,TRUE,TRUE,TRUE,TRUE,TRUE,TRUE,TRUE,TRUE,,,,,,,,,,,,
,,,0/9,0,FALSE,,,,,,,,,,,,,,,,,,,,,,,,,,,,,,,,FALSE,FALSE,FALSE,FALSE,FALSE,FALSE,FALSE,FALSE,FALSE,FALSE,FALSE,,,FALSE,FALSE,FALSE,FALSE,FALSE,FALSE,FALSE,FALSE,FALSE,,FALSE,FALSE,FALSE,FALSE,TRUE,TRUE,TRUE,TRUE,TRUE,TRUE,TRUE,TRUE,TRUE,,,,,,,,,,,,
,,,0/9,0,FALSE,,,,,,,,,,,,,,,,,,,,,,,,,,,,,,,,FALSE,FALSE,FALSE,FALSE,FALSE,FALSE,FALSE,FALSE,FALSE,FALSE,FALSE,,,FALSE,FALSE,FALSE,FALSE,FALSE,FALSE,FALSE,FALSE,FALSE,,FALSE,FALSE,FALSE,FALSE,TRUE,TRUE,TRUE,TRUE,TRUE,TRUE,TRUE,TRUE,TRUE,,,,,,,,,,,,
,,,0/9,0,FALSE,,,,,,,,,,,,,,,,,,,,,,,,,,,,,,,,FALSE,FALSE,FALSE,FALSE,FALSE,FALSE,FALSE,FALSE,FALSE,FALSE,FALSE,,,FALSE,FALSE,FALSE,FALSE,FALSE,FALSE,FALSE,FALSE,FALSE,,FALSE,FALSE,FALSE,FALSE,TRUE,TRUE,TRUE,TRUE,TRUE,TRUE,TRUE,TRUE,TRUE,,,,,,,,,,,,
,,,0/9,0,FALSE,,,,,,,,,,,,,,,,,,,,,,,,,,,,,,,,FALSE,FALSE,FALSE,FALSE,FALSE,FALSE,FALSE,FALSE,FALSE,FALSE,FALSE,,,FALSE,FALSE,FALSE,FALSE,FALSE,FALSE,FALSE,FALSE,FALSE,,FALSE,FALSE,FALSE,FALSE,TRUE,TRUE,TRUE,TRUE,TRUE,TRUE,TRUE,TRUE,TRUE,,,,,,,,,,,,
,,,0/9,0,FALSE,,,,,,,,,,,,,,,,,,,,,,,,,,,,,,,,FALSE,FALSE,FALSE,FALSE,FALSE,FALSE,FALSE,FALSE,FALSE,FALSE,FALSE,,,FALSE,FALSE,FALSE,FALSE,FALSE,FALSE,FALSE,FALSE,FALSE,,FALSE,FALSE,FALSE,FALSE,TRUE,TRUE,TRUE,TRUE,TRUE,TRUE,TRUE,TRUE,TRUE,,,,,,,,,,,,
,,,0/9,0,FALSE,,,,,,,,,,,,,,,,,,,,,,,,,,,,,,,,FALSE,FALSE,FALSE,FALSE,FALSE,FALSE,FALSE,FALSE,FALSE,FALSE,FALSE,,,FALSE,FALSE,FALSE,FALSE,FALSE,FALSE,FALSE,FALSE,FALSE,,FALSE,FALSE,FALSE,FALSE,TRUE,TRUE,TRUE,TRUE,TRUE,TRUE,TRUE,TRUE,TRUE,,,,,,,,,,,,
,,,0/9,0,FALSE,,,,,,,,,,,,,,,,,,,,,,,,,,,,,,,,FALSE,FALSE,FALSE,FALSE,FALSE,FALSE,FALSE,FALSE,FALSE,FALSE,FALSE,,,FALSE,FALSE,FALSE,FALSE,FALSE,FALSE,FALSE,FALSE,FALSE,,FALSE,FALSE,FALSE,FALSE,TRUE,TRUE,TRUE,TRUE,TRUE,TRUE,TRUE,TRUE,TRUE,,,,,,,,,,,,
,,,0/9,0,FALSE,,,,,,,,,,,,,,,,,,,,,,,,,,,,,,,,FALSE,FALSE,FALSE,FALSE,FALSE,FALSE,FALSE,FALSE,FALSE,FALSE,FALSE,,,FALSE,FALSE,FALSE,FALSE,FALSE,FALSE,FALSE,FALSE,FALSE,,FALSE,FALSE,FALSE,FALSE,TRUE,TRUE,TRUE,TRUE,TRUE,TRUE,TRUE,TRUE,TRUE,,,,,,,,,,,,
,,,0/9,0,FALSE,,,,,,,,,,,,,,,,,,,,,,,,,,,,,,,,FALSE,FALSE,FALSE,FALSE,FALSE,FALSE,FALSE,FALSE,FALSE,FALSE,FALSE,,,FALSE,FALSE,FALSE,FALSE,FALSE,FALSE,FALSE,FALSE,FALSE,,FALSE,FALSE,FALSE,FALSE,TRUE,TRUE,TRUE,TRUE,TRUE,TRUE,TRUE,TRUE,TRUE,,,,,,,,,,,,
,,,0/9,0,FALSE,,,,,,,,,,,,,,,,,,,,,,,,,,,,,,,,FALSE,FALSE,FALSE,FALSE,FALSE,FALSE,FALSE,FALSE,FALSE,FALSE,FALSE,,,FALSE,FALSE,FALSE,FALSE,FALSE,FALSE,FALSE,FALSE,FALSE,,FALSE,FALSE,FALSE,FALSE,TRUE,TRUE,TRUE,TRUE,TRUE,TRUE,TRUE,TRUE,TRUE,,,,,,,,,,,,
,,,0/9,0,FALSE,,,,,,,,,,,,,,,,,,,,,,,,,,,,,,,,FALSE,FALSE,FALSE,FALSE,FALSE,FALSE,FALSE,FALSE,FALSE,FALSE,FALSE,,,FALSE,FALSE,FALSE,FALSE,FALSE,FALSE,FALSE,FALSE,FALSE,,FALSE,FALSE,FALSE,FALSE,TRUE,TRUE,TRUE,TRUE,TRUE,TRUE,TRUE,TRUE,TRUE,,,,,,,,,,,,
,,,0/9,0,FALSE,,,,,,,,,,,,,,,,,,,,,,,,,,,,,,,,FALSE,FALSE,FALSE,FALSE,FALSE,FALSE,FALSE,FALSE,FALSE,FALSE,FALSE,,,FALSE,FALSE,FALSE,FALSE,FALSE,FALSE,FALSE,FALSE,FALSE,,FALSE,FALSE,FALSE,FALSE,TRUE,TRUE,TRUE,TRUE,TRUE,TRUE,TRUE,TRUE,TRUE,,,,,,,,,,,,
,,,0/9,0,FALSE,,,,,,,,,,,,,,,,,,,,,,,,,,,,,,,,FALSE,FALSE,FALSE,FALSE,FALSE,FALSE,FALSE,FALSE,FALSE,FALSE,FALSE,,,FALSE,FALSE,FALSE,FALSE,FALSE,FALSE,FALSE,FALSE,FALSE,,FALSE,FALSE,FALSE,FALSE,TRUE,TRUE,TRUE,TRUE,TRUE,TRUE,TRUE,TRUE,TRUE,,,,,,,,,,,,
,,,0/9,0,FALSE,,,,,,,,,,,,,,,,,,,,,,,,,,,,,,,,FALSE,FALSE,FALSE,FALSE,FALSE,FALSE,FALSE,FALSE,FALSE,FALSE,FALSE,,,FALSE,FALSE,FALSE,FALSE,FALSE,FALSE,FALSE,FALSE,FALSE,,FALSE,FALSE,FALSE,FALSE,TRUE,TRUE,TRUE,TRUE,TRUE,TRUE,TRUE,TRUE,TRUE,,,,,,,,,,,,
,,,0/9,0,FALSE,,,,,,,,,,,,,,,,,,,,,,,,,,,,,,,,FALSE,FALSE,FALSE,FALSE,FALSE,FALSE,FALSE,FALSE,FALSE,FALSE,FALSE,,,FALSE,FALSE,FALSE,FALSE,FALSE,FALSE,FALSE,FALSE,FALSE,,FALSE,FALSE,FALSE,FALSE,TRUE,TRUE,TRUE,TRUE,TRUE,TRUE,TRUE,TRUE,TRUE,,,,,,,,,,,,
,,,0/9,0,FALSE,,,,,,,,,,,,,,,,,,,,,,,,,,,,,,,,FALSE,FALSE,FALSE,FALSE,FALSE,FALSE,FALSE,FALSE,FALSE,FALSE,FALSE,,,FALSE,FALSE,FALSE,FALSE,FALSE,FALSE,FALSE,FALSE,FALSE,,FALSE,FALSE,FALSE,FALSE,TRUE,TRUE,TRUE,TRUE,TRUE,TRUE,TRUE,TRUE,TRUE,,,,,,,,,,,,
,,,0/9,0,FALSE,,,,,,,,,,,,,,,,,,,,,,,,,,,,,,,,FALSE,FALSE,FALSE,FALSE,FALSE,FALSE,FALSE,FALSE,FALSE,FALSE,FALSE,,,FALSE,FALSE,FALSE,FALSE,FALSE,FALSE,FALSE,FALSE,FALSE,,FALSE,FALSE,FALSE,FALSE,TRUE,TRUE,TRUE,TRUE,TRUE,TRUE,TRUE,TRUE,TRUE,,,,,,,,,,,,
,,,0/9,0,FALSE,,,,,,,,,,,,,,,,,,,,,,,,,,,,,,,,FALSE,FALSE,FALSE,FALSE,FALSE,FALSE,FALSE,FALSE,FALSE,FALSE,FALSE,,,FALSE,FALSE,FALSE,FALSE,FALSE,FALSE,FALSE,FALSE,FALSE,,FALSE,FALSE,FALSE,FALSE,TRUE,TRUE,TRUE,TRUE,TRUE,TRUE,TRUE,TRUE,TRUE,,,,,,,,,,,,
,,,0/9,0,FALSE,,,,,,,,,,,,,,,,,,,,,,,,,,,,,,,,FALSE,FALSE,FALSE,FALSE,FALSE,FALSE,FALSE,FALSE,FALSE,FALSE,FALSE,,,FALSE,FALSE,FALSE,FALSE,FALSE,FALSE,FALSE,FALSE,FALSE,,FALSE,FALSE,FALSE,FALSE,TRUE,TRUE,TRUE,TRUE,TRUE,TRUE,TRUE,TRUE,TRUE,,,,,,,,,,,,
,,,0/9,0,FALSE,,,,,,,,,,,,,,,,,,,,,,,,,,,,,,,,FALSE,FALSE,FALSE,FALSE,FALSE,FALSE,FALSE,FALSE,FALSE,FALSE,FALSE,,,FALSE,FALSE,FALSE,FALSE,FALSE,FALSE,FALSE,FALSE,FALSE,,FALSE,FALSE,FALSE,FALSE,TRUE,TRUE,TRUE,TRUE,TRUE,TRUE,TRUE,TRUE,TRUE,,,,,,,,,,,,
,,,0/9,0,FALSE,,,,,,,,,,,,,,,,,,,,,,,,,,,,,,,,FALSE,FALSE,FALSE,FALSE,FALSE,FALSE,FALSE,FALSE,FALSE,FALSE,FALSE,,,FALSE,FALSE,FALSE,FALSE,FALSE,FALSE,FALSE,FALSE,FALSE,,FALSE,FALSE,FALSE,FALSE,TRUE,TRUE,TRUE,TRUE,TRUE,TRUE,TRUE,TRUE,TRUE,,,,,,,,,,,,
,,,0/9,0,FALSE,,,,,,,,,,,,,,,,,,,,,,,,,,,,,,,,FALSE,FALSE,FALSE,FALSE,FALSE,FALSE,FALSE,FALSE,FALSE,FALSE,FALSE,,,FALSE,FALSE,FALSE,FALSE,FALSE,FALSE,FALSE,FALSE,FALSE,,FALSE,FALSE,FALSE,FALSE,TRUE,TRUE,TRUE,TRUE,TRUE,TRUE,TRUE,TRUE,TRUE,,,,,,,,,,,,
,,,0/9,0,FALSE,,,,,,,,,,,,,,,,,,,,,,,,,,,,,,,,FALSE,FALSE,FALSE,FALSE,FALSE,FALSE,FALSE,FALSE,FALSE,FALSE,FALSE,,,FALSE,FALSE,FALSE,FALSE,FALSE,FALSE,FALSE,FALSE,FALSE,,FALSE,FALSE,FALSE,FALSE,TRUE,TRUE,TRUE,TRUE,TRUE,TRUE,TRUE,TRUE,TRUE,,,,,,,,,,,,
,,,0/9,0,FALSE,,,,,,,,,,,,,,,,,,,,,,,,,,,,,,,,FALSE,FALSE,FALSE,FALSE,FALSE,FALSE,FALSE,FALSE,FALSE,FALSE,FALSE,,,FALSE,FALSE,FALSE,FALSE,FALSE,FALSE,FALSE,FALSE,FALSE,,FALSE,FALSE,FALSE,FALSE,TRUE,TRUE,TRUE,TRUE,TRUE,TRUE,TRUE,TRUE,TRUE,,,,,,,,,,,,
,,,0/9,0,FALSE,,,,,,,,,,,,,,,,,,,,,,,,,,,,,,,,FALSE,FALSE,FALSE,FALSE,FALSE,FALSE,FALSE,FALSE,FALSE,FALSE,FALSE,,,FALSE,FALSE,FALSE,FALSE,FALSE,FALSE,FALSE,FALSE,FALSE,,FALSE,FALSE,FALSE,FALSE,TRUE,TRUE,TRUE,TRUE,TRUE,TRUE,TRUE,TRUE,TRUE,,,,,,,,,,,,
,,,0/9,0,FALSE,,,,,,,,,,,,,,,,,,,,,,,,,,,,,,,,FALSE,FALSE,FALSE,FALSE,FALSE,FALSE,FALSE,FALSE,FALSE,FALSE,FALSE,,,FALSE,FALSE,FALSE,FALSE,FALSE,FALSE,FALSE,FALSE,FALSE,,FALSE,FALSE,FALSE,FALSE,TRUE,TRUE,TRUE,TRUE,TRUE,TRUE,TRUE,TRUE,TRUE,,,,,,,,,,,,
,,,0/9,0,FALSE,,,,,,,,,,,,,,,,,,,,,,,,,,,,,,,,FALSE,FALSE,FALSE,FALSE,FALSE,FALSE,FALSE,FALSE,FALSE,FALSE,FALSE,,,FALSE,FALSE,FALSE,FALSE,FALSE,FALSE,FALSE,FALSE,FALSE,,FALSE,FALSE,FALSE,FALSE,TRUE,TRUE,TRUE,TRUE,TRUE,TRUE,TRUE,TRUE,TRUE,,,,,,,,,,,,
,,,0/9,0,FALSE,,,,,,,,,,,,,,,,,,,,,,,,,,,,,,,,FALSE,FALSE,FALSE,FALSE,FALSE,FALSE,FALSE,FALSE,FALSE,FALSE,FALSE,,,FALSE,FALSE,FALSE,FALSE,FALSE,FALSE,FALSE,FALSE,FALSE,,FALSE,FALSE,FALSE,FALSE,TRUE,TRUE,TRUE,TRUE,TRUE,TRUE,TRUE,TRUE,TRUE,,,,,,,,,,,,
,,,0/9,0,FALSE,,,,,,,,,,,,,,,,,,,,,,,,,,,,,,,,FALSE,FALSE,FALSE,FALSE,FALSE,FALSE,FALSE,FALSE,FALSE,FALSE,FALSE,,,FALSE,FALSE,FALSE,FALSE,FALSE,FALSE,FALSE,FALSE,FALSE,,FALSE,FALSE,FALSE,FALSE,TRUE,TRUE,TRUE,TRUE,TRUE,TRUE,TRUE,TRUE,TRUE,,,,,,,,,,,,
,,,0/9,0,FALSE,,,,,,,,,,,,,,,,,,,,,,,,,,,,,,,,FALSE,FALSE,FALSE,FALSE,FALSE,FALSE,FALSE,FALSE,FALSE,FALSE,FALSE,,,FALSE,FALSE,FALSE,FALSE,FALSE,FALSE,FALSE,FALSE,FALSE,,FALSE,FALSE,FALSE,FALSE,TRUE,TRUE,TRUE,TRUE,TRUE,TRUE,TRUE,TRUE,TRUE,,,,,,,,,,,,
,,,0/9,0,FALSE,,,,,,,,,,,,,,,,,,,,,,,,,,,,,,,,FALSE,FALSE,FALSE,FALSE,FALSE,FALSE,FALSE,FALSE,FALSE,FALSE,FALSE,,,FALSE,FALSE,FALSE,FALSE,FALSE,FALSE,FALSE,FALSE,FALSE,,FALSE,FALSE,FALSE,FALSE,TRUE,TRUE,TRUE,TRUE,TRUE,TRUE,TRUE,TRUE,TRUE,,,,,,,,,,,,
,,,0/9,0,FALSE,,,,,,,,,,,,,,,,,,,,,,,,,,,,,,,,FALSE,FALSE,FALSE,FALSE,FALSE,FALSE,FALSE,FALSE,FALSE,FALSE,FALSE,,,FALSE,FALSE,FALSE,FALSE,FALSE,FALSE,FALSE,FALSE,FALSE,,FALSE,FALSE,FALSE,FALSE,TRUE,TRUE,TRUE,TRUE,TRUE,TRUE,TRUE,TRUE,TRUE,,,,,,,,,,,,
,,,0/9,0,FALSE,,,,,,,,,,,,,,,,,,,,,,,,,,,,,,,,FALSE,FALSE,FALSE,FALSE,FALSE,FALSE,FALSE,FALSE,FALSE,FALSE,FALSE,,,FALSE,FALSE,FALSE,FALSE,FALSE,FALSE,FALSE,FALSE,FALSE,,FALSE,FALSE,FALSE,FALSE,TRUE,TRUE,TRUE,TRUE,TRUE,TRUE,TRUE,TRUE,TRUE,,,,,,,,,,,,
,,,0/9,0,FALSE,,,,,,,,,,,,,,,,,,,,,,,,,,,,,,,,FALSE,FALSE,FALSE,FALSE,FALSE,FALSE,FALSE,FALSE,FALSE,FALSE,FALSE,,,FALSE,FALSE,FALSE,FALSE,FALSE,FALSE,FALSE,FALSE,FALSE,,FALSE,FALSE,FALSE,FALSE,TRUE,TRUE,TRUE,TRUE,TRUE,TRUE,TRUE,TRUE,TRUE,,,,,,,,,,,,
,,,0/9,0,FALSE,,,,,,,,,,,,,,,,,,,,,,,,,,,,,,,,FALSE,FALSE,FALSE,FALSE,FALSE,FALSE,FALSE,FALSE,FALSE,FALSE,FALSE,,,FALSE,FALSE,FALSE,FALSE,FALSE,FALSE,FALSE,FALSE,FALSE,,FALSE,FALSE,FALSE,FALSE,TRUE,TRUE,TRUE,TRUE,TRUE,TRUE,TRUE,TRUE,TRUE,,,,,,,,,,,,
,,,0/9,0,FALSE,,,,,,,,,,,,,,,,,,,,,,,,,,,,,,,,FALSE,FALSE,FALSE,FALSE,FALSE,FALSE,FALSE,FALSE,FALSE,FALSE,FALSE,,,FALSE,FALSE,FALSE,FALSE,FALSE,FALSE,FALSE,FALSE,FALSE,,FALSE,FALSE,FALSE,FALSE,TRUE,TRUE,TRUE,TRUE,TRUE,TRUE,TRUE,TRUE,TRUE,,,,,,,,,,,,
,,,0/9,0,FALSE,,,,,,,,,,,,,,,,,,,,,,,,,,,,,,,,FALSE,FALSE,FALSE,FALSE,FALSE,FALSE,FALSE,FALSE,FALSE,FALSE,FALSE,,,FALSE,FALSE,FALSE,FALSE,FALSE,FALSE,FALSE,FALSE,FALSE,,FALSE,FALSE,FALSE,FALSE,TRUE,TRUE,TRUE,TRUE,TRUE,TRUE,TRUE,TRUE,TRUE,,,,,,,,,,,,
,,,0/9,0,FALSE,,,,,,,,,,,,,,,,,,,,,,,,,,,,,,,,FALSE,FALSE,FALSE,FALSE,FALSE,FALSE,FALSE,FALSE,FALSE,FALSE,FALSE,,,FALSE,FALSE,FALSE,FALSE,FALSE,FALSE,FALSE,FALSE,FALSE,,FALSE,FALSE,FALSE,FALSE,TRUE,TRUE,TRUE,TRUE,TRUE,TRUE,TRUE,TRUE,TRUE,,,,,,,,,,,,
,,,0/9,0,FALSE,,,,,,,,,,,,,,,,,,,,,,,,,,,,,,,,FALSE,FALSE,FALSE,FALSE,FALSE,FALSE,FALSE,FALSE,FALSE,FALSE,FALSE,,,FALSE,FALSE,FALSE,FALSE,FALSE,FALSE,FALSE,FALSE,FALSE,,FALSE,FALSE,FALSE,FALSE,TRUE,TRUE,TRUE,TRUE,TRUE,TRUE,TRUE,TRUE,TRUE,,,,,,,,,,,,
,,,0/9,0,FALSE,,,,,,,,,,,,,,,,,,,,,,,,,,,,,,,,FALSE,FALSE,FALSE,FALSE,FALSE,FALSE,FALSE,FALSE,FALSE,FALSE,FALSE,,,FALSE,FALSE,FALSE,FALSE,FALSE,FALSE,FALSE,FALSE,FALSE,,FALSE,FALSE,FALSE,FALSE,TRUE,TRUE,TRUE,TRUE,TRUE,TRUE,TRUE,TRUE,TRUE,,,,,,,,,,,,
,,,0/9,0,FALSE,,,,,,,,,,,,,,,,,,,,,,,,,,,,,,,,FALSE,FALSE,FALSE,FALSE,FALSE,FALSE,FALSE,FALSE,FALSE,FALSE,FALSE,,,FALSE,FALSE,FALSE,FALSE,FALSE,FALSE,FALSE,FALSE,FALSE,,FALSE,FALSE,FALSE,FALSE,TRUE,TRUE,TRUE,TRUE,TRUE,TRUE,TRUE,TRUE,TRUE,,,,,,,,,,,,
,,,0/9,0,FALSE,,,,,,,,,,,,,,,,,,,,,,,,,,,,,,,,FALSE,FALSE,FALSE,FALSE,FALSE,FALSE,FALSE,FALSE,FALSE,FALSE,FALSE,,,FALSE,FALSE,FALSE,FALSE,FALSE,FALSE,FALSE,FALSE,FALSE,,FALSE,FALSE,FALSE,FALSE,TRUE,TRUE,TRUE,TRUE,TRUE,TRUE,TRUE,TRUE,TRUE,,,,,,,,,,,,
,,,0/9,0,FALSE,,,,,,,,,,,,,,,,,,,,,,,,,,,,,,,,FALSE,FALSE,FALSE,FALSE,FALSE,FALSE,FALSE,FALSE,FALSE,FALSE,FALSE,,,FALSE,FALSE,FALSE,FALSE,FALSE,FALSE,FALSE,FALSE,FALSE,,FALSE,FALSE,FALSE,FALSE,TRUE,TRUE,TRUE,TRUE,TRUE,TRUE,TRUE,TRUE,TRUE,,,,,,,,,,,,
,,,0/9,0,FALSE,,,,,,,,,,,,,,,,,,,,,,,,,,,,,,,,FALSE,FALSE,FALSE,FALSE,FALSE,FALSE,FALSE,FALSE,FALSE,FALSE,FALSE,,,FALSE,FALSE,FALSE,FALSE,FALSE,FALSE,FALSE,FALSE,FALSE,,FALSE,FALSE,FALSE,FALSE,TRUE,TRUE,TRUE,TRUE,TRUE,TRUE,TRUE,TRUE,TRUE,,,,,,,,,,,,
,,,0/9,0,FALSE,,,,,,,,,,,,,,,,,,,,,,,,,,,,,,,,FALSE,FALSE,FALSE,FALSE,FALSE,FALSE,FALSE,FALSE,FALSE,FALSE,FALSE,,,FALSE,FALSE,FALSE,FALSE,FALSE,FALSE,FALSE,FALSE,FALSE,,FALSE,FALSE,FALSE,FALSE,TRUE,TRUE,TRUE,TRUE,TRUE,TRUE,TRUE,TRUE,TRUE,,,,,,,,,,,,
,,,0/9,0,FALSE,,,,,,,,,,,,,,,,,,,,,,,,,,,,,,,,FALSE,FALSE,FALSE,FALSE,FALSE,FALSE,FALSE,FALSE,FALSE,FALSE,FALSE,,,FALSE,FALSE,FALSE,FALSE,FALSE,FALSE,FALSE,FALSE,FALSE,,FALSE,FALSE,FALSE,FALSE,TRUE,TRUE,TRUE,TRUE,TRUE,TRUE,TRUE,TRUE,TRUE,,,,,,,,,,,,
,,,0/9,0,FALSE,,,,,,,,,,,,,,,,,,,,,,,,,,,,,,,,FALSE,FALSE,FALSE,FALSE,FALSE,FALSE,FALSE,FALSE,FALSE,FALSE,FALSE,,,FALSE,FALSE,FALSE,FALSE,FALSE,FALSE,FALSE,FALSE,FALSE,,FALSE,FALSE,FALSE,FALSE,TRUE,TRUE,TRUE,TRUE,TRUE,TRUE,TRUE,TRUE,TRUE,,,,,,,,,,,,
,,,0/9,0,FALSE,,,,,,,,,,,,,,,,,,,,,,,,,,,,,,,,FALSE,FALSE,FALSE,FALSE,FALSE,FALSE,FALSE,FALSE,FALSE,FALSE,FALSE,,,FALSE,FALSE,FALSE,FALSE,FALSE,FALSE,FALSE,FALSE,FALSE,,FALSE,FALSE,FALSE,FALSE,TRUE,TRUE,TRUE,TRUE,TRUE,TRUE,TRUE,TRUE,TRUE,,,,,,,,,,,,
,,,0/9,0,FALSE,,,,,,,,,,,,,,,,,,,,,,,,,,,,,,,,FALSE,FALSE,FALSE,FALSE,FALSE,FALSE,FALSE,FALSE,FALSE,FALSE,FALSE,,,FALSE,FALSE,FALSE,FALSE,FALSE,FALSE,FALSE,FALSE,FALSE,,FALSE,FALSE,FALSE,FALSE,TRUE,TRUE,TRUE,TRUE,TRUE,TRUE,TRUE,TRUE,TRUE,,,,,,,,,,,,
,,,0/9,0,FALSE,,,,,,,,,,,,,,,,,,,,,,,,,,,,,,,,FALSE,FALSE,FALSE,FALSE,FALSE,FALSE,FALSE,FALSE,FALSE,FALSE,FALSE,,,FALSE,FALSE,FALSE,FALSE,FALSE,FALSE,FALSE,FALSE,FALSE,,FALSE,FALSE,FALSE,FALSE,TRUE,TRUE,TRUE,TRUE,TRUE,TRUE,TRUE,TRUE,TRUE,,,,,,,,,,,,
,,,0/9,0,FALSE,,,,,,,,,,,,,,,,,,,,,,,,,,,,,,,,FALSE,FALSE,FALSE,FALSE,FALSE,FALSE,FALSE,FALSE,FALSE,FALSE,FALSE,,,FALSE,FALSE,FALSE,FALSE,FALSE,FALSE,FALSE,FALSE,FALSE,,FALSE,FALSE,FALSE,FALSE,TRUE,TRUE,TRUE,TRUE,TRUE,TRUE,TRUE,TRUE,TRUE,,,,,,,,,,,,
,,,0/9,0,FALSE,,,,,,,,,,,,,,,,,,,,,,,,,,,,,,,,FALSE,FALSE,FALSE,FALSE,FALSE,FALSE,FALSE,FALSE,FALSE,FALSE,FALSE,,,FALSE,FALSE,FALSE,FALSE,FALSE,FALSE,FALSE,FALSE,FALSE,,FALSE,FALSE,FALSE,FALSE,TRUE,TRUE,TRUE,TRUE,TRUE,TRUE,TRUE,TRUE,TRUE,,,,,,,,,,,,
,,,0/9,0,FALSE,,,,,,,,,,,,,,,,,,,,,,,,,,,,,,,,FALSE,FALSE,FALSE,FALSE,FALSE,FALSE,FALSE,FALSE,FALSE,FALSE,FALSE,,,FALSE,FALSE,FALSE,FALSE,FALSE,FALSE,FALSE,FALSE,FALSE,,FALSE,FALSE,FALSE,FALSE,TRUE,TRUE,TRUE,TRUE,TRUE,TRUE,TRUE,TRUE,TRUE,,,,,,,,,,,,
,,,0/9,0,FALSE,,,,,,,,,,,,,,,,,,,,,,,,,,,,,,,,FALSE,FALSE,FALSE,FALSE,FALSE,FALSE,FALSE,FALSE,FALSE,FALSE,FALSE,,,FALSE,FALSE,FALSE,FALSE,FALSE,FALSE,FALSE,FALSE,FALSE,,FALSE,FALSE,FALSE,FALSE,TRUE,TRUE,TRUE,TRUE,TRUE,TRUE,TRUE,TRUE,TRUE,,,,,,,,,,,,
,,,0/9,0,FALSE,,,,,,,,,,,,,,,,,,,,,,,,,,,,,,,,FALSE,FALSE,FALSE,FALSE,FALSE,FALSE,FALSE,FALSE,FALSE,FALSE,FALSE,,,FALSE,FALSE,FALSE,FALSE,FALSE,FALSE,FALSE,FALSE,FALSE,,FALSE,FALSE,FALSE,FALSE,TRUE,TRUE,TRUE,TRUE,TRUE,TRUE,TRUE,TRUE,TRUE,,,,,,,,,,,,
,,,0/9,0,FALSE,,,,,,,,,,,,,,,,,,,,,,,,,,,,,,,,FALSE,FALSE,FALSE,FALSE,FALSE,FALSE,FALSE,FALSE,FALSE,FALSE,FALSE,,,FALSE,FALSE,FALSE,FALSE,FALSE,FALSE,FALSE,FALSE,FALSE,,FALSE,FALSE,FALSE,FALSE,TRUE,TRUE,TRUE,TRUE,TRUE,TRUE,TRUE,TRUE,TRUE,,,,,,,,,,,,
,,,0/9,0,FALSE,,,,,,,,,,,,,,,,,,,,,,,,,,,,,,,,FALSE,FALSE,FALSE,FALSE,FALSE,FALSE,FALSE,FALSE,FALSE,FALSE,FALSE,,,FALSE,FALSE,FALSE,FALSE,FALSE,FALSE,FALSE,FALSE,FALSE,,FALSE,FALSE,FALSE,FALSE,TRUE,TRUE,TRUE,TRUE,TRUE,TRUE,TRUE,TRUE,TRUE,,,,,,,,,,,,
,,,0/9,0,FALSE,,,,,,,,,,,,,,,,,,,,,,,,,,,,,,,,FALSE,FALSE,FALSE,FALSE,FALSE,FALSE,FALSE,FALSE,FALSE,FALSE,FALSE,,,FALSE,FALSE,FALSE,FALSE,FALSE,FALSE,FALSE,FALSE,FALSE,,FALSE,FALSE,FALSE,FALSE,TRUE,TRUE,TRUE,TRUE,TRUE,TRUE,TRUE,TRUE,TRUE,,,,,,,,,,,,
,,,0/9,0,FALSE,,,,,,,,,,,,,,,,,,,,,,,,,,,,,,,,FALSE,FALSE,FALSE,FALSE,FALSE,FALSE,FALSE,FALSE,FALSE,FALSE,FALSE,,,FALSE,FALSE,FALSE,FALSE,FALSE,FALSE,FALSE,FALSE,FALSE,,FALSE,FALSE,FALSE,FALSE,TRUE,TRUE,TRUE,TRUE,TRUE,TRUE,TRUE,TRUE,TRUE,,,,,,,,,,,,
,,,0/9,0,FALSE,,,,,,,,,,,,,,,,,,,,,,,,,,,,,,,,FALSE,FALSE,FALSE,FALSE,FALSE,FALSE,FALSE,FALSE,FALSE,FALSE,FALSE,,,FALSE,FALSE,FALSE,FALSE,FALSE,FALSE,FALSE,FALSE,FALSE,,FALSE,FALSE,FALSE,FALSE,TRUE,TRUE,TRUE,TRUE,TRUE,TRUE,TRUE,TRUE,TRUE,,,,,,,,,,,,
,,,0/9,0,FALSE,,,,,,,,,,,,,,,,,,,,,,,,,,,,,,,,FALSE,FALSE,FALSE,FALSE,FALSE,FALSE,FALSE,FALSE,FALSE,FALSE,FALSE,,,FALSE,FALSE,FALSE,FALSE,FALSE,FALSE,FALSE,FALSE,FALSE,,FALSE,FALSE,FALSE,FALSE,TRUE,TRUE,TRUE,TRUE,TRUE,TRUE,TRUE,TRUE,TRUE,,,,,,,,,,,,
,,,0/9,0,FALSE,,,,,,,,,,,,,,,,,,,,,,,,,,,,,,,,FALSE,FALSE,FALSE,FALSE,FALSE,FALSE,FALSE,FALSE,FALSE,FALSE,FALSE,,,FALSE,FALSE,FALSE,FALSE,FALSE,FALSE,FALSE,FALSE,FALSE,,FALSE,FALSE,FALSE,FALSE,TRUE,TRUE,TRUE,TRUE,TRUE,TRUE,TRUE,TRUE,TRUE,,,,,,,,,,,,
,,,0/9,0,FALSE,,,,,,,,,,,,,,,,,,,,,,,,,,,,,,,,FALSE,FALSE,FALSE,FALSE,FALSE,FALSE,FALSE,FALSE,FALSE,FALSE,FALSE,,,FALSE,FALSE,FALSE,FALSE,FALSE,FALSE,FALSE,FALSE,FALSE,,FALSE,FALSE,FALSE,FALSE,TRUE,TRUE,TRUE,TRUE,TRUE,TRUE,TRUE,TRUE,TRUE,,,,,,,,,,,,
,,,0/9,0,FALSE,,,,,,,,,,,,,,,,,,,,,,,,,,,,,,,,FALSE,FALSE,FALSE,FALSE,FALSE,FALSE,FALSE,FALSE,FALSE,FALSE,FALSE,,,FALSE,FALSE,FALSE,FALSE,FALSE,FALSE,FALSE,FALSE,FALSE,,FALSE,FALSE,FALSE,FALSE,TRUE,TRUE,TRUE,TRUE,TRUE,TRUE,TRUE,TRUE,TRUE,,,,,,,,,,,,
,,,0/9,0,FALSE,,,,,,,,,,,,,,,,,,,,,,,,,,,,,,,,FALSE,FALSE,FALSE,FALSE,FALSE,FALSE,FALSE,FALSE,FALSE,FALSE,FALSE,,,FALSE,FALSE,FALSE,FALSE,FALSE,FALSE,FALSE,FALSE,FALSE,,FALSE,FALSE,FALSE,FALSE,TRUE,TRUE,TRUE,TRUE,TRUE,TRUE,TRUE,TRUE,TRUE,,,,,,,,,,,,
,,,0/9,0,FALSE,,,,,,,,,,,,,,,,,,,,,,,,,,,,,,,,FALSE,FALSE,FALSE,FALSE,FALSE,FALSE,FALSE,FALSE,FALSE,FALSE,FALSE,,,FALSE,FALSE,FALSE,FALSE,FALSE,FALSE,FALSE,FALSE,FALSE,,FALSE,FALSE,FALSE,FALSE,TRUE,TRUE,TRUE,TRUE,TRUE,TRUE,TRUE,TRUE,TRUE,,,,,,,,,,,,
,,,0/9,0,FALSE,,,,,,,,,,,,,,,,,,,,,,,,,,,,,,,,FALSE,FALSE,FALSE,FALSE,FALSE,FALSE,FALSE,FALSE,FALSE,FALSE,FALSE,,,FALSE,FALSE,FALSE,FALSE,FALSE,FALSE,FALSE,FALSE,FALSE,,FALSE,FALSE,FALSE,FALSE,TRUE,TRUE,TRUE,TRUE,TRUE,TRUE,TRUE,TRUE,TRUE,,,,,,,,,,,,
,,,0/9,0,FALSE,,,,,,,,,,,,,,,,,,,,,,,,,,,,,,,,FALSE,FALSE,FALSE,FALSE,FALSE,FALSE,FALSE,FALSE,FALSE,FALSE,FALSE,,,FALSE,FALSE,FALSE,FALSE,FALSE,FALSE,FALSE,FALSE,FALSE,,FALSE,FALSE,FALSE,FALSE,TRUE,TRUE,TRUE,TRUE,TRUE,TRUE,TRUE,TRUE,TRUE,,,,,,,,,,,,
,,,0/9,0,FALSE,,,,,,,,,,,,,,,,,,,,,,,,,,,,,,,,FALSE,FALSE,FALSE,FALSE,FALSE,FALSE,FALSE,FALSE,FALSE,FALSE,FALSE,,,FALSE,FALSE,FALSE,FALSE,FALSE,FALSE,FALSE,FALSE,FALSE,,FALSE,FALSE,FALSE,FALSE,TRUE,TRUE,TRUE,TRUE,TRUE,TRUE,TRUE,TRUE,TRUE,,,,,,,,,,,,
,,,0/9,0,FALSE,,,,,,,,,,,,,,,,,,,,,,,,,,,,,,,,FALSE,FALSE,FALSE,FALSE,FALSE,FALSE,FALSE,FALSE,FALSE,FALSE,FALSE,,,FALSE,FALSE,FALSE,FALSE,FALSE,FALSE,FALSE,FALSE,FALSE,,FALSE,FALSE,FALSE,FALSE,TRUE,TRUE,TRUE,TRUE,TRUE,TRUE,TRUE,TRUE,TRUE,,,,,,,,,,,,
,,,0/9,0,FALSE,,,,,,,,,,,,,,,,,,,,,,,,,,,,,,,,FALSE,FALSE,FALSE,FALSE,FALSE,FALSE,FALSE,FALSE,FALSE,FALSE,FALSE,,,FALSE,FALSE,FALSE,FALSE,FALSE,FALSE,FALSE,FALSE,FALSE,,FALSE,FALSE,FALSE,FALSE,TRUE,TRUE,TRUE,TRUE,TRUE,TRUE,TRUE,TRUE,TRUE,,,,,,,,,,,,
,,,0/9,0,FALSE,,,,,,,,,,,,,,,,,,,,,,,,,,,,,,,,FALSE,FALSE,FALSE,FALSE,FALSE,FALSE,FALSE,FALSE,FALSE,FALSE,FALSE,,,FALSE,FALSE,FALSE,FALSE,FALSE,FALSE,FALSE,FALSE,FALSE,,FALSE,FALSE,FALSE,FALSE,TRUE,TRUE,TRUE,TRUE,TRUE,TRUE,TRUE,TRUE,TRUE,,,,,,,,,,,,
,,,0/9,0,FALSE,,,,,,,,,,,,,,,,,,,,,,,,,,,,,,,,FALSE,FALSE,FALSE,FALSE,FALSE,FALSE,FALSE,FALSE,FALSE,FALSE,FALSE,,,FALSE,FALSE,FALSE,FALSE,FALSE,FALSE,FALSE,FALSE,FALSE,,FALSE,FALSE,FALSE,FALSE,TRUE,TRUE,TRUE,TRUE,TRUE,TRUE,TRUE,TRUE,TRUE,,,,,,,,,,,,
,,,0/9,0,FALSE,,,,,,,,,,,,,,,,,,,,,,,,,,,,,,,,FALSE,FALSE,FALSE,FALSE,FALSE,FALSE,FALSE,FALSE,FALSE,FALSE,FALSE,,,FALSE,FALSE,FALSE,FALSE,FALSE,FALSE,FALSE,FALSE,FALSE,,FALSE,FALSE,FALSE,FALSE,TRUE,TRUE,TRUE,TRUE,TRUE,TRUE,TRUE,TRUE,TRUE,,,,,,,,,,,,
,,,0/9,0,FALSE,,,,,,,,,,,,,,,,,,,,,,,,,,,,,,,,FALSE,FALSE,FALSE,FALSE,FALSE,FALSE,FALSE,FALSE,FALSE,FALSE,FALSE,,,FALSE,FALSE,FALSE,FALSE,FALSE,FALSE,FALSE,FALSE,FALSE,,FALSE,FALSE,FALSE,FALSE,TRUE,TRUE,TRUE,TRUE,TRUE,TRUE,TRUE,TRUE,TRUE,,,,,,,,,,,,
,,,0/9,0,FALSE,,,,,,,,,,,,,,,,,,,,,,,,,,,,,,,,FALSE,FALSE,FALSE,FALSE,FALSE,FALSE,FALSE,FALSE,FALSE,FALSE,FALSE,,,FALSE,FALSE,FALSE,FALSE,FALSE,FALSE,FALSE,FALSE,FALSE,,FALSE,FALSE,FALSE,FALSE,TRUE,TRUE,TRUE,TRUE,TRUE,TRUE,TRUE,TRUE,TRUE,,,,,,,,,,,,
,,,0/9,0,FALSE,,,,,,,,,,,,,,,,,,,,,,,,,,,,,,,,FALSE,FALSE,FALSE,FALSE,FALSE,FALSE,FALSE,FALSE,FALSE,FALSE,FALSE,,,FALSE,FALSE,FALSE,FALSE,FALSE,FALSE,FALSE,FALSE,FALSE,,FALSE,FALSE,FALSE,FALSE,TRUE,TRUE,TRUE,TRUE,TRUE,TRUE,TRUE,TRUE,TRUE,,,,,,,,,,,,
,,,0/9,0,FALSE,,,,,,,,,,,,,,,,,,,,,,,,,,,,,,,,FALSE,FALSE,FALSE,FALSE,FALSE,FALSE,FALSE,FALSE,FALSE,FALSE,FALSE,,,FALSE,FALSE,FALSE,FALSE,FALSE,FALSE,FALSE,FALSE,FALSE,,FALSE,FALSE,FALSE,FALSE,TRUE,TRUE,TRUE,TRUE,TRUE,TRUE,TRUE,TRUE,TRUE,,,,,,,,,,,,
,,,0/9,0,FALSE,,,,,,,,,,,,,,,,,,,,,,,,,,,,,,,,FALSE,FALSE,FALSE,FALSE,FALSE,FALSE,FALSE,FALSE,FALSE,FALSE,FALSE,,,FALSE,FALSE,FALSE,FALSE,FALSE,FALSE,FALSE,FALSE,FALSE,,FALSE,FALSE,FALSE,FALSE,TRUE,TRUE,TRUE,TRUE,TRUE,TRUE,TRUE,TRUE,TRUE,,,,,,,,,,,,
,,,0/9,0,FALSE,,,,,,,,,,,,,,,,,,,,,,,,,,,,,,,,FALSE,FALSE,FALSE,FALSE,FALSE,FALSE,FALSE,FALSE,FALSE,FALSE,FALSE,,,FALSE,FALSE,FALSE,FALSE,FALSE,FALSE,FALSE,FALSE,FALSE,,FALSE,FALSE,FALSE,FALSE,TRUE,TRUE,TRUE,TRUE,TRUE,TRUE,TRUE,TRUE,TRUE,,,,,,,,,,,,
,,,0/9,0,FALSE,,,,,,,,,,,,,,,,,,,,,,,,,,,,,,,,FALSE,FALSE,FALSE,FALSE,FALSE,FALSE,FALSE,FALSE,FALSE,FALSE,FALSE,,,FALSE,FALSE,FALSE,FALSE,FALSE,FALSE,FALSE,FALSE,FALSE,,FALSE,FALSE,FALSE,FALSE,TRUE,TRUE,TRUE,TRUE,TRUE,TRUE,TRUE,TRUE,TRUE,,,,,,,,,,,,
,,,0/9,0,FALSE,,,,,,,,,,,,,,,,,,,,,,,,,,,,,,,,FALSE,FALSE,FALSE,FALSE,FALSE,FALSE,FALSE,FALSE,FALSE,FALSE,FALSE,,,FALSE,FALSE,FALSE,FALSE,FALSE,FALSE,FALSE,FALSE,FALSE,,FALSE,FALSE,FALSE,FALSE,TRUE,TRUE,TRUE,TRUE,TRUE,TRUE,TRUE,TRUE,TRUE,,,,,,,,,,,,
,,,0/9,0,FALSE,,,,,,,,,,,,,,,,,,,,,,,,,,,,,,,,FALSE,FALSE,FALSE,FALSE,FALSE,FALSE,FALSE,FALSE,FALSE,FALSE,FALSE,,,FALSE,FALSE,FALSE,FALSE,FALSE,FALSE,FALSE,FALSE,FALSE,,FALSE,FALSE,FALSE,FALSE,TRUE,TRUE,TRUE,TRUE,TRUE,TRUE,TRUE,TRUE,TRUE,,,,,,,,,,,,
,,,0/9,0,FALSE,,,,,,,,,,,,,,,,,,,,,,,,,,,,,,,,FALSE,FALSE,FALSE,FALSE,FALSE,FALSE,FALSE,FALSE,FALSE,FALSE,FALSE,,,FALSE,FALSE,FALSE,FALSE,FALSE,FALSE,FALSE,FALSE,FALSE,,FALSE,FALSE,FALSE,FALSE,TRUE,TRUE,TRUE,TRUE,TRUE,TRUE,TRUE,TRUE,TRUE,,,,,,,,,,,,
,,,0/9,0,FALSE,,,,,,,,,,,,,,,,,,,,,,,,,,,,,,,,FALSE,FALSE,FALSE,FALSE,FALSE,FALSE,FALSE,FALSE,FALSE,FALSE,FALSE,,,FALSE,FALSE,FALSE,FALSE,FALSE,FALSE,FALSE,FALSE,FALSE,,FALSE,FALSE,FALSE,FALSE,TRUE,TRUE,TRUE,TRUE,TRUE,TRUE,TRUE,TRUE,TRUE,,,,,,,,,,,,
,,,0/9,0,FALSE,,,,,,,,,,,,,,,,,,,,,,,,,,,,,,,,FALSE,FALSE,FALSE,FALSE,FALSE,FALSE,FALSE,FALSE,FALSE,FALSE,FALSE,,,FALSE,FALSE,FALSE,FALSE,FALSE,FALSE,FALSE,FALSE,FALSE,,FALSE,FALSE,FALSE,FALSE,TRUE,TRUE,TRUE,TRUE,TRUE,TRUE,TRUE,TRUE,TRUE,,,,,,,,,,,,
,,,0/9,0,FALSE,,,,,,,,,,,,,,,,,,,,,,,,,,,,,,,,FALSE,FALSE,FALSE,FALSE,FALSE,FALSE,FALSE,FALSE,FALSE,FALSE,FALSE,,,FALSE,FALSE,FALSE,FALSE,FALSE,FALSE,FALSE,FALSE,FALSE,,FALSE,FALSE,FALSE,FALSE,TRUE,TRUE,TRUE,TRUE,TRUE,TRUE,TRUE,TRUE,TRUE,,,,,,,,,,,,
,,,0/9,0,FALSE,,,,,,,,,,,,,,,,,,,,,,,,,,,,,,,,FALSE,FALSE,FALSE,FALSE,FALSE,FALSE,FALSE,FALSE,FALSE,FALSE,FALSE,,,FALSE,FALSE,FALSE,FALSE,FALSE,FALSE,FALSE,FALSE,FALSE,,FALSE,FALSE,FALSE,FALSE,TRUE,TRUE,TRUE,TRUE,TRUE,TRUE,TRUE,TRUE,TRUE,,,,,,,,,,,,
,,,0/9,0,FALSE,,,,,,,,,,,,,,,,,,,,,,,,,,,,,,,,FALSE,FALSE,FALSE,FALSE,FALSE,FALSE,FALSE,FALSE,FALSE,FALSE,FALSE,,,FALSE,FALSE,FALSE,FALSE,FALSE,FALSE,FALSE,FALSE,FALSE,,FALSE,FALSE,FALSE,FALSE,TRUE,TRUE,TRUE,TRUE,TRUE,TRUE,TRUE,TRUE,TRUE,,,,,,,,,,,,
,,,0/9,0,FALSE,,,,,,,,,,,,,,,,,,,,,,,,,,,,,,,,FALSE,FALSE,FALSE,FALSE,FALSE,FALSE,FALSE,FALSE,FALSE,FALSE,FALSE,,,FALSE,FALSE,FALSE,FALSE,FALSE,FALSE,FALSE,FALSE,FALSE,,FALSE,FALSE,FALSE,FALSE,TRUE,TRUE,TRUE,TRUE,TRUE,TRUE,TRUE,TRUE,TRUE,,,,,,,,,,,,
,,,0/9,0,FALSE,,,,,,,,,,,,,,,,,,,,,,,,,,,,,,,,FALSE,FALSE,FALSE,FALSE,FALSE,FALSE,FALSE,FALSE,FALSE,FALSE,FALSE,,,FALSE,FALSE,FALSE,FALSE,FALSE,FALSE,FALSE,FALSE,FALSE,,FALSE,FALSE,FALSE,FALSE,TRUE,TRUE,TRUE,TRUE,TRUE,TRUE,TRUE,TRUE,TRUE,,,,,,,,,,,,
,,,0/9,0,FALSE,,,,,,,,,,,,,,,,,,,,,,,,,,,,,,,,FALSE,FALSE,FALSE,FALSE,FALSE,FALSE,FALSE,FALSE,FALSE,FALSE,FALSE,,,FALSE,FALSE,FALSE,FALSE,FALSE,FALSE,FALSE,FALSE,FALSE,,FALSE,FALSE,FALSE,FALSE,TRUE,TRUE,TRUE,TRUE,TRUE,TRUE,TRUE,TRUE,TRUE,,,,,,,,,,,,
,,,0/9,0,FALSE,,,,,,,,,,,,,,,,,,,,,,,,,,,,,,,,FALSE,FALSE,FALSE,FALSE,FALSE,FALSE,FALSE,FALSE,FALSE,FALSE,FALSE,,,FALSE,FALSE,FALSE,FALSE,FALSE,FALSE,FALSE,FALSE,FALSE,,FALSE,FALSE,FALSE,FALSE,TRUE,TRUE,TRUE,TRUE,TRUE,TRUE,TRUE,TRUE,TRUE,,,,,,,,,,,,
,,,0/9,0,FALSE,,,,,,,,,,,,,,,,,,,,,,,,,,,,,,,,FALSE,FALSE,FALSE,FALSE,FALSE,FALSE,FALSE,FALSE,FALSE,FALSE,FALSE,,,FALSE,FALSE,FALSE,FALSE,FALSE,FALSE,FALSE,FALSE,FALSE,,FALSE,FALSE,FALSE,FALSE,TRUE,TRUE,TRUE,TRUE,TRUE,TRUE,TRUE,TRUE,TRUE,,,,,,,,,,,,
,,,0/9,0,FALSE,,,,,,,,,,,,,,,,,,,,,,,,,,,,,,,,FALSE,FALSE,FALSE,FALSE,FALSE,FALSE,FALSE,FALSE,FALSE,FALSE,FALSE,,,FALSE,FALSE,FALSE,FALSE,FALSE,FALSE,FALSE,FALSE,FALSE,,FALSE,FALSE,FALSE,FALSE,TRUE,TRUE,TRUE,TRUE,TRUE,TRUE,TRUE,TRUE,TRUE,,,,,,,,,,,,
,,,0/9,0,FALSE,,,,,,,,,,,,,,,,,,,,,,,,,,,,,,,,FALSE,FALSE,FALSE,FALSE,FALSE,FALSE,FALSE,FALSE,FALSE,FALSE,FALSE,,,FALSE,FALSE,FALSE,FALSE,FALSE,FALSE,FALSE,FALSE,FALSE,,FALSE,FALSE,FALSE,FALSE,TRUE,TRUE,TRUE,TRUE,TRUE,TRUE,TRUE,TRUE,TRUE,,,,,,,,,,,,
,,,0/9,0,FALSE,,,,,,,,,,,,,,,,,,,,,,,,,,,,,,,,FALSE,FALSE,FALSE,FALSE,FALSE,FALSE,FALSE,FALSE,FALSE,FALSE,FALSE,,,FALSE,FALSE,FALSE,FALSE,FALSE,FALSE,FALSE,FALSE,FALSE,,FALSE,FALSE,FALSE,FALSE,TRUE,TRUE,TRUE,TRUE,TRUE,TRUE,TRUE,TRUE,TRUE,,,,,,,,,,,,
,,,0/9,0,FALSE,,,,,,,,,,,,,,,,,,,,,,,,,,,,,,,,FALSE,FALSE,FALSE,FALSE,FALSE,FALSE,FALSE,FALSE,FALSE,FALSE,FALSE,,,FALSE,FALSE,FALSE,FALSE,FALSE,FALSE,FALSE,FALSE,FALSE,,FALSE,FALSE,FALSE,FALSE,TRUE,TRUE,TRUE,TRUE,TRUE,TRUE,TRUE,TRUE,TRUE,,,,,,,,,,,,
,,,0/9,0,FALSE,,,,,,,,,,,,,,,,,,,,,,,,,,,,,,,,FALSE,FALSE,FALSE,FALSE,FALSE,FALSE,FALSE,FALSE,FALSE,FALSE,FALSE,,,FALSE,FALSE,FALSE,FALSE,FALSE,FALSE,FALSE,FALSE,FALSE,,FALSE,FALSE,FALSE,FALSE,TRUE,TRUE,TRUE,TRUE,TRUE,TRUE,TRUE,TRUE,TRUE,,,,,,,,,,,,
,,,0/9,0,FALSE,,,,,,,,,,,,,,,,,,,,,,,,,,,,,,,,FALSE,FALSE,FALSE,FALSE,FALSE,FALSE,FALSE,FALSE,FALSE,FALSE,FALSE,,,FALSE,FALSE,FALSE,FALSE,FALSE,FALSE,FALSE,FALSE,FALSE,,FALSE,FALSE,FALSE,FALSE,TRUE,TRUE,TRUE,TRUE,TRUE,TRUE,TRUE,TRUE,TRUE,,,,,,,,,,,,
,,,0/9,0,FALSE,,,,,,,,,,,,,,,,,,,,,,,,,,,,,,,,FALSE,FALSE,FALSE,FALSE,FALSE,FALSE,FALSE,FALSE,FALSE,FALSE,FALSE,,,FALSE,FALSE,FALSE,FALSE,FALSE,FALSE,FALSE,FALSE,FALSE,,FALSE,FALSE,FALSE,FALSE,TRUE,TRUE,TRUE,TRUE,TRUE,TRUE,TRUE,TRUE,TRUE,,,,,,,,,,,,
,,,0/9,0,FALSE,,,,,,,,,,,,,,,,,,,,,,,,,,,,,,,,FALSE,FALSE,FALSE,FALSE,FALSE,FALSE,FALSE,FALSE,FALSE,FALSE,FALSE,,,FALSE,FALSE,FALSE,FALSE,FALSE,FALSE,FALSE,FALSE,FALSE,,FALSE,FALSE,FALSE,FALSE,TRUE,TRUE,TRUE,TRUE,TRUE,TRUE,TRUE,TRUE,TRUE,,,,,,,,,,,,
,,,0/9,0,FALSE,,,,,,,,,,,,,,,,,,,,,,,,,,,,,,,,FALSE,FALSE,FALSE,FALSE,FALSE,FALSE,FALSE,FALSE,FALSE,FALSE,FALSE,,,FALSE,FALSE,FALSE,FALSE,FALSE,FALSE,FALSE,FALSE,FALSE,,FALSE,FALSE,FALSE,FALSE,TRUE,TRUE,TRUE,TRUE,TRUE,TRUE,TRUE,TRUE,TRUE,,,,,,,,,,,,
,,,0/9,0,FALSE,,,,,,,,,,,,,,,,,,,,,,,,,,,,,,,,FALSE,FALSE,FALSE,FALSE,FALSE,FALSE,FALSE,FALSE,FALSE,FALSE,FALSE,,,FALSE,FALSE,FALSE,FALSE,FALSE,FALSE,FALSE,FALSE,FALSE,,FALSE,FALSE,FALSE,FALSE,TRUE,TRUE,TRUE,TRUE,TRUE,TRUE,TRUE,TRUE,TRUE,,,,,,,,,,,,
,,,0/9,0,FALSE,,,,,,,,,,,,,,,,,,,,,,,,,,,,,,,,FALSE,FALSE,FALSE,FALSE,FALSE,FALSE,FALSE,FALSE,FALSE,FALSE,FALSE,,,FALSE,FALSE,FALSE,FALSE,FALSE,FALSE,FALSE,FALSE,FALSE,,FALSE,FALSE,FALSE,FALSE,TRUE,TRUE,TRUE,TRUE,TRUE,TRUE,TRUE,TRUE,TRUE,,,,,,,,,,,,
,,,0/9,0,FALSE,,,,,,,,,,,,,,,,,,,,,,,,,,,,,,,,FALSE,FALSE,FALSE,FALSE,FALSE,FALSE,FALSE,FALSE,FALSE,FALSE,FALSE,,,FALSE,FALSE,FALSE,FALSE,FALSE,FALSE,FALSE,FALSE,FALSE,,FALSE,FALSE,FALSE,FALSE,TRUE,TRUE,TRUE,TRUE,TRUE,TRUE,TRUE,TRUE,TRUE,,,,,,,,,,,,
,,,0/9,0,FALSE,,,,,,,,,,,,,,,,,,,,,,,,,,,,,,,,FALSE,FALSE,FALSE,FALSE,FALSE,FALSE,FALSE,FALSE,FALSE,FALSE,FALSE,,,FALSE,FALSE,FALSE,FALSE,FALSE,FALSE,FALSE,FALSE,FALSE,,FALSE,FALSE,FALSE,FALSE,TRUE,TRUE,TRUE,TRUE,TRUE,TRUE,TRUE,TRUE,TRUE,,,,,,,,,,,,
,,,0/9,0,FALSE,,,,,,,,,,,,,,,,,,,,,,,,,,,,,,,,FALSE,FALSE,FALSE,FALSE,FALSE,FALSE,FALSE,FALSE,FALSE,FALSE,FALSE,,,FALSE,FALSE,FALSE,FALSE,FALSE,FALSE,FALSE,FALSE,FALSE,,FALSE,FALSE,FALSE,FALSE,TRUE,TRUE,TRUE,TRUE,TRUE,TRUE,TRUE,TRUE,TRUE,,,,,,,,,,,,
,,,0/9,0,FALSE,,,,,,,,,,,,,,,,,,,,,,,,,,,,,,,,FALSE,FALSE,FALSE,FALSE,FALSE,FALSE,FALSE,FALSE,FALSE,FALSE,FALSE,,,FALSE,FALSE,FALSE,FALSE,FALSE,FALSE,FALSE,FALSE,FALSE,,FALSE,FALSE,FALSE,FALSE,TRUE,TRUE,TRUE,TRUE,TRUE,TRUE,TRUE,TRUE,TRUE,,,,,,,,,,,,
,,,0/9,0,FALSE,,,,,,,,,,,,,,,,,,,,,,,,,,,,,,,,FALSE,FALSE,FALSE,FALSE,FALSE,FALSE,FALSE,FALSE,FALSE,FALSE,FALSE,,,FALSE,FALSE,FALSE,FALSE,FALSE,FALSE,FALSE,FALSE,FALSE,,FALSE,FALSE,FALSE,FALSE,TRUE,TRUE,TRUE,TRUE,TRUE,TRUE,TRUE,TRUE,TRUE,,,,,,,,,,,,
,,,0/9,0,FALSE,,,,,,,,,,,,,,,,,,,,,,,,,,,,,,,,FALSE,FALSE,FALSE,FALSE,FALSE,FALSE,FALSE,FALSE,FALSE,FALSE,FALSE,,,FALSE,FALSE,FALSE,FALSE,FALSE,FALSE,FALSE,FALSE,FALSE,,FALSE,FALSE,FALSE,FALSE,TRUE,TRUE,TRUE,TRUE,TRUE,TRUE,TRUE,TRUE,TRUE,,,,,,,,,,,,
,,,0/9,0,FALSE,,,,,,,,,,,,,,,,,,,,,,,,,,,,,,,,FALSE,FALSE,FALSE,FALSE,FALSE,FALSE,FALSE,FALSE,FALSE,FALSE,FALSE,,,FALSE,FALSE,FALSE,FALSE,FALSE,FALSE,FALSE,FALSE,FALSE,,FALSE,FALSE,FALSE,FALSE,TRUE,TRUE,TRUE,TRUE,TRUE,TRUE,TRUE,TRUE,TRUE,,,,,,,,,,,,
,,,0/9,0,FALSE,,,,,,,,,,,,,,,,,,,,,,,,,,,,,,,,FALSE,FALSE,FALSE,FALSE,FALSE,FALSE,FALSE,FALSE,FALSE,FALSE,FALSE,,,FALSE,FALSE,FALSE,FALSE,FALSE,FALSE,FALSE,FALSE,FALSE,,FALSE,FALSE,FALSE,FALSE,TRUE,TRUE,TRUE,TRUE,TRUE,TRUE,TRUE,TRUE,TRUE,,,,,,,,,,,,
,,,0/9,0,FALSE,,,,,,,,,,,,,,,,,,,,,,,,,,,,,,,,FALSE,FALSE,FALSE,FALSE,FALSE,FALSE,FALSE,FALSE,FALSE,FALSE,FALSE,,,FALSE,FALSE,FALSE,FALSE,FALSE,FALSE,FALSE,FALSE,FALSE,,FALSE,FALSE,FALSE,FALSE,TRUE,TRUE,TRUE,TRUE,TRUE,TRUE,TRUE,TRUE,TRUE,,,,,,,,,,,,
,,,0/9,0,FALSE,,,,,,,,,,,,,,,,,,,,,,,,,,,,,,,,FALSE,FALSE,FALSE,FALSE,FALSE,FALSE,FALSE,FALSE,FALSE,FALSE,FALSE,,,FALSE,FALSE,FALSE,FALSE,FALSE,FALSE,FALSE,FALSE,FALSE,,FALSE,FALSE,FALSE,FALSE,TRUE,TRUE,TRUE,TRUE,TRUE,TRUE,TRUE,TRUE,TRUE,,,,,,,,,,,,
,,,0/9,0,FALSE,,,,,,,,,,,,,,,,,,,,,,,,,,,,,,,,FALSE,FALSE,FALSE,FALSE,FALSE,FALSE,FALSE,FALSE,FALSE,FALSE,FALSE,,,FALSE,FALSE,FALSE,FALSE,FALSE,FALSE,FALSE,FALSE,FALSE,,FALSE,FALSE,FALSE,FALSE,TRUE,TRUE,TRUE,TRUE,TRUE,TRUE,TRUE,TRUE,TRUE,,,,,,,,,,,,
,,,0/9,0,FALSE,,,,,,,,,,,,,,,,,,,,,,,,,,,,,,,,FALSE,FALSE,FALSE,FALSE,FALSE,FALSE,FALSE,FALSE,FALSE,FALSE,FALSE,,,FALSE,FALSE,FALSE,FALSE,FALSE,FALSE,FALSE,FALSE,FALSE,,FALSE,FALSE,FALSE,FALSE,TRUE,TRUE,TRUE,TRUE,TRUE,TRUE,TRUE,TRUE,TRUE,,,,,,,,,,,,
,,,0/9,0,FALSE,,,,,,,,,,,,,,,,,,,,,,,,,,,,,,,,FALSE,FALSE,FALSE,FALSE,FALSE,FALSE,FALSE,FALSE,FALSE,FALSE,FALSE,,,FALSE,FALSE,FALSE,FALSE,FALSE,FALSE,FALSE,FALSE,FALSE,,FALSE,FALSE,FALSE,FALSE,TRUE,TRUE,TRUE,TRUE,TRUE,TRUE,TRUE,TRUE,TRUE,,,,,,,,,,,,
,,,0/9,0,FALSE,,,,,,,,,,,,,,,,,,,,,,,,,,,,,,,,FALSE,FALSE,FALSE,FALSE,FALSE,FALSE,FALSE,FALSE,FALSE,FALSE,FALSE,,,FALSE,FALSE,FALSE,FALSE,FALSE,FALSE,FALSE,FALSE,FALSE,,FALSE,FALSE,FALSE,FALSE,TRUE,TRUE,TRUE,TRUE,TRUE,TRUE,TRUE,TRUE,TRUE,,,,,,,,,,,,
,,,0/9,0,FALSE,,,,,,,,,,,,,,,,,,,,,,,,,,,,,,,,FALSE,FALSE,FALSE,FALSE,FALSE,FALSE,FALSE,FALSE,FALSE,FALSE,FALSE,,,FALSE,FALSE,FALSE,FALSE,FALSE,FALSE,FALSE,FALSE,FALSE,,FALSE,FALSE,FALSE,FALSE,TRUE,TRUE,TRUE,TRUE,TRUE,TRUE,TRUE,TRUE,TRUE,,,,,,,,,,,,
,,,0/9,0,FALSE,,,,,,,,,,,,,,,,,,,,,,,,,,,,,,,,FALSE,FALSE,FALSE,FALSE,FALSE,FALSE,FALSE,FALSE,FALSE,FALSE,FALSE,,,FALSE,FALSE,FALSE,FALSE,FALSE,FALSE,FALSE,FALSE,FALSE,,FALSE,FALSE,FALSE,FALSE,TRUE,TRUE,TRUE,TRUE,TRUE,TRUE,TRUE,TRUE,TRUE,,,,,,,,,,,,
,,,0/9,0,FALSE,,,,,,,,,,,,,,,,,,,,,,,,,,,,,,,,FALSE,FALSE,FALSE,FALSE,FALSE,FALSE,FALSE,FALSE,FALSE,FALSE,FALSE,,,FALSE,FALSE,FALSE,FALSE,FALSE,FALSE,FALSE,FALSE,FALSE,,FALSE,FALSE,FALSE,FALSE,TRUE,TRUE,TRUE,TRUE,TRUE,TRUE,TRUE,TRUE,TRUE,,,,,,,,,,,,
,,,0/9,0,FALSE,,,,,,,,,,,,,,,,,,,,,,,,,,,,,,,,FALSE,FALSE,FALSE,FALSE,FALSE,FALSE,FALSE,FALSE,FALSE,FALSE,FALSE,,,FALSE,FALSE,FALSE,FALSE,FALSE,FALSE,FALSE,FALSE,FALSE,,FALSE,FALSE,FALSE,FALSE,TRUE,TRUE,TRUE,TRUE,TRUE,TRUE,TRUE,TRUE,TRUE,,,,,,,,,,,,
,,,0/9,0,FALSE,,,,,,,,,,,,,,,,,,,,,,,,,,,,,,,,FALSE,FALSE,FALSE,FALSE,FALSE,FALSE,FALSE,FALSE,FALSE,FALSE,FALSE,,,FALSE,FALSE,FALSE,FALSE,FALSE,FALSE,FALSE,FALSE,FALSE,,FALSE,FALSE,FALSE,FALSE,TRUE,TRUE,TRUE,TRUE,TRUE,TRUE,TRUE,TRUE,TRUE,,,,,,,,,,,,
,,,0/9,0,FALSE,,,,,,,,,,,,,,,,,,,,,,,,,,,,,,,,FALSE,FALSE,FALSE,FALSE,FALSE,FALSE,FALSE,FALSE,FALSE,FALSE,FALSE,,,FALSE,FALSE,FALSE,FALSE,FALSE,FALSE,FALSE,FALSE,FALSE,,FALSE,FALSE,FALSE,FALSE,TRUE,TRUE,TRUE,TRUE,TRUE,TRUE,TRUE,TRUE,TRUE,,,,,,,,,,,,
,,,0/9,0,FALSE,,,,,,,,,,,,,,,,,,,,,,,,,,,,,,,,FALSE,FALSE,FALSE,FALSE,FALSE,FALSE,FALSE,FALSE,FALSE,FALSE,FALSE,,,FALSE,FALSE,FALSE,FALSE,FALSE,FALSE,FALSE,FALSE,FALSE,,FALSE,FALSE,FALSE,FALSE,TRUE,TRUE,TRUE,TRUE,TRUE,TRUE,TRUE,TRUE,TRUE,,,,,,,,,,,,
,,,0/9,0,FALSE,,,,,,,,,,,,,,,,,,,,,,,,,,,,,,,,FALSE,FALSE,FALSE,FALSE,FALSE,FALSE,FALSE,FALSE,FALSE,FALSE,FALSE,,,FALSE,FALSE,FALSE,FALSE,FALSE,FALSE,FALSE,FALSE,FALSE,,FALSE,FALSE,FALSE,FALSE,TRUE,TRUE,TRUE,TRUE,TRUE,TRUE,TRUE,TRUE,TRUE,,,,,,,,,,,,
,,,0/9,0,FALSE,,,,,,,,,,,,,,,,,,,,,,,,,,,,,,,,FALSE,FALSE,FALSE,FALSE,FALSE,FALSE,FALSE,FALSE,FALSE,FALSE,FALSE,,,FALSE,FALSE,FALSE,FALSE,FALSE,FALSE,FALSE,FALSE,FALSE,,FALSE,FALSE,FALSE,FALSE,TRUE,TRUE,TRUE,TRUE,TRUE,TRUE,TRUE,TRUE,TRUE,,,,,,,,,,,,
,,,0/9,0,FALSE,,,,,,,,,,,,,,,,,,,,,,,,,,,,,,,,FALSE,FALSE,FALSE,FALSE,FALSE,FALSE,FALSE,FALSE,FALSE,FALSE,FALSE,,,FALSE,FALSE,FALSE,FALSE,FALSE,FALSE,FALSE,FALSE,FALSE,,FALSE,FALSE,FALSE,FALSE,TRUE,TRUE,TRUE,TRUE,TRUE,TRUE,TRUE,TRUE,TRUE,,,,,,,,,,,,
,,,0/9,0,FALSE,,,,,,,,,,,,,,,,,,,,,,,,,,,,,,,,FALSE,FALSE,FALSE,FALSE,FALSE,FALSE,FALSE,FALSE,FALSE,FALSE,FALSE,,,FALSE,FALSE,FALSE,FALSE,FALSE,FALSE,FALSE,FALSE,FALSE,,FALSE,FALSE,FALSE,FALSE,TRUE,TRUE,TRUE,TRUE,TRUE,TRUE,TRUE,TRUE,TRUE,,,,,,,,,,,,
,,,0/9,0,FALSE,,,,,,,,,,,,,,,,,,,,,,,,,,,,,,,,FALSE,FALSE,FALSE,FALSE,FALSE,FALSE,FALSE,FALSE,FALSE,FALSE,FALSE,,,FALSE,FALSE,FALSE,FALSE,FALSE,FALSE,FALSE,FALSE,FALSE,,FALSE,FALSE,FALSE,FALSE,TRUE,TRUE,TRUE,TRUE,TRUE,TRUE,TRUE,TRUE,TRUE,,,,,,,,,,,,
,,,0/9,0,FALSE,,,,,,,,,,,,,,,,,,,,,,,,,,,,,,,,FALSE,FALSE,FALSE,FALSE,FALSE,FALSE,FALSE,FALSE,FALSE,FALSE,FALSE,,,FALSE,FALSE,FALSE,FALSE,FALSE,FALSE,FALSE,FALSE,FALSE,,FALSE,FALSE,FALSE,FALSE,TRUE,TRUE,TRUE,TRUE,TRUE,TRUE,TRUE,TRUE,TRUE,,,,,,,,,,,,
,,,0/9,0,FALSE,,,,,,,,,,,,,,,,,,,,,,,,,,,,,,,,FALSE,FALSE,FALSE,FALSE,FALSE,FALSE,FALSE,FALSE,FALSE,FALSE,FALSE,,,FALSE,FALSE,FALSE,FALSE,FALSE,FALSE,FALSE,FALSE,FALSE,,FALSE,FALSE,FALSE,FALSE,TRUE,TRUE,TRUE,TRUE,TRUE,TRUE,TRUE,TRUE,TRUE,,,,,,,,,,,,
,,,0/9,0,FALSE,,,,,,,,,,,,,,,,,,,,,,,,,,,,,,,,FALSE,FALSE,FALSE,FALSE,FALSE,FALSE,FALSE,FALSE,FALSE,FALSE,FALSE,,,FALSE,FALSE,FALSE,FALSE,FALSE,FALSE,FALSE,FALSE,FALSE,,FALSE,FALSE,FALSE,FALSE,TRUE,TRUE,TRUE,TRUE,TRUE,TRUE,TRUE,TRUE,TRUE,,,,,,,,,,,,
,,,0/9,0,FALSE,,,,,,,,,,,,,,,,,,,,,,,,,,,,,,,,FALSE,FALSE,FALSE,FALSE,FALSE,FALSE,FALSE,FALSE,FALSE,FALSE,FALSE,,,FALSE,FALSE,FALSE,FALSE,FALSE,FALSE,FALSE,FALSE,FALSE,,FALSE,FALSE,FALSE,FALSE,TRUE,TRUE,TRUE,TRUE,TRUE,TRUE,TRUE,TRUE,TRUE,,,,,,,,,,,,
,,,0/9,0,FALSE,,,,,,,,,,,,,,,,,,,,,,,,,,,,,,,,FALSE,FALSE,FALSE,FALSE,FALSE,FALSE,FALSE,FALSE,FALSE,FALSE,FALSE,,,FALSE,FALSE,FALSE,FALSE,FALSE,FALSE,FALSE,FALSE,FALSE,,FALSE,FALSE,FALSE,FALSE,TRUE,TRUE,TRUE,TRUE,TRUE,TRUE,TRUE,TRUE,TRUE,,,,,,,,,,,,
,,,0/9,0,FALSE,,,,,,,,,,,,,,,,,,,,,,,,,,,,,,,,FALSE,FALSE,FALSE,FALSE,FALSE,FALSE,FALSE,FALSE,FALSE,FALSE,FALSE,,,FALSE,FALSE,FALSE,FALSE,FALSE,FALSE,FALSE,FALSE,FALSE,,FALSE,FALSE,FALSE,FALSE,TRUE,TRUE,TRUE,TRUE,TRUE,TRUE,TRUE,TRUE,TRUE,,,,,,,,,,,,
,,,0/9,0,FALSE,,,,,,,,,,,,,,,,,,,,,,,,,,,,,,,,FALSE,FALSE,FALSE,FALSE,FALSE,FALSE,FALSE,FALSE,FALSE,FALSE,FALSE,,,FALSE,FALSE,FALSE,FALSE,FALSE,FALSE,FALSE,FALSE,FALSE,,FALSE,FALSE,FALSE,FALSE,TRUE,TRUE,TRUE,TRUE,TRUE,TRUE,TRUE,TRUE,TRUE,,,,,,,,,,,,
,,,0/9,0,FALSE,,,,,,,,,,,,,,,,,,,,,,,,,,,,,,,,FALSE,FALSE,FALSE,FALSE,FALSE,FALSE,FALSE,FALSE,FALSE,FALSE,FALSE,,,FALSE,FALSE,FALSE,FALSE,FALSE,FALSE,FALSE,FALSE,FALSE,,FALSE,FALSE,FALSE,FALSE,TRUE,TRUE,TRUE,TRUE,TRUE,TRUE,TRUE,TRUE,TRUE,,,,,,,,,,,,
,,,0/9,0,FALSE,,,,,,,,,,,,,,,,,,,,,,,,,,,,,,,,FALSE,FALSE,FALSE,FALSE,FALSE,FALSE,FALSE,FALSE,FALSE,FALSE,FALSE,,,FALSE,FALSE,FALSE,FALSE,FALSE,FALSE,FALSE,FALSE,FALSE,,FALSE,FALSE,FALSE,FALSE,TRUE,TRUE,TRUE,TRUE,TRUE,TRUE,TRUE,TRUE,TRUE,,,,,,,,,,,,
,,,0/9,0,FALSE,,,,,,,,,,,,,,,,,,,,,,,,,,,,,,,,FALSE,FALSE,FALSE,FALSE,FALSE,FALSE,FALSE,FALSE,FALSE,FALSE,FALSE,,,FALSE,FALSE,FALSE,FALSE,FALSE,FALSE,FALSE,FALSE,FALSE,,FALSE,FALSE,FALSE,FALSE,TRUE,TRUE,TRUE,TRUE,TRUE,TRUE,TRUE,TRUE,TRUE,,,,,,,,,,,,
,,,0/9,0,FALSE,,,,,,,,,,,,,,,,,,,,,,,,,,,,,,,,FALSE,FALSE,FALSE,FALSE,FALSE,FALSE,FALSE,FALSE,FALSE,FALSE,FALSE,,,FALSE,FALSE,FALSE,FALSE,FALSE,FALSE,FALSE,FALSE,FALSE,,FALSE,FALSE,FALSE,FALSE,TRUE,TRUE,TRUE,TRUE,TRUE,TRUE,TRUE,TRUE,TRUE,,,,,,,,,,,,
,,,0/9,0,FALSE,,,,,,,,,,,,,,,,,,,,,,,,,,,,,,,,FALSE,FALSE,FALSE,FALSE,FALSE,FALSE,FALSE,FALSE,FALSE,FALSE,FALSE,,,FALSE,FALSE,FALSE,FALSE,FALSE,FALSE,FALSE,FALSE,FALSE,,FALSE,FALSE,FALSE,FALSE,TRUE,TRUE,TRUE,TRUE,TRUE,TRUE,TRUE,TRUE,TRUE,,,,,,,,,,,,
,,,0/9,0,FALSE,,,,,,,,,,,,,,,,,,,,,,,,,,,,,,,,FALSE,FALSE,FALSE,FALSE,FALSE,FALSE,FALSE,FALSE,FALSE,FALSE,FALSE,,,FALSE,FALSE,FALSE,FALSE,FALSE,FALSE,FALSE,FALSE,FALSE,,FALSE,FALSE,FALSE,FALSE,TRUE,TRUE,TRUE,TRUE,TRUE,TRUE,TRUE,TRUE,TRUE,,,,,,,,,,,,
,,,0/9,0,FALSE,,,,,,,,,,,,,,,,,,,,,,,,,,,,,,,,FALSE,FALSE,FALSE,FALSE,FALSE,FALSE,FALSE,FALSE,FALSE,FALSE,FALSE,,,FALSE,FALSE,FALSE,FALSE,FALSE,FALSE,FALSE,FALSE,FALSE,,FALSE,FALSE,FALSE,FALSE,TRUE,TRUE,TRUE,TRUE,TRUE,TRUE,TRUE,TRUE,TRUE,,,,,,,,,,,,
,,,0/9,0,FALSE,,,,,,,,,,,,,,,,,,,,,,,,,,,,,,,,FALSE,FALSE,FALSE,FALSE,FALSE,FALSE,FALSE,FALSE,FALSE,FALSE,FALSE,,,FALSE,FALSE,FALSE,FALSE,FALSE,FALSE,FALSE,FALSE,FALSE,,FALSE,FALSE,FALSE,FALSE,TRUE,TRUE,TRUE,TRUE,TRUE,TRUE,TRUE,TRUE,TRUE,,,,,,,,,,,,
,,,0/9,0,FALSE,,,,,,,,,,,,,,,,,,,,,,,,,,,,,,,,FALSE,FALSE,FALSE,FALSE,FALSE,FALSE,FALSE,FALSE,FALSE,FALSE,FALSE,,,FALSE,FALSE,FALSE,FALSE,FALSE,FALSE,FALSE,FALSE,FALSE,,FALSE,FALSE,FALSE,FALSE,TRUE,TRUE,TRUE,TRUE,TRUE,TRUE,TRUE,TRUE,TRUE,,,,,,,,,,,,
,,,0/9,0,FALSE,,,,,,,,,,,,,,,,,,,,,,,,,,,,,,,,FALSE,FALSE,FALSE,FALSE,FALSE,FALSE,FALSE,FALSE,FALSE,FALSE,FALSE,,,FALSE,FALSE,FALSE,FALSE,FALSE,FALSE,FALSE,FALSE,FALSE,,FALSE,FALSE,FALSE,FALSE,TRUE,TRUE,TRUE,TRUE,TRUE,TRUE,TRUE,TRUE,TRUE,,,,,,,,,,,,
,,,0/9,0,FALSE,,,,,,,,,,,,,,,,,,,,,,,,,,,,,,,,FALSE,FALSE,FALSE,FALSE,FALSE,FALSE,FALSE,FALSE,FALSE,FALSE,FALSE,,,FALSE,FALSE,FALSE,FALSE,FALSE,FALSE,FALSE,FALSE,FALSE,,FALSE,FALSE,FALSE,FALSE,TRUE,TRUE,TRUE,TRUE,TRUE,TRUE,TRUE,TRUE,TRUE,,,,,,,,,,,,
,,,0/9,0,FALSE,,,,,,,,,,,,,,,,,,,,,,,,,,,,,,,,FALSE,FALSE,FALSE,FALSE,FALSE,FALSE,FALSE,FALSE,FALSE,FALSE,FALSE,,,FALSE,FALSE,FALSE,FALSE,FALSE,FALSE,FALSE,FALSE,FALSE,,FALSE,FALSE,FALSE,FALSE,TRUE,TRUE,TRUE,TRUE,TRUE,TRUE,TRUE,TRUE,TRUE,,,,,,,,,,,,
,,,0/9,0,FALSE,,,,,,,,,,,,,,,,,,,,,,,,,,,,,,,,FALSE,FALSE,FALSE,FALSE,FALSE,FALSE,FALSE,FALSE,FALSE,FALSE,FALSE,,,FALSE,FALSE,FALSE,FALSE,FALSE,FALSE,FALSE,FALSE,FALSE,,FALSE,FALSE,FALSE,FALSE,TRUE,TRUE,TRUE,TRUE,TRUE,TRUE,TRUE,TRUE,TRUE,,,,,,,,,,,,
,,,0/9,0,FALSE,,,,,,,,,,,,,,,,,,,,,,,,,,,,,,,,FALSE,FALSE,FALSE,FALSE,FALSE,FALSE,FALSE,FALSE,FALSE,FALSE,FALSE,,,FALSE,FALSE,FALSE,FALSE,FALSE,FALSE,FALSE,FALSE,FALSE,,FALSE,FALSE,FALSE,FALSE,TRUE,TRUE,TRUE,TRUE,TRUE,TRUE,TRUE,TRUE,TRUE,,,,,,,,,,,,
,,,0/9,0,FALSE,,,,,,,,,,,,,,,,,,,,,,,,,,,,,,,,FALSE,FALSE,FALSE,FALSE,FALSE,FALSE,FALSE,FALSE,FALSE,FALSE,FALSE,,,FALSE,FALSE,FALSE,FALSE,FALSE,FALSE,FALSE,FALSE,FALSE,,FALSE,FALSE,FALSE,FALSE,TRUE,TRUE,TRUE,TRUE,TRUE,TRUE,TRUE,TRUE,TRUE,,,,,,,,,,,,
,,,0/9,0,FALSE,,,,,,,,,,,,,,,,,,,,,,,,,,,,,,,,FALSE,FALSE,FALSE,FALSE,FALSE,FALSE,FALSE,FALSE,FALSE,FALSE,FALSE,,,FALSE,FALSE,FALSE,FALSE,FALSE,FALSE,FALSE,FALSE,FALSE,,FALSE,FALSE,FALSE,FALSE,TRUE,TRUE,TRUE,TRUE,TRUE,TRUE,TRUE,TRUE,TRUE,,,,,,,,,,,,
,,,0/9,0,FALSE,,,,,,,,,,,,,,,,,,,,,,,,,,,,,,,,FALSE,FALSE,FALSE,FALSE,FALSE,FALSE,FALSE,FALSE,FALSE,FALSE,FALSE,,,FALSE,FALSE,FALSE,FALSE,FALSE,FALSE,FALSE,FALSE,FALSE,,FALSE,FALSE,FALSE,FALSE,TRUE,TRUE,TRUE,TRUE,TRUE,TRUE,TRUE,TRUE,TRUE,,,,,,,,,,,,
,,,0/9,0,FALSE,,,,,,,,,,,,,,,,,,,,,,,,,,,,,,,,FALSE,FALSE,FALSE,FALSE,FALSE,FALSE,FALSE,FALSE,FALSE,FALSE,FALSE,,,FALSE,FALSE,FALSE,FALSE,FALSE,FALSE,FALSE,FALSE,FALSE,,FALSE,FALSE,FALSE,FALSE,TRUE,TRUE,TRUE,TRUE,TRUE,TRUE,TRUE,TRUE,TRUE,,,,,,,,,,,,
,,,0/9,0,FALSE,,,,,,,,,,,,,,,,,,,,,,,,,,,,,,,,FALSE,FALSE,FALSE,FALSE,FALSE,FALSE,FALSE,FALSE,FALSE,FALSE,FALSE,,,FALSE,FALSE,FALSE,FALSE,FALSE,FALSE,FALSE,FALSE,FALSE,,FALSE,FALSE,FALSE,FALSE,TRUE,TRUE,TRUE,TRUE,TRUE,TRUE,TRUE,TRUE,TRUE,,,,,,,,,,,,
,,,0/9,0,FALSE,,,,,,,,,,,,,,,,,,,,,,,,,,,,,,,,FALSE,FALSE,FALSE,FALSE,FALSE,FALSE,FALSE,FALSE,FALSE,FALSE,FALSE,,,FALSE,FALSE,FALSE,FALSE,FALSE,FALSE,FALSE,FALSE,FALSE,,FALSE,FALSE,FALSE,FALSE,TRUE,TRUE,TRUE,TRUE,TRUE,TRUE,TRUE,TRUE,TRUE,,,,,,,,,,,,
,,,0/9,0,FALSE,,,,,,,,,,,,,,,,,,,,,,,,,,,,,,,,FALSE,FALSE,FALSE,FALSE,FALSE,FALSE,FALSE,FALSE,FALSE,FALSE,FALSE,,,FALSE,FALSE,FALSE,FALSE,FALSE,FALSE,FALSE,FALSE,FALSE,,FALSE,FALSE,FALSE,FALSE,TRUE,TRUE,TRUE,TRUE,TRUE,TRUE,TRUE,TRUE,TRUE,,,,,,,,,,,,
,,,0/9,0,FALSE,,,,,,,,,,,,,,,,,,,,,,,,,,,,,,,,FALSE,FALSE,FALSE,FALSE,FALSE,FALSE,FALSE,FALSE,FALSE,FALSE,FALSE,,,FALSE,FALSE,FALSE,FALSE,FALSE,FALSE,FALSE,FALSE,FALSE,,FALSE,FALSE,FALSE,FALSE,TRUE,TRUE,TRUE,TRUE,TRUE,TRUE,TRUE,TRUE,TRUE,,,,,,,,,,,,
,,,0/9,0,FALSE,,,,,,,,,,,,,,,,,,,,,,,,,,,,,,,,FALSE,FALSE,FALSE,FALSE,FALSE,FALSE,FALSE,FALSE,FALSE,FALSE,FALSE,,,FALSE,FALSE,FALSE,FALSE,FALSE,FALSE,FALSE,FALSE,FALSE,,FALSE,FALSE,FALSE,FALSE,TRUE,TRUE,TRUE,TRUE,TRUE,TRUE,TRUE,TRUE,TRUE,,,,,,,,,,,,
,,,0/9,0,FALSE,,,,,,,,,,,,,,,,,,,,,,,,,,,,,,,,FALSE,FALSE,FALSE,FALSE,FALSE,FALSE,FALSE,FALSE,FALSE,FALSE,FALSE,,,FALSE,FALSE,FALSE,FALSE,FALSE,FALSE,FALSE,FALSE,FALSE,,FALSE,FALSE,FALSE,FALSE,TRUE,TRUE,TRUE,TRUE,TRUE,TRUE,TRUE,TRUE,TRUE,,,,,,,,,,,,
,,,0/9,0,FALSE,,,,,,,,,,,,,,,,,,,,,,,,,,,,,,,,FALSE,FALSE,FALSE,FALSE,FALSE,FALSE,FALSE,FALSE,FALSE,FALSE,FALSE,,,FALSE,FALSE,FALSE,FALSE,FALSE,FALSE,FALSE,FALSE,FALSE,,FALSE,FALSE,FALSE,FALSE,TRUE,TRUE,TRUE,TRUE,TRUE,TRUE,TRUE,TRUE,TRUE,,,,,,,,,,,,
,,,0/9,0,FALSE,,,,,,,,,,,,,,,,,,,,,,,,,,,,,,,,FALSE,FALSE,FALSE,FALSE,FALSE,FALSE,FALSE,FALSE,FALSE,FALSE,FALSE,,,FALSE,FALSE,FALSE,FALSE,FALSE,FALSE,FALSE,FALSE,FALSE,,FALSE,FALSE,FALSE,FALSE,TRUE,TRUE,TRUE,TRUE,TRUE,TRUE,TRUE,TRUE,TRUE,,,,,,,,,,,,
,,,0/9,0,FALSE,,,,,,,,,,,,,,,,,,,,,,,,,,,,,,,,FALSE,FALSE,FALSE,FALSE,FALSE,FALSE,FALSE,FALSE,FALSE,FALSE,FALSE,,,FALSE,FALSE,FALSE,FALSE,FALSE,FALSE,FALSE,FALSE,FALSE,,FALSE,FALSE,FALSE,FALSE,TRUE,TRUE,TRUE,TRUE,TRUE,TRUE,TRUE,TRUE,TRUE,,,,,,,,,,,,
,,,0/9,0,FALSE,,,,,,,,,,,,,,,,,,,,,,,,,,,,,,,,FALSE,FALSE,FALSE,FALSE,FALSE,FALSE,FALSE,FALSE,FALSE,FALSE,FALSE,,,FALSE,FALSE,FALSE,FALSE,FALSE,FALSE,FALSE,FALSE,FALSE,,FALSE,FALSE,FALSE,FALSE,TRUE,TRUE,TRUE,TRUE,TRUE,TRUE,TRUE,TRUE,TRUE,,,,,,,,,,,,
,,,0/9,0,FALSE,,,,,,,,,,,,,,,,,,,,,,,,,,,,,,,,FALSE,FALSE,FALSE,FALSE,FALSE,FALSE,FALSE,FALSE,FALSE,FALSE,FALSE,,,FALSE,FALSE,FALSE,FALSE,FALSE,FALSE,FALSE,FALSE,FALSE,,FALSE,FALSE,FALSE,FALSE,TRUE,TRUE,TRUE,TRUE,TRUE,TRUE,TRUE,TRUE,TRUE,,,,,,,,,,,,
,,,0/9,0,FALSE,,,,,,,,,,,,,,,,,,,,,,,,,,,,,,,,FALSE,FALSE,FALSE,FALSE,FALSE,FALSE,FALSE,FALSE,FALSE,FALSE,FALSE,,,FALSE,FALSE,FALSE,FALSE,FALSE,FALSE,FALSE,FALSE,FALSE,,FALSE,FALSE,FALSE,FALSE,TRUE,TRUE,TRUE,TRUE,TRUE,TRUE,TRUE,TRUE,TRUE,,,,,,,,,,,,
,,,0/9,0,FALSE,,,,,,,,,,,,,,,,,,,,,,,,,,,,,,,,FALSE,FALSE,FALSE,FALSE,FALSE,FALSE,FALSE,FALSE,FALSE,FALSE,FALSE,,,FALSE,FALSE,FALSE,FALSE,FALSE,FALSE,FALSE,FALSE,FALSE,,FALSE,FALSE,FALSE,FALSE,TRUE,TRUE,TRUE,TRUE,TRUE,TRUE,TRUE,TRUE,TRUE,,,,,,,,,,,,
,,,0/9,0,FALSE,,,,,,,,,,,,,,,,,,,,,,,,,,,,,,,,FALSE,FALSE,FALSE,FALSE,FALSE,FALSE,FALSE,FALSE,FALSE,FALSE,FALSE,,,FALSE,FALSE,FALSE,FALSE,FALSE,FALSE,FALSE,FALSE,FALSE,,FALSE,FALSE,FALSE,FALSE,TRUE,TRUE,TRUE,TRUE,TRUE,TRUE,TRUE,TRUE,TRUE,,,,,,,,,,,,
,,,0/9,0,FALSE,,,,,,,,,,,,,,,,,,,,,,,,,,,,,,,,FALSE,FALSE,FALSE,FALSE,FALSE,FALSE,FALSE,FALSE,FALSE,FALSE,FALSE,,,FALSE,FALSE,FALSE,FALSE,FALSE,FALSE,FALSE,FALSE,FALSE,,FALSE,FALSE,FALSE,FALSE,TRUE,TRUE,TRUE,TRUE,TRUE,TRUE,TRUE,TRUE,TRUE,,,,,,,,,,,,
,,,0/9,0,FALSE,,,,,,,,,,,,,,,,,,,,,,,,,,,,,,,,FALSE,FALSE,FALSE,FALSE,FALSE,FALSE,FALSE,FALSE,FALSE,FALSE,FALSE,,,FALSE,FALSE,FALSE,FALSE,FALSE,FALSE,FALSE,FALSE,FALSE,,FALSE,FALSE,FALSE,FALSE,TRUE,TRUE,TRUE,TRUE,TRUE,TRUE,TRUE,TRUE,TRUE,,,,,,,,,,,,
,,,0/9,0,FALSE,,,,,,,,,,,,,,,,,,,,,,,,,,,,,,,,FALSE,FALSE,FALSE,FALSE,FALSE,FALSE,FALSE,FALSE,FALSE,FALSE,FALSE,,,FALSE,FALSE,FALSE,FALSE,FALSE,FALSE,FALSE,FALSE,FALSE,,FALSE,FALSE,FALSE,FALSE,TRUE,TRUE,TRUE,TRUE,TRUE,TRUE,TRUE,TRUE,TRUE,,,,,,,,,,,,
,,,0/9,0,FALSE,,,,,,,,,,,,,,,,,,,,,,,,,,,,,,,,FALSE,FALSE,FALSE,FALSE,FALSE,FALSE,FALSE,FALSE,FALSE,FALSE,FALSE,,,FALSE,FALSE,FALSE,FALSE,FALSE,FALSE,FALSE,FALSE,FALSE,,FALSE,FALSE,FALSE,FALSE,TRUE,TRUE,TRUE,TRUE,TRUE,TRUE,TRUE,TRUE,TRUE,,,,,,,,,,,,
,,,0/9,0,FALSE,,,,,,,,,,,,,,,,,,,,,,,,,,,,,,,,FALSE,FALSE,FALSE,FALSE,FALSE,FALSE,FALSE,FALSE,FALSE,FALSE,FALSE,,,FALSE,FALSE,FALSE,FALSE,FALSE,FALSE,FALSE,FALSE,FALSE,,FALSE,FALSE,FALSE,FALSE,TRUE,TRUE,TRUE,TRUE,TRUE,TRUE,TRUE,TRUE,TRUE,,,,,,,,,,,,
,,,0/9,0,FALSE,,,,,,,,,,,,,,,,,,,,,,,,,,,,,,,,FALSE,FALSE,FALSE,FALSE,FALSE,FALSE,FALSE,FALSE,FALSE,FALSE,FALSE,,,FALSE,FALSE,FALSE,FALSE,FALSE,FALSE,FALSE,FALSE,FALSE,,FALSE,FALSE,FALSE,FALSE,TRUE,TRUE,TRUE,TRUE,TRUE,TRUE,TRUE,TRUE,TRUE,,,,,,,,,,,,
,,,0/9,0,FALSE,,,,,,,,,,,,,,,,,,,,,,,,,,,,,,,,FALSE,FALSE,FALSE,FALSE,FALSE,FALSE,FALSE,FALSE,FALSE,FALSE,FALSE,,,FALSE,FALSE,FALSE,FALSE,FALSE,FALSE,FALSE,FALSE,FALSE,,FALSE,FALSE,FALSE,FALSE,TRUE,TRUE,TRUE,TRUE,TRUE,TRUE,TRUE,TRUE,TRUE,,,,,,,,,,,,
,,,0/9,0,FALSE,,,,,,,,,,,,,,,,,,,,,,,,,,,,,,,,FALSE,FALSE,FALSE,FALSE,FALSE,FALSE,FALSE,FALSE,FALSE,FALSE,FALSE,,,FALSE,FALSE,FALSE,FALSE,FALSE,FALSE,FALSE,FALSE,FALSE,,FALSE,FALSE,FALSE,FALSE,TRUE,TRUE,TRUE,TRUE,TRUE,TRUE,TRUE,TRUE,TRUE,,,,,,,,,,,,
,,,0/9,0,FALSE,,,,,,,,,,,,,,,,,,,,,,,,,,,,,,,,FALSE,FALSE,FALSE,FALSE,FALSE,FALSE,FALSE,FALSE,FALSE,FALSE,FALSE,,,FALSE,FALSE,FALSE,FALSE,FALSE,FALSE,FALSE,FALSE,FALSE,,FALSE,FALSE,FALSE,FALSE,TRUE,TRUE,TRUE,TRUE,TRUE,TRUE,TRUE,TRUE,TRUE,,,,,,,,,,,,
,,,0/9,0,FALSE,,,,,,,,,,,,,,,,,,,,,,,,,,,,,,,,FALSE,FALSE,FALSE,FALSE,FALSE,FALSE,FALSE,FALSE,FALSE,FALSE,FALSE,,,FALSE,FALSE,FALSE,FALSE,FALSE,FALSE,FALSE,FALSE,FALSE,,FALSE,FALSE,FALSE,FALSE,TRUE,TRUE,TRUE,TRUE,TRUE,TRUE,TRUE,TRUE,TRUE,,,,,,,,,,,,
,,,0/9,0,FALSE,,,,,,,,,,,,,,,,,,,,,,,,,,,,,,,,FALSE,FALSE,FALSE,FALSE,FALSE,FALSE,FALSE,FALSE,FALSE,FALSE,FALSE,,,FALSE,FALSE,FALSE,FALSE,FALSE,FALSE,FALSE,FALSE,FALSE,,FALSE,FALSE,FALSE,FALSE,TRUE,TRUE,TRUE,TRUE,TRUE,TRUE,TRUE,TRUE,TRUE,,,,,,,,,,,,
,,,0/9,0,FALSE,,,,,,,,,,,,,,,,,,,,,,,,,,,,,,,,FALSE,FALSE,FALSE,FALSE,FALSE,FALSE,FALSE,FALSE,FALSE,FALSE,FALSE,,,FALSE,FALSE,FALSE,FALSE,FALSE,FALSE,FALSE,FALSE,FALSE,,FALSE,FALSE,FALSE,FALSE,TRUE,TRUE,TRUE,TRUE,TRUE,TRUE,TRUE,TRUE,TRUE,,,,,,,,,,,,
,,,0/9,0,FALSE,,,,,,,,,,,,,,,,,,,,,,,,,,,,,,,,FALSE,FALSE,FALSE,FALSE,FALSE,FALSE,FALSE,FALSE,FALSE,FALSE,FALSE,,,FALSE,FALSE,FALSE,FALSE,FALSE,FALSE,FALSE,FALSE,FALSE,,FALSE,FALSE,FALSE,FALSE,TRUE,TRUE,TRUE,TRUE,TRUE,TRUE,TRUE,TRUE,TRUE,,,,,,,,,,,,
,,,0/9,0,FALSE,,,,,,,,,,,,,,,,,,,,,,,,,,,,,,,,FALSE,FALSE,FALSE,FALSE,FALSE,FALSE,FALSE,FALSE,FALSE,FALSE,FALSE,,,FALSE,FALSE,FALSE,FALSE,FALSE,FALSE,FALSE,FALSE,FALSE,,FALSE,FALSE,FALSE,FALSE,TRUE,TRUE,TRUE,TRUE,TRUE,TRUE,TRUE,TRUE,TRUE,,,,,,,,,,,,
,,,0/9,0,FALSE,,,,,,,,,,,,,,,,,,,,,,,,,,,,,,,,FALSE,FALSE,FALSE,FALSE,FALSE,FALSE,FALSE,FALSE,FALSE,FALSE,FALSE,,,FALSE,FALSE,FALSE,FALSE,FALSE,FALSE,FALSE,FALSE,FALSE,,FALSE,FALSE,FALSE,FALSE,TRUE,TRUE,TRUE,TRUE,TRUE,TRUE,TRUE,TRUE,TRUE,,,,,,,,,,,,
,,,0/9,0,FALSE,,,,,,,,,,,,,,,,,,,,,,,,,,,,,,,,FALSE,FALSE,FALSE,FALSE,FALSE,FALSE,FALSE,FALSE,FALSE,FALSE,FALSE,,,FALSE,FALSE,FALSE,FALSE,FALSE,FALSE,FALSE,FALSE,FALSE,,FALSE,FALSE,FALSE,FALSE,TRUE,TRUE,TRUE,TRUE,TRUE,TRUE,TRUE,TRUE,TRUE,,,,,,,,,,,,
,,,0/9,0,FALSE,,,,,,,,,,,,,,,,,,,,,,,,,,,,,,,,FALSE,FALSE,FALSE,FALSE,FALSE,FALSE,FALSE,FALSE,FALSE,FALSE,FALSE,,,FALSE,FALSE,FALSE,FALSE,FALSE,FALSE,FALSE,FALSE,FALSE,,FALSE,FALSE,FALSE,FALSE,TRUE,TRUE,TRUE,TRUE,TRUE,TRUE,TRUE,TRUE,TRUE,,,,,,,,,,,,
,,,0/9,0,FALSE,,,,,,,,,,,,,,,,,,,,,,,,,,,,,,,,FALSE,FALSE,FALSE,FALSE,FALSE,FALSE,FALSE,FALSE,FALSE,FALSE,FALSE,,,FALSE,FALSE,FALSE,FALSE,FALSE,FALSE,FALSE,FALSE,FALSE,,FALSE,FALSE,FALSE,FALSE,TRUE,TRUE,TRUE,TRUE,TRUE,TRUE,TRUE,TRUE,TRUE,,,,,,,,,,,,
,,,0/9,0,FALSE,,,,,,,,,,,,,,,,,,,,,,,,,,,,,,,,FALSE,FALSE,FALSE,FALSE,FALSE,FALSE,FALSE,FALSE,FALSE,FALSE,FALSE,,,FALSE,FALSE,FALSE,FALSE,FALSE,FALSE,FALSE,FALSE,FALSE,,FALSE,FALSE,FALSE,FALSE,TRUE,TRUE,TRUE,TRUE,TRUE,TRUE,TRUE,TRUE,TRUE,,,,,,,,,,,,
,,,0/9,0,FALSE,,,,,,,,,,,,,,,,,,,,,,,,,,,,,,,,FALSE,FALSE,FALSE,FALSE,FALSE,FALSE,FALSE,FALSE,FALSE,FALSE,FALSE,,,FALSE,FALSE,FALSE,FALSE,FALSE,FALSE,FALSE,FALSE,FALSE,,FALSE,FALSE,FALSE,FALSE,TRUE,TRUE,TRUE,TRUE,TRUE,TRUE,TRUE,TRUE,TRUE,,,,,,,,,,,,
,,,0/9,0,FALSE,,,,,,,,,,,,,,,,,,,,,,,,,,,,,,,,FALSE,FALSE,FALSE,FALSE,FALSE,FALSE,FALSE,FALSE,FALSE,FALSE,FALSE,,,FALSE,FALSE,FALSE,FALSE,FALSE,FALSE,FALSE,FALSE,FALSE,,FALSE,FALSE,FALSE,FALSE,TRUE,TRUE,TRUE,TRUE,TRUE,TRUE,TRUE,TRUE,TRUE,,,,,,,,,,,,
,,,0/9,0,FALSE,,,,,,,,,,,,,,,,,,,,,,,,,,,,,,,,FALSE,FALSE,FALSE,FALSE,FALSE,FALSE,FALSE,FALSE,FALSE,FALSE,FALSE,,,FALSE,FALSE,FALSE,FALSE,FALSE,FALSE,FALSE,FALSE,FALSE,,FALSE,FALSE,FALSE,FALSE,TRUE,TRUE,TRUE,TRUE,TRUE,TRUE,TRUE,TRUE,TRUE,,,,,,,,,,,,
,,,0/9,0,FALSE,,,,,,,,,,,,,,,,,,,,,,,,,,,,,,,,FALSE,FALSE,FALSE,FALSE,FALSE,FALSE,FALSE,FALSE,FALSE,FALSE,FALSE,,,FALSE,FALSE,FALSE,FALSE,FALSE,FALSE,FALSE,FALSE,FALSE,,FALSE,FALSE,FALSE,FALSE,TRUE,TRUE,TRUE,TRUE,TRUE,TRUE,TRUE,TRUE,TRUE,,,,,,,,,,,,
,,,0/9,0,FALSE,,,,,,,,,,,,,,,,,,,,,,,,,,,,,,,,FALSE,FALSE,FALSE,FALSE,FALSE,FALSE,FALSE,FALSE,FALSE,FALSE,FALSE,,,FALSE,FALSE,FALSE,FALSE,FALSE,FALSE,FALSE,FALSE,FALSE,,FALSE,FALSE,FALSE,FALSE,TRUE,TRUE,TRUE,TRUE,TRUE,TRUE,TRUE,TRUE,TRUE,,,,,,,,,,,,
,,,0/9,0,FALSE,,,,,,,,,,,,,,,,,,,,,,,,,,,,,,,,FALSE,FALSE,FALSE,FALSE,FALSE,FALSE,FALSE,FALSE,FALSE,FALSE,FALSE,,,FALSE,FALSE,FALSE,FALSE,FALSE,FALSE,FALSE,FALSE,FALSE,,FALSE,FALSE,FALSE,FALSE,TRUE,TRUE,TRUE,TRUE,TRUE,TRUE,TRUE,TRUE,TRUE,,,,,,,,,,,,
,,,0/9,0,FALSE,,,,,,,,,,,,,,,,,,,,,,,,,,,,,,,,FALSE,FALSE,FALSE,FALSE,FALSE,FALSE,FALSE,FALSE,FALSE,FALSE,FALSE,,,FALSE,FALSE,FALSE,FALSE,FALSE,FALSE,FALSE,FALSE,FALSE,,FALSE,FALSE,FALSE,FALSE,TRUE,TRUE,TRUE,TRUE,TRUE,TRUE,TRUE,TRUE,TRUE,,,,,,,,,,,,
,,,0/9,0,FALSE,,,,,,,,,,,,,,,,,,,,,,,,,,,,,,,,FALSE,FALSE,FALSE,FALSE,FALSE,FALSE,FALSE,FALSE,FALSE,FALSE,FALSE,,,FALSE,FALSE,FALSE,FALSE,FALSE,FALSE,FALSE,FALSE,FALSE,,FALSE,FALSE,FALSE,FALSE,TRUE,TRUE,TRUE,TRUE,TRUE,TRUE,TRUE,TRUE,TRUE,,,,,,,,,,,,
,,,0/9,0,FALSE,,,,,,,,,,,,,,,,,,,,,,,,,,,,,,,,FALSE,FALSE,FALSE,FALSE,FALSE,FALSE,FALSE,FALSE,FALSE,FALSE,FALSE,,,FALSE,FALSE,FALSE,FALSE,FALSE,FALSE,FALSE,FALSE,FALSE,,FALSE,FALSE,FALSE,FALSE,TRUE,TRUE,TRUE,TRUE,TRUE,TRUE,TRUE,TRUE,TRUE,,,,,,,,,,,,
,,,0/9,0,FALSE,,,,,,,,,,,,,,,,,,,,,,,,,,,,,,,,FALSE,FALSE,FALSE,FALSE,FALSE,FALSE,FALSE,FALSE,FALSE,FALSE,FALSE,,,FALSE,FALSE,FALSE,FALSE,FALSE,FALSE,FALSE,FALSE,FALSE,,FALSE,FALSE,FALSE,FALSE,TRUE,TRUE,TRUE,TRUE,TRUE,TRUE,TRUE,TRUE,TRUE,,,,,,,,,,,,
,,,0/9,0,FALSE,,,,,,,,,,,,,,,,,,,,,,,,,,,,,,,,FALSE,FALSE,FALSE,FALSE,FALSE,FALSE,FALSE,FALSE,FALSE,FALSE,FALSE,,,FALSE,FALSE,FALSE,FALSE,FALSE,FALSE,FALSE,FALSE,FALSE,,FALSE,FALSE,FALSE,FALSE,TRUE,TRUE,TRUE,TRUE,TRUE,TRUE,TRUE,TRUE,TRUE,,,,,,,,,,,,
,,,0/9,0,FALSE,,,,,,,,,,,,,,,,,,,,,,,,,,,,,,,,FALSE,FALSE,FALSE,FALSE,FALSE,FALSE,FALSE,FALSE,FALSE,FALSE,FALSE,,,FALSE,FALSE,FALSE,FALSE,FALSE,FALSE,FALSE,FALSE,FALSE,,FALSE,FALSE,FALSE,FALSE,TRUE,TRUE,TRUE,TRUE,TRUE,TRUE,TRUE,TRUE,TRUE,,,,,,,,,,,,
,,,0/9,0,FALSE,,,,,,,,,,,,,,,,,,,,,,,,,,,,,,,,FALSE,FALSE,FALSE,FALSE,FALSE,FALSE,FALSE,FALSE,FALSE,FALSE,FALSE,,,FALSE,FALSE,FALSE,FALSE,FALSE,FALSE,FALSE,FALSE,FALSE,,FALSE,FALSE,FALSE,FALSE,TRUE,TRUE,TRUE,TRUE,TRUE,TRUE,TRUE,TRUE,TRUE,,,,,,,,,,,,
,,,0/9,0,FALSE,,,,,,,,,,,,,,,,,,,,,,,,,,,,,,,,FALSE,FALSE,FALSE,FALSE,FALSE,FALSE,FALSE,FALSE,FALSE,FALSE,FALSE,,,FALSE,FALSE,FALSE,FALSE,FALSE,FALSE,FALSE,FALSE,FALSE,,FALSE,FALSE,FALSE,FALSE,TRUE,TRUE,TRUE,TRUE,TRUE,TRUE,TRUE,TRUE,TRUE,,,,,,,,,,,,
,,,0/9,0,FALSE,,,,,,,,,,,,,,,,,,,,,,,,,,,,,,,,FALSE,FALSE,FALSE,FALSE,FALSE,FALSE,FALSE,FALSE,FALSE,FALSE,FALSE,,,FALSE,FALSE,FALSE,FALSE,FALSE,FALSE,FALSE,FALSE,FALSE,,FALSE,FALSE,FALSE,FALSE,TRUE,TRUE,TRUE,TRUE,TRUE,TRUE,TRUE,TRUE,TRUE,,,,,,,,,,,,
,,,0/9,0,FALSE,,,,,,,,,,,,,,,,,,,,,,,,,,,,,,,,FALSE,FALSE,FALSE,FALSE,FALSE,FALSE,FALSE,FALSE,FALSE,FALSE,FALSE,,,FALSE,FALSE,FALSE,FALSE,FALSE,FALSE,FALSE,FALSE,FALSE,,FALSE,FALSE,FALSE,FALSE,TRUE,TRUE,TRUE,TRUE,TRUE,TRUE,TRUE,TRUE,TRUE,,,,,,,,,,,,
,,,0/9,0,FALSE,,,,,,,,,,,,,,,,,,,,,,,,,,,,,,,,FALSE,FALSE,FALSE,FALSE,FALSE,FALSE,FALSE,FALSE,FALSE,FALSE,FALSE,,,FALSE,FALSE,FALSE,FALSE,FALSE,FALSE,FALSE,FALSE,FALSE,,FALSE,FALSE,FALSE,FALSE,TRUE,TRUE,TRUE,TRUE,TRUE,TRUE,TRUE,TRUE,TRUE,,,,,,,,,,,,
,,,0/9,0,FALSE,,,,,,,,,,,,,,,,,,,,,,,,,,,,,,,,FALSE,FALSE,FALSE,FALSE,FALSE,FALSE,FALSE,FALSE,FALSE,FALSE,FALSE,,,FALSE,FALSE,FALSE,FALSE,FALSE,FALSE,FALSE,FALSE,FALSE,,FALSE,FALSE,FALSE,FALSE,TRUE,TRUE,TRUE,TRUE,TRUE,TRUE,TRUE,TRUE,TRUE,,,,,,,,,,,,
,,,0/9,0,FALSE,,,,,,,,,,,,,,,,,,,,,,,,,,,,,,,,FALSE,FALSE,FALSE,FALSE,FALSE,FALSE,FALSE,FALSE,FALSE,FALSE,FALSE,,,FALSE,FALSE,FALSE,FALSE,FALSE,FALSE,FALSE,FALSE,FALSE,,FALSE,FALSE,FALSE,FALSE,TRUE,TRUE,TRUE,TRUE,TRUE,TRUE,TRUE,TRUE,TRUE,,,,,,,,,,,,
,,,0/9,0,FALSE,,,,,,,,,,,,,,,,,,,,,,,,,,,,,,,,FALSE,FALSE,FALSE,FALSE,FALSE,FALSE,FALSE,FALSE,FALSE,FALSE,FALSE,,,FALSE,FALSE,FALSE,FALSE,FALSE,FALSE,FALSE,FALSE,FALSE,,FALSE,FALSE,FALSE,FALSE,TRUE,TRUE,TRUE,TRUE,TRUE,TRUE,TRUE,TRUE,TRUE,,,,,,,,,,,,
,,,0/9,0,FALSE,,,,,,,,,,,,,,,,,,,,,,,,,,,,,,,,FALSE,FALSE,FALSE,FALSE,FALSE,FALSE,FALSE,FALSE,FALSE,FALSE,FALSE,,,FALSE,FALSE,FALSE,FALSE,FALSE,FALSE,FALSE,FALSE,FALSE,,FALSE,FALSE,FALSE,FALSE,TRUE,TRUE,TRUE,TRUE,TRUE,TRUE,TRUE,TRUE,TRUE,,,,,,,,,,,,
,,,0/9,0,FALSE,,,,,,,,,,,,,,,,,,,,,,,,,,,,,,,,FALSE,FALSE,FALSE,FALSE,FALSE,FALSE,FALSE,FALSE,FALSE,FALSE,FALSE,,,FALSE,FALSE,FALSE,FALSE,FALSE,FALSE,FALSE,FALSE,FALSE,,FALSE,FALSE,FALSE,FALSE,TRUE,TRUE,TRUE,TRUE,TRUE,TRUE,TRUE,TRUE,TRUE,,,,,,,,,,,,
,,,0/9,0,FALSE,,,,,,,,,,,,,,,,,,,,,,,,,,,,,,,,FALSE,FALSE,FALSE,FALSE,FALSE,FALSE,FALSE,FALSE,FALSE,FALSE,FALSE,,,FALSE,FALSE,FALSE,FALSE,FALSE,FALSE,FALSE,FALSE,FALSE,,FALSE,FALSE,FALSE,FALSE,TRUE,TRUE,TRUE,TRUE,TRUE,TRUE,TRUE,TRUE,TRUE,,,,,,,,,,,,
,,,0/9,0,FALSE,,,,,,,,,,,,,,,,,,,,,,,,,,,,,,,,FALSE,FALSE,FALSE,FALSE,FALSE,FALSE,FALSE,FALSE,FALSE,FALSE,FALSE,,,FALSE,FALSE,FALSE,FALSE,FALSE,FALSE,FALSE,FALSE,FALSE,,FALSE,FALSE,FALSE,FALSE,TRUE,TRUE,TRUE,TRUE,TRUE,TRUE,TRUE,TRUE,TRUE,,,,,,,,,,,,
,,,0/9,0,FALSE,,,,,,,,,,,,,,,,,,,,,,,,,,,,,,,,FALSE,FALSE,FALSE,FALSE,FALSE,FALSE,FALSE,FALSE,FALSE,FALSE,FALSE,,,FALSE,FALSE,FALSE,FALSE,FALSE,FALSE,FALSE,FALSE,FALSE,,FALSE,FALSE,FALSE,FALSE,TRUE,TRUE,TRUE,TRUE,TRUE,TRUE,TRUE,TRUE,TRUE,,,,,,,,,,,,
,,,0/9,0,FALSE,,,,,,,,,,,,,,,,,,,,,,,,,,,,,,,,FALSE,FALSE,FALSE,FALSE,FALSE,FALSE,FALSE,FALSE,FALSE,FALSE,FALSE,,,FALSE,FALSE,FALSE,FALSE,FALSE,FALSE,FALSE,FALSE,FALSE,,FALSE,FALSE,FALSE,FALSE,TRUE,TRUE,TRUE,TRUE,TRUE,TRUE,TRUE,TRUE,TRUE,,,,,,,,,,,,
,,,0/9,0,FALSE,,,,,,,,,,,,,,,,,,,,,,,,,,,,,,,,FALSE,FALSE,FALSE,FALSE,FALSE,FALSE,FALSE,FALSE,FALSE,FALSE,FALSE,,,FALSE,FALSE,FALSE,FALSE,FALSE,FALSE,FALSE,FALSE,FALSE,,FALSE,FALSE,FALSE,FALSE,TRUE,TRUE,TRUE,TRUE,TRUE,TRUE,TRUE,TRUE,TRUE,,,,,,,,,,,,
,,,0/9,0,FALSE,,,,,,,,,,,,,,,,,,,,,,,,,,,,,,,,FALSE,FALSE,FALSE,FALSE,FALSE,FALSE,FALSE,FALSE,FALSE,FALSE,FALSE,,,FALSE,FALSE,FALSE,FALSE,FALSE,FALSE,FALSE,FALSE,FALSE,,FALSE,FALSE,FALSE,FALSE,TRUE,TRUE,TRUE,TRUE,TRUE,TRUE,TRUE,TRUE,TRUE,,,,,,,,,,,,
,,,0/9,0,FALSE,,,,,,,,,,,,,,,,,,,,,,,,,,,,,,,,FALSE,FALSE,FALSE,FALSE,FALSE,FALSE,FALSE,FALSE,FALSE,FALSE,FALSE,,,FALSE,FALSE,FALSE,FALSE,FALSE,FALSE,FALSE,FALSE,FALSE,,FALSE,FALSE,FALSE,FALSE,TRUE,TRUE,TRUE,TRUE,TRUE,TRUE,TRUE,TRUE,TRUE,,,,,,,,,,,,
,,,0/9,0,FALSE,,,,,,,,,,,,,,,,,,,,,,,,,,,,,,,,FALSE,FALSE,FALSE,FALSE,FALSE,FALSE,FALSE,FALSE,FALSE,FALSE,FALSE,,,FALSE,FALSE,FALSE,FALSE,FALSE,FALSE,FALSE,FALSE,FALSE,,FALSE,FALSE,FALSE,FALSE,TRUE,TRUE,TRUE,TRUE,TRUE,TRUE,TRUE,TRUE,TRUE,,,,,,,,,,,,
,,,0/9,0,FALSE,,,,,,,,,,,,,,,,,,,,,,,,,,,,,,,,FALSE,FALSE,FALSE,FALSE,FALSE,FALSE,FALSE,FALSE,FALSE,FALSE,FALSE,,,FALSE,FALSE,FALSE,FALSE,FALSE,FALSE,FALSE,FALSE,FALSE,,FALSE,FALSE,FALSE,FALSE,TRUE,TRUE,TRUE,TRUE,TRUE,TRUE,TRUE,TRUE,TRUE,,,,,,,,,,,,
,,,0/9,0,FALSE,,,,,,,,,,,,,,,,,,,,,,,,,,,,,,,,FALSE,FALSE,FALSE,FALSE,FALSE,FALSE,FALSE,FALSE,FALSE,FALSE,FALSE,,,FALSE,FALSE,FALSE,FALSE,FALSE,FALSE,FALSE,FALSE,FALSE,,FALSE,FALSE,FALSE,FALSE,TRUE,TRUE,TRUE,TRUE,TRUE,TRUE,TRUE,TRUE,TRUE,,,,,,,,,,,,
,,,0/9,0,FALSE,,,,,,,,,,,,,,,,,,,,,,,,,,,,,,,,FALSE,FALSE,FALSE,FALSE,FALSE,FALSE,FALSE,FALSE,FALSE,FALSE,FALSE,,,FALSE,FALSE,FALSE,FALSE,FALSE,FALSE,FALSE,FALSE,FALSE,,FALSE,FALSE,FALSE,FALSE,TRUE,TRUE,TRUE,TRUE,TRUE,TRUE,TRUE,TRUE,TRUE,,,,,,,,,,,,
,,,0/9,0,FALSE,,,,,,,,,,,,,,,,,,,,,,,,,,,,,,,,FALSE,FALSE,FALSE,FALSE,FALSE,FALSE,FALSE,FALSE,FALSE,FALSE,FALSE,,,FALSE,FALSE,FALSE,FALSE,FALSE,FALSE,FALSE,FALSE,FALSE,,FALSE,FALSE,FALSE,FALSE,TRUE,TRUE,TRUE,TRUE,TRUE,TRUE,TRUE,TRUE,TRUE,,,,,,,,,,,,
,,,0/9,0,FALSE,,,,,,,,,,,,,,,,,,,,,,,,,,,,,,,,FALSE,FALSE,FALSE,FALSE,FALSE,FALSE,FALSE,FALSE,FALSE,FALSE,FALSE,,,FALSE,FALSE,FALSE,FALSE,FALSE,FALSE,FALSE,FALSE,FALSE,,FALSE,FALSE,FALSE,FALSE,TRUE,TRUE,TRUE,TRUE,TRUE,TRUE,TRUE,TRUE,TRUE,,,,,,,,,,,,
,,,0/9,0,FALSE,,,,,,,,,,,,,,,,,,,,,,,,,,,,,,,,FALSE,FALSE,FALSE,FALSE,FALSE,FALSE,FALSE,FALSE,FALSE,FALSE,FALSE,,,FALSE,FALSE,FALSE,FALSE,FALSE,FALSE,FALSE,FALSE,FALSE,,FALSE,FALSE,FALSE,FALSE,TRUE,TRUE,TRUE,TRUE,TRUE,TRUE,TRUE,TRUE,TRUE,,,,,,,,,,,,
,,,0/9,0,FALSE,,,,,,,,,,,,,,,,,,,,,,,,,,,,,,,,FALSE,FALSE,FALSE,FALSE,FALSE,FALSE,FALSE,FALSE,FALSE,FALSE,FALSE,,,FALSE,FALSE,FALSE,FALSE,FALSE,FALSE,FALSE,FALSE,FALSE,,FALSE,FALSE,FALSE,FALSE,TRUE,TRUE,TRUE,TRUE,TRUE,TRUE,TRUE,TRUE,TRUE,,,,,,,,,,,,
,,,0/9,0,FALSE,,,,,,,,,,,,,,,,,,,,,,,,,,,,,,,,FALSE,FALSE,FALSE,FALSE,FALSE,FALSE,FALSE,FALSE,FALSE,FALSE,FALSE,,,FALSE,FALSE,FALSE,FALSE,FALSE,FALSE,FALSE,FALSE,FALSE,,FALSE,FALSE,FALSE,FALSE,TRUE,TRUE,TRUE,TRUE,TRUE,TRUE,TRUE,TRUE,TRUE,,,,,,,,,,,,
,,,0/9,0,FALSE,,,,,,,,,,,,,,,,,,,,,,,,,,,,,,,,FALSE,FALSE,FALSE,FALSE,FALSE,FALSE,FALSE,FALSE,FALSE,FALSE,FALSE,,,FALSE,FALSE,FALSE,FALSE,FALSE,FALSE,FALSE,FALSE,FALSE,,FALSE,FALSE,FALSE,FALSE,TRUE,TRUE,TRUE,TRUE,TRUE,TRUE,TRUE,TRUE,TRUE,,,,,,,,,,,,
,,,0/9,0,FALSE,,,,,,,,,,,,,,,,,,,,,,,,,,,,,,,,FALSE,FALSE,FALSE,FALSE,FALSE,FALSE,FALSE,FALSE,FALSE,FALSE,FALSE,,,FALSE,FALSE,FALSE,FALSE,FALSE,FALSE,FALSE,FALSE,FALSE,,FALSE,FALSE,FALSE,FALSE,TRUE,TRUE,TRUE,TRUE,TRUE,TRUE,TRUE,TRUE,TRUE,,,,,,,,,,,,
,,,0/9,0,FALSE,,,,,,,,,,,,,,,,,,,,,,,,,,,,,,,,FALSE,FALSE,FALSE,FALSE,FALSE,FALSE,FALSE,FALSE,FALSE,FALSE,FALSE,,,FALSE,FALSE,FALSE,FALSE,FALSE,FALSE,FALSE,FALSE,FALSE,,FALSE,FALSE,FALSE,FALSE,TRUE,TRUE,TRUE,TRUE,TRUE,TRUE,TRUE,TRUE,TRUE,,,,,,,,,,,,
,,,0/9,0,FALSE,,,,,,,,,,,,,,,,,,,,,,,,,,,,,,,,FALSE,FALSE,FALSE,FALSE,FALSE,FALSE,FALSE,FALSE,FALSE,FALSE,FALSE,,,FALSE,FALSE,FALSE,FALSE,FALSE,FALSE,FALSE,FALSE,FALSE,,FALSE,FALSE,FALSE,FALSE,TRUE,TRUE,TRUE,TRUE,TRUE,TRUE,TRUE,TRUE,TRUE,,,,,,,,,,,,
,,,0/9,0,FALSE,,,,,,,,,,,,,,,,,,,,,,,,,,,,,,,,FALSE,FALSE,FALSE,FALSE,FALSE,FALSE,FALSE,FALSE,FALSE,FALSE,FALSE,,,FALSE,FALSE,FALSE,FALSE,FALSE,FALSE,FALSE,FALSE,FALSE,,FALSE,FALSE,FALSE,FALSE,TRUE,TRUE,TRUE,TRUE,TRUE,TRUE,TRUE,TRUE,TRUE,,,,,,,,,,,,
,,,0/9,0,FALSE,,,,,,,,,,,,,,,,,,,,,,,,,,,,,,,,FALSE,FALSE,FALSE,FALSE,FALSE,FALSE,FALSE,FALSE,FALSE,FALSE,FALSE,,,FALSE,FALSE,FALSE,FALSE,FALSE,FALSE,FALSE,FALSE,FALSE,,FALSE,FALSE,FALSE,FALSE,TRUE,TRUE,TRUE,TRUE,TRUE,TRUE,TRUE,TRUE,TRUE,,,,,,,,,,,,
,,,0/9,0,FALSE,,,,,,,,,,,,,,,,,,,,,,,,,,,,,,,,FALSE,FALSE,FALSE,FALSE,FALSE,FALSE,FALSE,FALSE,FALSE,FALSE,FALSE,,,FALSE,FALSE,FALSE,FALSE,FALSE,FALSE,FALSE,FALSE,FALSE,,FALSE,FALSE,FALSE,FALSE,TRUE,TRUE,TRUE,TRUE,TRUE,TRUE,TRUE,TRUE,TRUE,,,,,,,,,,,,
,,,0/9,0,FALSE,,,,,,,,,,,,,,,,,,,,,,,,,,,,,,,,FALSE,FALSE,FALSE,FALSE,FALSE,FALSE,FALSE,FALSE,FALSE,FALSE,FALSE,,,FALSE,FALSE,FALSE,FALSE,FALSE,FALSE,FALSE,FALSE,FALSE,,FALSE,FALSE,FALSE,FALSE,TRUE,TRUE,TRUE,TRUE,TRUE,TRUE,TRUE,TRUE,TRUE,,,,,,,,,,,,
,,,0/9,0,FALSE,,,,,,,,,,,,,,,,,,,,,,,,,,,,,,,,FALSE,FALSE,FALSE,FALSE,FALSE,FALSE,FALSE,FALSE,FALSE,FALSE,FALSE,,,FALSE,FALSE,FALSE,FALSE,FALSE,FALSE,FALSE,FALSE,FALSE,,FALSE,FALSE,FALSE,FALSE,TRUE,TRUE,TRUE,TRUE,TRUE,TRUE,TRUE,TRUE,TRUE,,,,,,,,,,,,
,,,0/9,0,FALSE,,,,,,,,,,,,,,,,,,,,,,,,,,,,,,,,FALSE,FALSE,FALSE,FALSE,FALSE,FALSE,FALSE,FALSE,FALSE,FALSE,FALSE,,,FALSE,FALSE,FALSE,FALSE,FALSE,FALSE,FALSE,FALSE,FALSE,,FALSE,FALSE,FALSE,FALSE,TRUE,TRUE,TRUE,TRUE,TRUE,TRUE,TRUE,TRUE,TRUE,,,,,,,,,,,,
,,,0/9,0,FALSE,,,,,,,,,,,,,,,,,,,,,,,,,,,,,,,,FALSE,FALSE,FALSE,FALSE,FALSE,FALSE,FALSE,FALSE,FALSE,FALSE,FALSE,,,FALSE,FALSE,FALSE,FALSE,FALSE,FALSE,FALSE,FALSE,FALSE,,FALSE,FALSE,FALSE,FALSE,TRUE,TRUE,TRUE,TRUE,TRUE,TRUE,TRUE,TRUE,TRUE,,,,,,,,,,,,
,,,0/9,0,FALSE,,,,,,,,,,,,,,,,,,,,,,,,,,,,,,,,FALSE,FALSE,FALSE,FALSE,FALSE,FALSE,FALSE,FALSE,FALSE,FALSE,FALSE,,,FALSE,FALSE,FALSE,FALSE,FALSE,FALSE,FALSE,FALSE,FALSE,,FALSE,FALSE,FALSE,FALSE,TRUE,TRUE,TRUE,TRUE,TRUE,TRUE,TRUE,TRUE,TRUE,,,,,,,,,,,,
,,,0/9,0,FALSE,,,,,,,,,,,,,,,,,,,,,,,,,,,,,,,,FALSE,FALSE,FALSE,FALSE,FALSE,FALSE,FALSE,FALSE,FALSE,FALSE,FALSE,,,FALSE,FALSE,FALSE,FALSE,FALSE,FALSE,FALSE,FALSE,FALSE,,FALSE,FALSE,FALSE,FALSE,TRUE,TRUE,TRUE,TRUE,TRUE,TRUE,TRUE,TRUE,TRUE,,,,,,,,,,,,
,,,0/9,0,FALSE,,,,,,,,,,,,,,,,,,,,,,,,,,,,,,,,FALSE,FALSE,FALSE,FALSE,FALSE,FALSE,FALSE,FALSE,FALSE,FALSE,FALSE,,,FALSE,FALSE,FALSE,FALSE,FALSE,FALSE,FALSE,FALSE,FALSE,,FALSE,FALSE,FALSE,FALSE,TRUE,TRUE,TRUE,TRUE,TRUE,TRUE,TRUE,TRUE,TRUE,,,,,,,,,,,,
,,,0/9,0,FALSE,,,,,,,,,,,,,,,,,,,,,,,,,,,,,,,,FALSE,FALSE,FALSE,FALSE,FALSE,FALSE,FALSE,FALSE,FALSE,FALSE,FALSE,,,FALSE,FALSE,FALSE,FALSE,FALSE,FALSE,FALSE,FALSE,FALSE,,FALSE,FALSE,FALSE,FALSE,TRUE,TRUE,TRUE,TRUE,TRUE,TRUE,TRUE,TRUE,TRUE,,,,,,,,,,,,
,,,0/9,0,FALSE,,,,,,,,,,,,,,,,,,,,,,,,,,,,,,,,FALSE,FALSE,FALSE,FALSE,FALSE,FALSE,FALSE,FALSE,FALSE,FALSE,FALSE,,,FALSE,FALSE,FALSE,FALSE,FALSE,FALSE,FALSE,FALSE,FALSE,,FALSE,FALSE,FALSE,FALSE,TRUE,TRUE,TRUE,TRUE,TRUE,TRUE,TRUE,TRUE,TRUE,,,,,,,,,,,,
,,,0/9,0,FALSE,,,,,,,,,,,,,,,,,,,,,,,,,,,,,,,,FALSE,FALSE,FALSE,FALSE,FALSE,FALSE,FALSE,FALSE,FALSE,FALSE,FALSE,,,FALSE,FALSE,FALSE,FALSE,FALSE,FALSE,FALSE,FALSE,FALSE,,FALSE,FALSE,FALSE,FALSE,TRUE,TRUE,TRUE,TRUE,TRUE,TRUE,TRUE,TRUE,TRUE,,,,,,,,,,,,
,,,0/9,0,FALSE,,,,,,,,,,,,,,,,,,,,,,,,,,,,,,,,FALSE,FALSE,FALSE,FALSE,FALSE,FALSE,FALSE,FALSE,FALSE,FALSE,FALSE,,,FALSE,FALSE,FALSE,FALSE,FALSE,FALSE,FALSE,FALSE,FALSE,,FALSE,FALSE,FALSE,FALSE,TRUE,TRUE,TRUE,TRUE,TRUE,TRUE,TRUE,TRUE,TRUE,,,,,,,,,,,,
,,,0/9,0,FALSE,,,,,,,,,,,,,,,,,,,,,,,,,,,,,,,,FALSE,FALSE,FALSE,FALSE,FALSE,FALSE,FALSE,FALSE,FALSE,FALSE,FALSE,,,FALSE,FALSE,FALSE,FALSE,FALSE,FALSE,FALSE,FALSE,FALSE,,FALSE,FALSE,FALSE,FALSE,TRUE,TRUE,TRUE,TRUE,TRUE,TRUE,TRUE,TRUE,TRUE,,,,,,,,,,,,
,,,0/9,0,FALSE,,,,,,,,,,,,,,,,,,,,,,,,,,,,,,,,FALSE,FALSE,FALSE,FALSE,FALSE,FALSE,FALSE,FALSE,FALSE,FALSE,FALSE,,,FALSE,FALSE,FALSE,FALSE,FALSE,FALSE,FALSE,FALSE,FALSE,,FALSE,FALSE,FALSE,FALSE,TRUE,TRUE,TRUE,TRUE,TRUE,TRUE,TRUE,TRUE,TRUE,,,,,,,,,,,,
,,,0/9,0,FALSE,,,,,,,,,,,,,,,,,,,,,,,,,,,,,,,,FALSE,FALSE,FALSE,FALSE,FALSE,FALSE,FALSE,FALSE,FALSE,FALSE,FALSE,,,FALSE,FALSE,FALSE,FALSE,FALSE,FALSE,FALSE,FALSE,FALSE,,FALSE,FALSE,FALSE,FALSE,TRUE,TRUE,TRUE,TRUE,TRUE,TRUE,TRUE,TRUE,TRUE,,,,,,,,,,,,
,,,0/9,0,FALSE,,,,,,,,,,,,,,,,,,,,,,,,,,,,,,,,FALSE,FALSE,FALSE,FALSE,FALSE,FALSE,FALSE,FALSE,FALSE,FALSE,FALSE,,,FALSE,FALSE,FALSE,FALSE,FALSE,FALSE,FALSE,FALSE,FALSE,,FALSE,FALSE,FALSE,FALSE,TRUE,TRUE,TRUE,TRUE,TRUE,TRUE,TRUE,TRUE,TRUE,,,,,,,,,,,,
,,,0/9,0,FALSE,,,,,,,,,,,,,,,,,,,,,,,,,,,,,,,,FALSE,FALSE,FALSE,FALSE,FALSE,FALSE,FALSE,FALSE,FALSE,FALSE,FALSE,,,FALSE,FALSE,FALSE,FALSE,FALSE,FALSE,FALSE,FALSE,FALSE,,FALSE,FALSE,FALSE,FALSE,TRUE,TRUE,TRUE,TRUE,TRUE,TRUE,TRUE,TRUE,TRUE,,,,,,,,,,,,
,,,0/9,0,FALSE,,,,,,,,,,,,,,,,,,,,,,,,,,,,,,,,FALSE,FALSE,FALSE,FALSE,FALSE,FALSE,FALSE,FALSE,FALSE,FALSE,FALSE,,,FALSE,FALSE,FALSE,FALSE,FALSE,FALSE,FALSE,FALSE,FALSE,,FALSE,FALSE,FALSE,FALSE,TRUE,TRUE,TRUE,TRUE,TRUE,TRUE,TRUE,TRUE,TRUE,,,,,,,,,,,,
,,,0/9,0,FALSE,,,,,,,,,,,,,,,,,,,,,,,,,,,,,,,,FALSE,FALSE,FALSE,FALSE,FALSE,FALSE,FALSE,FALSE,FALSE,FALSE,FALSE,,,FALSE,FALSE,FALSE,FALSE,FALSE,FALSE,FALSE,FALSE,FALSE,,FALSE,FALSE,FALSE,FALSE,TRUE,TRUE,TRUE,TRUE,TRUE,TRUE,TRUE,TRUE,TRUE,,,,,,,,,,,,
,,,0/9,0,FALSE,,,,,,,,,,,,,,,,,,,,,,,,,,,,,,,,FALSE,FALSE,FALSE,FALSE,FALSE,FALSE,FALSE,FALSE,FALSE,FALSE,FALSE,,,FALSE,FALSE,FALSE,FALSE,FALSE,FALSE,FALSE,FALSE,FALSE,,FALSE,FALSE,FALSE,FALSE,TRUE,TRUE,TRUE,TRUE,TRUE,TRUE,TRUE,TRUE,TRUE,,,,,,,,,,,,
,,,0/9,0,FALSE,,,,,,,,,,,,,,,,,,,,,,,,,,,,,,,,FALSE,FALSE,FALSE,FALSE,FALSE,FALSE,FALSE,FALSE,FALSE,FALSE,FALSE,,,FALSE,FALSE,FALSE,FALSE,FALSE,FALSE,FALSE,FALSE,FALSE,,FALSE,FALSE,FALSE,FALSE,TRUE,TRUE,TRUE,TRUE,TRUE,TRUE,TRUE,TRUE,TRUE,,,,,,,,,,,,
,,,0/9,0,FALSE,,,,,,,,,,,,,,,,,,,,,,,,,,,,,,,,FALSE,FALSE,FALSE,FALSE,FALSE,FALSE,FALSE,FALSE,FALSE,FALSE,FALSE,,,FALSE,FALSE,FALSE,FALSE,FALSE,FALSE,FALSE,FALSE,FALSE,,FALSE,FALSE,FALSE,FALSE,TRUE,TRUE,TRUE,TRUE,TRUE,TRUE,TRUE,TRUE,TRUE,,,,,,,,,,,,
,,,0/9,0,FALSE,,,,,,,,,,,,,,,,,,,,,,,,,,,,,,,,FALSE,FALSE,FALSE,FALSE,FALSE,FALSE,FALSE,FALSE,FALSE,FALSE,FALSE,,,FALSE,FALSE,FALSE,FALSE,FALSE,FALSE,FALSE,FALSE,FALSE,,FALSE,FALSE,FALSE,FALSE,TRUE,TRUE,TRUE,TRUE,TRUE,TRUE,TRUE,TRUE,TRUE,,,,,,,,,,,,
,,,0/9,0,FALSE,,,,,,,,,,,,,,,,,,,,,,,,,,,,,,,,FALSE,FALSE,FALSE,FALSE,FALSE,FALSE,FALSE,FALSE,FALSE,FALSE,FALSE,,,FALSE,FALSE,FALSE,FALSE,FALSE,FALSE,FALSE,FALSE,FALSE,,FALSE,FALSE,FALSE,FALSE,TRUE,TRUE,TRUE,TRUE,TRUE,TRUE,TRUE,TRUE,TRUE,,,,,,,,,,,,
,,,0/9,0,FALSE,,,,,,,,,,,,,,,,,,,,,,,,,,,,,,,,FALSE,FALSE,FALSE,FALSE,FALSE,FALSE,FALSE,FALSE,FALSE,FALSE,FALSE,,,FALSE,FALSE,FALSE,FALSE,FALSE,FALSE,FALSE,FALSE,FALSE,,FALSE,FALSE,FALSE,FALSE,TRUE,TRUE,TRUE,TRUE,TRUE,TRUE,TRUE,TRUE,TRUE,,,,,,,,,,,,
,,,0/9,0,FALSE,,,,,,,,,,,,,,,,,,,,,,,,,,,,,,,,FALSE,FALSE,FALSE,FALSE,FALSE,FALSE,FALSE,FALSE,FALSE,FALSE,FALSE,,,FALSE,FALSE,FALSE,FALSE,FALSE,FALSE,FALSE,FALSE,FALSE,,FALSE,FALSE,FALSE,FALSE,TRUE,TRUE,TRUE,TRUE,TRUE,TRUE,TRUE,TRUE,TRUE,,,,,,,,,,,,
,,,0/9,0,FALSE,,,,,,,,,,,,,,,,,,,,,,,,,,,,,,,,FALSE,FALSE,FALSE,FALSE,FALSE,FALSE,FALSE,FALSE,FALSE,FALSE,FALSE,,,FALSE,FALSE,FALSE,FALSE,FALSE,FALSE,FALSE,FALSE,FALSE,,FALSE,FALSE,FALSE,FALSE,TRUE,TRUE,TRUE,TRUE,TRUE,TRUE,TRUE,TRUE,TRUE,,,,,,,,,,,,
,,,0/9,0,FALSE,,,,,,,,,,,,,,,,,,,,,,,,,,,,,,,,FALSE,FALSE,FALSE,FALSE,FALSE,FALSE,FALSE,FALSE,FALSE,FALSE,FALSE,,,FALSE,FALSE,FALSE,FALSE,FALSE,FALSE,FALSE,FALSE,FALSE,,FALSE,FALSE,FALSE,FALSE,TRUE,TRUE,TRUE,TRUE,TRUE,TRUE,TRUE,TRUE,TRUE,,,,,,,,,,,,
,,,0/9,0,FALSE,,,,,,,,,,,,,,,,,,,,,,,,,,,,,,,,FALSE,FALSE,FALSE,FALSE,FALSE,FALSE,FALSE,FALSE,FALSE,FALSE,FALSE,,,FALSE,FALSE,FALSE,FALSE,FALSE,FALSE,FALSE,FALSE,FALSE,,FALSE,FALSE,FALSE,FALSE,TRUE,TRUE,TRUE,TRUE,TRUE,TRUE,TRUE,TRUE,TRUE,,,,,,,,,,,,
,,,0/9,0,FALSE,,,,,,,,,,,,,,,,,,,,,,,,,,,,,,,,FALSE,FALSE,FALSE,FALSE,FALSE,FALSE,FALSE,FALSE,FALSE,FALSE,FALSE,,,FALSE,FALSE,FALSE,FALSE,FALSE,FALSE,FALSE,FALSE,FALSE,,FALSE,FALSE,FALSE,FALSE,TRUE,TRUE,TRUE,TRUE,TRUE,TRUE,TRUE,TRUE,TRUE,,,,,,,,,,,,
,,,0/9,0,FALSE,,,,,,,,,,,,,,,,,,,,,,,,,,,,,,,,FALSE,FALSE,FALSE,FALSE,FALSE,FALSE,FALSE,FALSE,FALSE,FALSE,FALSE,,,FALSE,FALSE,FALSE,FALSE,FALSE,FALSE,FALSE,FALSE,FALSE,,FALSE,FALSE,FALSE,FALSE,TRUE,TRUE,TRUE,TRUE,TRUE,TRUE,TRUE,TRUE,TRUE,,,,,,,,,,,,
,,,0/9,0,FALSE,,,,,,,,,,,,,,,,,,,,,,,,,,,,,,,,FALSE,FALSE,FALSE,FALSE,FALSE,FALSE,FALSE,FALSE,FALSE,FALSE,FALSE,,,FALSE,FALSE,FALSE,FALSE,FALSE,FALSE,FALSE,FALSE,FALSE,,FALSE,FALSE,FALSE,FALSE,TRUE,TRUE,TRUE,TRUE,TRUE,TRUE,TRUE,TRUE,TRUE,,,,,,,,,,,,
,,,0/9,0,FALSE,,,,,,,,,,,,,,,,,,,,,,,,,,,,,,,,FALSE,FALSE,FALSE,FALSE,FALSE,FALSE,FALSE,FALSE,FALSE,FALSE,FALSE,,,FALSE,FALSE,FALSE,FALSE,FALSE,FALSE,FALSE,FALSE,FALSE,,FALSE,FALSE,FALSE,FALSE,TRUE,TRUE,TRUE,TRUE,TRUE,TRUE,TRUE,TRUE,TRUE,,,,,,,,,,,,
,,,0/9,0,FALSE,,,,,,,,,,,,,,,,,,,,,,,,,,,,,,,,FALSE,FALSE,FALSE,FALSE,FALSE,FALSE,FALSE,FALSE,FALSE,FALSE,FALSE,,,FALSE,FALSE,FALSE,FALSE,FALSE,FALSE,FALSE,FALSE,FALSE,,FALSE,FALSE,FALSE,FALSE,TRUE,TRUE,TRUE,TRUE,TRUE,TRUE,TRUE,TRUE,TRUE,,,,,,,,,,,,
,,,0/9,0,FALSE,,,,,,,,,,,,,,,,,,,,,,,,,,,,,,,,FALSE,FALSE,FALSE,FALSE,FALSE,FALSE,FALSE,FALSE,FALSE,FALSE,FALSE,,,FALSE,FALSE,FALSE,FALSE,FALSE,FALSE,FALSE,FALSE,FALSE,,FALSE,FALSE,FALSE,FALSE,TRUE,TRUE,TRUE,TRUE,TRUE,TRUE,TRUE,TRUE,TRUE,,,,,,,,,,,,
,,,0/9,0,FALSE,,,,,,,,,,,,,,,,,,,,,,,,,,,,,,,,FALSE,FALSE,FALSE,FALSE,FALSE,FALSE,FALSE,FALSE,FALSE,FALSE,FALSE,,,FALSE,FALSE,FALSE,FALSE,FALSE,FALSE,FALSE,FALSE,FALSE,,FALSE,FALSE,FALSE,FALSE,TRUE,TRUE,TRUE,TRUE,TRUE,TRUE,TRUE,TRUE,TRUE,,,,,,,,,,,,
,,,0/9,0,FALSE,,,,,,,,,,,,,,,,,,,,,,,,,,,,,,,,FALSE,FALSE,FALSE,FALSE,FALSE,FALSE,FALSE,FALSE,FALSE,FALSE,FALSE,,,FALSE,FALSE,FALSE,FALSE,FALSE,FALSE,FALSE,FALSE,FALSE,,FALSE,FALSE,FALSE,FALSE,TRUE,TRUE,TRUE,TRUE,TRUE,TRUE,TRUE,TRUE,TRUE,,,,,,,,,,,,
,,,0/9,0,FALSE,,,,,,,,,,,,,,,,,,,,,,,,,,,,,,,,FALSE,FALSE,FALSE,FALSE,FALSE,FALSE,FALSE,FALSE,FALSE,FALSE,FALSE,,,FALSE,FALSE,FALSE,FALSE,FALSE,FALSE,FALSE,FALSE,FALSE,,FALSE,FALSE,FALSE,FALSE,TRUE,TRUE,TRUE,TRUE,TRUE,TRUE,TRUE,TRUE,TRUE,,,,,,,,,,,,
,,,0/9,0,FALSE,,,,,,,,,,,,,,,,,,,,,,,,,,,,,,,,FALSE,FALSE,FALSE,FALSE,FALSE,FALSE,FALSE,FALSE,FALSE,FALSE,FALSE,,,FALSE,FALSE,FALSE,FALSE,FALSE,FALSE,FALSE,FALSE,FALSE,,FALSE,FALSE,FALSE,FALSE,TRUE,TRUE,TRUE,TRUE,TRUE,TRUE,TRUE,TRUE,TRUE,,,,,,,,,,,,
,,,0/9,0,FALSE,,,,,,,,,,,,,,,,,,,,,,,,,,,,,,,,FALSE,FALSE,FALSE,FALSE,FALSE,FALSE,FALSE,FALSE,FALSE,FALSE,FALSE,,,FALSE,FALSE,FALSE,FALSE,FALSE,FALSE,FALSE,FALSE,FALSE,,FALSE,FALSE,FALSE,FALSE,TRUE,TRUE,TRUE,TRUE,TRUE,TRUE,TRUE,TRUE,TRUE,,,,,,,,,,,,
,,,0/9,0,FALSE,,,,,,,,,,,,,,,,,,,,,,,,,,,,,,,,FALSE,FALSE,FALSE,FALSE,FALSE,FALSE,FALSE,FALSE,FALSE,FALSE,FALSE,,,FALSE,FALSE,FALSE,FALSE,FALSE,FALSE,FALSE,FALSE,FALSE,,FALSE,FALSE,FALSE,FALSE,TRUE,TRUE,TRUE,TRUE,TRUE,TRUE,TRUE,TRUE,TRUE,,,,,,,,,,,,
,,,0/9,0,FALSE,,,,,,,,,,,,,,,,,,,,,,,,,,,,,,,,FALSE,FALSE,FALSE,FALSE,FALSE,FALSE,FALSE,FALSE,FALSE,FALSE,FALSE,,,FALSE,FALSE,FALSE,FALSE,FALSE,FALSE,FALSE,FALSE,FALSE,,FALSE,FALSE,FALSE,FALSE,TRUE,TRUE,TRUE,TRUE,TRUE,TRUE,TRUE,TRUE,TRUE,,,,,,,,,,,,
,,,0/9,0,FALSE,,,,,,,,,,,,,,,,,,,,,,,,,,,,,,,,FALSE,FALSE,FALSE,FALSE,FALSE,FALSE,FALSE,FALSE,FALSE,FALSE,FALSE,,,FALSE,FALSE,FALSE,FALSE,FALSE,FALSE,FALSE,FALSE,FALSE,,FALSE,FALSE,FALSE,FALSE,TRUE,TRUE,TRUE,TRUE,TRUE,TRUE,TRUE,TRUE,TRUE,,,,,,,,,,,,
,,,0/9,0,FALSE,,,,,,,,,,,,,,,,,,,,,,,,,,,,,,,,FALSE,FALSE,FALSE,FALSE,FALSE,FALSE,FALSE,FALSE,FALSE,FALSE,FALSE,,,FALSE,FALSE,FALSE,FALSE,FALSE,FALSE,FALSE,FALSE,FALSE,,FALSE,FALSE,FALSE,FALSE,TRUE,TRUE,TRUE,TRUE,TRUE,TRUE,TRUE,TRUE,TRUE,,,,,,,,,,,,
,,,0/9,0,FALSE,,,,,,,,,,,,,,,,,,,,,,,,,,,,,,,,FALSE,FALSE,FALSE,FALSE,FALSE,FALSE,FALSE,FALSE,FALSE,FALSE,FALSE,,,FALSE,FALSE,FALSE,FALSE,FALSE,FALSE,FALSE,FALSE,FALSE,,FALSE,FALSE,FALSE,FALSE,TRUE,TRUE,TRUE,TRUE,TRUE,TRUE,TRUE,TRUE,TRUE,,,,,,,,,,,,
,,,0/9,0,FALSE,,,,,,,,,,,,,,,,,,,,,,,,,,,,,,,,FALSE,FALSE,FALSE,FALSE,FALSE,FALSE,FALSE,FALSE,FALSE,FALSE,FALSE,,,FALSE,FALSE,FALSE,FALSE,FALSE,FALSE,FALSE,FALSE,FALSE,,FALSE,FALSE,FALSE,FALSE,TRUE,TRUE,TRUE,TRUE,TRUE,TRUE,TRUE,TRUE,TRUE,,,,,,,,,,,,
,,,0/9,0,FALSE,,,,,,,,,,,,,,,,,,,,,,,,,,,,,,,,FALSE,FALSE,FALSE,FALSE,FALSE,FALSE,FALSE,FALSE,FALSE,FALSE,FALSE,,,FALSE,FALSE,FALSE,FALSE,FALSE,FALSE,FALSE,FALSE,FALSE,,FALSE,FALSE,FALSE,FALSE,TRUE,TRUE,TRUE,TRUE,TRUE,TRUE,TRUE,TRUE,TRUE,,,,,,,,,,,,
,,,0/9,0,FALSE,,,,,,,,,,,,,,,,,,,,,,,,,,,,,,,,FALSE,FALSE,FALSE,FALSE,FALSE,FALSE,FALSE,FALSE,FALSE,FALSE,FALSE,,,FALSE,FALSE,FALSE,FALSE,FALSE,FALSE,FALSE,FALSE,FALSE,,FALSE,FALSE,FALSE,FALSE,TRUE,TRUE,TRUE,TRUE,TRUE,TRUE,TRUE,TRUE,TRUE,,,,,,,,,,,,
,,,0/9,0,FALSE,,,,,,,,,,,,,,,,,,,,,,,,,,,,,,,,FALSE,FALSE,FALSE,FALSE,FALSE,FALSE,FALSE,FALSE,FALSE,FALSE,FALSE,,,FALSE,FALSE,FALSE,FALSE,FALSE,FALSE,FALSE,FALSE,FALSE,,FALSE,FALSE,FALSE,FALSE,TRUE,TRUE,TRUE,TRUE,TRUE,TRUE,TRUE,TRUE,TRUE,,,,,,,,,,,,
,,,0/9,0,FALSE,,,,,,,,,,,,,,,,,,,,,,,,,,,,,,,,FALSE,FALSE,FALSE,FALSE,FALSE,FALSE,FALSE,FALSE,FALSE,FALSE,FALSE,,,FALSE,FALSE,FALSE,FALSE,FALSE,FALSE,FALSE,FALSE,FALSE,,FALSE,FALSE,FALSE,FALSE,TRUE,TRUE,TRUE,TRUE,TRUE,TRUE,TRUE,TRUE,TRUE,,,,,,,,,,,,
,,,0/9,0,FALSE,,,,,,,,,,,,,,,,,,,,,,,,,,,,,,,,FALSE,FALSE,FALSE,FALSE,FALSE,FALSE,FALSE,FALSE,FALSE,FALSE,FALSE,,,FALSE,FALSE,FALSE,FALSE,FALSE,FALSE,FALSE,FALSE,FALSE,,FALSE,FALSE,FALSE,FALSE,TRUE,TRUE,TRUE,TRUE,TRUE,TRUE,TRUE,TRUE,TRUE,,,,,,,,,,,,
,,,0/9,0,FALSE,,,,,,,,,,,,,,,,,,,,,,,,,,,,,,,,FALSE,FALSE,FALSE,FALSE,FALSE,FALSE,FALSE,FALSE,FALSE,FALSE,FALSE,,,FALSE,FALSE,FALSE,FALSE,FALSE,FALSE,FALSE,FALSE,FALSE,,FALSE,FALSE,FALSE,FALSE,TRUE,TRUE,TRUE,TRUE,TRUE,TRUE,TRUE,TRUE,TRUE,,,,,,,,,,,,
,,,0/9,0,FALSE,,,,,,,,,,,,,,,,,,,,,,,,,,,,,,,,FALSE,FALSE,FALSE,FALSE,FALSE,FALSE,FALSE,FALSE,FALSE,FALSE,FALSE,,,FALSE,FALSE,FALSE,FALSE,FALSE,FALSE,FALSE,FALSE,FALSE,,FALSE,FALSE,FALSE,FALSE,TRUE,TRUE,TRUE,TRUE,TRUE,TRUE,TRUE,TRUE,TRUE,,,,,,,,,,,,
,,,0/9,0,FALSE,,,,,,,,,,,,,,,,,,,,,,,,,,,,,,,,FALSE,FALSE,FALSE,FALSE,FALSE,FALSE,FALSE,FALSE,FALSE,FALSE,FALSE,,,FALSE,FALSE,FALSE,FALSE,FALSE,FALSE,FALSE,FALSE,FALSE,,FALSE,FALSE,FALSE,FALSE,TRUE,TRUE,TRUE,TRUE,TRUE,TRUE,TRUE,TRUE,TRUE,,,,,,,,,,,,
,,,0/9,0,FALSE,,,,,,,,,,,,,,,,,,,,,,,,,,,,,,,,FALSE,FALSE,FALSE,FALSE,FALSE,FALSE,FALSE,FALSE,FALSE,FALSE,FALSE,,,FALSE,FALSE,FALSE,FALSE,FALSE,FALSE,FALSE,FALSE,FALSE,,FALSE,FALSE,FALSE,FALSE,TRUE,TRUE,TRUE,TRUE,TRUE,TRUE,TRUE,TRUE,TRUE,,,,,,,,,,,,
,,,0/9,0,FALSE,,,,,,,,,,,,,,,,,,,,,,,,,,,,,,,,FALSE,FALSE,FALSE,FALSE,FALSE,FALSE,FALSE,FALSE,FALSE,FALSE,FALSE,,,FALSE,FALSE,FALSE,FALSE,FALSE,FALSE,FALSE,FALSE,FALSE,,FALSE,FALSE,FALSE,FALSE,TRUE,TRUE,TRUE,TRUE,TRUE,TRUE,TRUE,TRUE,TRUE,,,,,,,,,,,,
,,,0/9,0,FALSE,,,,,,,,,,,,,,,,,,,,,,,,,,,,,,,,FALSE,FALSE,FALSE,FALSE,FALSE,FALSE,FALSE,FALSE,FALSE,FALSE,FALSE,,,FALSE,FALSE,FALSE,FALSE,FALSE,FALSE,FALSE,FALSE,FALSE,,FALSE,FALSE,FALSE,FALSE,TRUE,TRUE,TRUE,TRUE,TRUE,TRUE,TRUE,TRUE,TRUE,,,,,,,,,,,,
,,,0/9,0,FALSE,,,,,,,,,,,,,,,,,,,,,,,,,,,,,,,,FALSE,FALSE,FALSE,FALSE,FALSE,FALSE,FALSE,FALSE,FALSE,FALSE,FALSE,,,FALSE,FALSE,FALSE,FALSE,FALSE,FALSE,FALSE,FALSE,FALSE,,FALSE,FALSE,FALSE,FALSE,TRUE,TRUE,TRUE,TRUE,TRUE,TRUE,TRUE,TRUE,TRUE,,,,,,,,,,,,